Order_ID,Order_Date,Customer_ID,Segment,Region,Category,Quantity,Unit_Price,Discount,Sales,Profit
ORD-101157,2023-01-01,CUST-0681,Consumer,North,Office Supplies,6,35.86,0.0,215.16,38.14
ORD-101836,2023-01-01,CUST-0637,Corporate,Central,Office Supplies,3,80.3,0.3,168.63,-26.65
ORD-103502,2023-01-01,CUST-0350,Corporate,South,Office Supplies,7,99.84,0.0,698.88,138.89
ORD-101220,2023-01-02,CUST-0484,Home Office,North,Furniture,10,325.92,0.1,2933.28,-27.74
ORD-103150,2023-01-02,CUST-0183,Consumer,North,Furniture,2,483.46,0.1,870.23,5.33
ORD-104641,2023-01-02,CUST-0038,Home Office,South,Furniture,7,467.27,0.1,2943.8,62.87
ORD-100743,2023-01-02,CUST-0798,Consumer,North,Technology,10,286.72,0.05,2723.84,511.51
ORD-103452,2023-01-02,CUST-0257,Consumer,East,Office Supplies,10,96.18,0.0,961.8,153.61
ORD-102879,2023-01-02,CUST-0461,Consumer,East,Office Supplies,5,10.8,0.05,51.3,6.19
ORD-104418,2023-01-03,CUST-0284,Consumer,South,Office Supplies,9,58.54,0.1,474.17,89.18
ORD-103876,2023-01-03,CUST-0517,Corporate,East,Technology,9,1032.49,0.0,9292.41,2195.57
ORD-104552,2023-01-03,CUST-0066,Home Office,North,Technology,7,698.88,0.1,4402.94,675.78
ORD-100740,2023-01-03,CUST-0477,Home Office,West,Office Supplies,10,36.0,0.1,324.0,32.38
ORD-102730,2023-01-04,CUST-0722,Corporate,South,Furniture,7,473.06,0.2,2649.14,-228.66
ORD-103491,2023-01-04,CUST-0079,Consumer,East,Furniture,5,347.44,0.0,1737.2,235.76
ORD-100997,2023-01-04,CUST-0019,Consumer,North,Technology,8,1016.11,0.0,8128.88,1095.9
ORD-104314,2023-01-05,CUST-0692,Home Office,South,Furniture,4,114.69,0.0,458.76,-19.23
ORD-103206,2023-01-05,CUST-0304,Consumer,North,Office Supplies,10,68.65,0.0,686.5,75.41
ORD-101616,2023-01-06,CUST-0294,Consumer,East,Technology,10,907.07,0.0,9070.7,653.27
ORD-103605,2023-01-06,CUST-0395,Consumer,North,Technology,2,1102.46,0.2,1763.94,-17.95
ORD-100810,2023-01-06,CUST-0314,Consumer,Central,Office Supplies,7,143.64,0.05,955.21,156.33
ORD-100646,2023-01-06,CUST-0281,Corporate,West,Technology,6,112.23,0.0,673.38,127.07
ORD-104772,2023-01-06,CUST-0335,Corporate,North,Furniture,10,521.86,0.0,5218.6,297.45
ORD-103178,2023-01-06,CUST-0263,Consumer,South,Furniture,6,239.76,0.0,1438.56,153.29
ORD-102584,2023-01-06,CUST-0686,Home Office,North,Office Supplies,10,110.35,0.05,1048.32,100.08
ORD-102298,2023-01-07,CUST-0654,Home Office,South,Office Supplies,6,113.57,0.05,647.35,48.23
ORD-100774,2023-01-07,CUST-0159,Consumer,South,Technology,5,543.12,0.2,2172.48,146.45
ORD-101313,2023-01-07,CUST-0730,Corporate,North,Furniture,3,488.82,0.1,1319.81,42.93
ORD-103037,2023-01-07,CUST-0169,Corporate,East,Office Supplies,9,145.05,0.3,913.82,-54.34
ORD-101322,2023-01-08,CUST-0419,Home Office,East,Technology,8,932.07,0.1,6710.9,250.35
ORD-100422,2023-01-08,CUST-0696,Corporate,South,Office Supplies,8,63.01,0.0,504.08,49.94
ORD-104774,2023-01-08,CUST-0621,Consumer,South,Technology,9,795.6,0.0,7160.4,1448.45
ORD-104155,2023-01-09,CUST-0795,Corporate,East,Office Supplies,8,47.31,0.3,264.94,-30.27
ORD-103462,2023-01-09,CUST-0437,Consumer,Central,Furniture,9,302.25,0.05,2584.24,192.62
ORD-100594,2023-01-10,CUST-0516,Consumer,West,Furniture,8,301.39,0.05,2290.56,175.65
ORD-100051,2023-01-10,CUST-0488,Home Office,Central,Technology,8,675.72,0.05,5135.47,881.21
ORD-103438,2023-01-10,CUST-0289,Corporate,Central,Office Supplies,1,90.85,0.2,72.68,-2.9
ORD-104280,2023-01-10,CUST-0482,Home Office,North,Furniture,1,590.18,0.0,590.18,72.08
ORD-102921,2023-01-10,CUST-0180,Home Office,East,Technology,4,608.85,0.0,2435.4,635.42
ORD-104990,2023-01-10,CUST-0538,Consumer,West,Furniture,9,225.56,0.05,1928.54,96.11
ORD-101100,2023-01-10,CUST-0711,Consumer,South,Furniture,5,110.16,0.2,440.64,-4.86
ORD-102383,2023-01-12,CUST-0109,Consumer,East,Office Supplies,8,129.9,0.05,987.24,94.79
ORD-100765,2023-01-13,CUST-0627,Consumer,Central,Furniture,8,425.3,0.0,3402.4,536.57
ORD-104965,2023-01-13,CUST-0441,Consumer,East,Technology,8,650.81,0.3,3644.54,-45.93
ORD-103376,2023-01-14,CUST-0283,Corporate,West,Technology,9,175.42,0.0,1578.78,342.91
ORD-102393,2023-01-15,CUST-0631,Corporate,Central,Technology,7,135.68,0.05,902.27,225.68
ORD-101910,2023-01-15,CUST-0169,Corporate,East,Furniture,7,157.47,0.0,1102.29,95.38
ORD-100534,2023-01-15,CUST-0714,Corporate,North,Furniture,9,182.49,0.2,1313.93,-150.01
ORD-102939,2023-01-15,CUST-0693,Consumer,West,Office Supplies,4,65.43,0.2,209.38,11.58
ORD-104837,2023-01-15,CUST-0370,Corporate,West,Office Supplies,3,122.29,0.0,366.87,53.04
ORD-102718,2023-01-16,CUST-0669,Consumer,East,Office Supplies,7,68.24,0.0,477.68,78.57
ORD-102957,2023-01-16,CUST-0198,Home Office,Central,Office Supplies,4,35.17,0.0,140.68,30.31
ORD-101951,2023-01-16,CUST-0177,Consumer,East,Technology,2,933.36,0.3,1306.7,-119.71
ORD-100394,2023-01-17,CUST-0215,Consumer,South,Furniture,7,96.14,0.05,639.33,46.98
ORD-103320,2023-01-17,CUST-0336,Consumer,East,Technology,10,782.96,0.0,7829.6,1988.26
ORD-100840,2023-01-17,CUST-0787,Consumer,West,Office Supplies,9,119.79,0.0,1078.11,115.61
ORD-104304,2023-01-17,CUST-0024,Consumer,South,Technology,5,1051.88,0.05,4996.43,787.07
ORD-102538,2023-01-17,CUST-0136,Consumer,West,Office Supplies,9,21.09,0.0,189.81,51.85
ORD-103217,2023-01-18,CUST-0087,Consumer,Central,Office Supplies,10,25.17,0.0,251.7,61.36
ORD-102022,2023-01-19,CUST-0777,Consumer,North,Furniture,5,526.88,0.0,2634.4,456.5
ORD-103995,2023-01-19,CUST-0314,Consumer,Central,Office Supplies,5,138.09,0.05,655.93,69.31
ORD-104417,2023-01-19,CUST-0139,Corporate,South,Office Supplies,3,24.84,0.3,52.16,-3.37
ORD-102114,2023-01-19,CUST-0528,Corporate,South,Furniture,3,128.42,0.2,308.21,-16.58
ORD-104221,2023-01-19,CUST-0767,Home Office,,Office Supplies,7,139.56,0.1,879.23,53.84
ORD-100204,2023-01-19,CUST-0541,Consumer,South,Office Supplies,3,12.83,0.0,38.49,6.01
ORD-100518,2023-01-20,CUST-0416,Home Office,South,Office Supplies,5,111.56,0.05,529.91,32.6
ORD-103800,2023-01-21,CUST-0328,Consumer,Central,Office Supplies,2,71.01,0.3,99.41,-7.17
ORD-101567,2023-01-21,CUST-0693,Consumer,West,Technology,9,221.07,0.3,1392.74,-119.56
ORD-102570,2023-01-21,CUST-0156,Corporate,Central,Technology,8,1176.18,0.0,9409.44,1776.8
ORD-104815,2023-01-21,CUST-0461,Consumer,East,Office Supplies,5,115.18,0.1,518.31,42.1
ORD-102051,2023-01-22,CUST-0697,Corporate,East,Technology,6,964.47,0.3,4050.77,-426.58
ORD-103070,2023-01-22,CUST-0407,Corporate,Central,Technology,9,1197.91,0.3,7546.83,-923.28
ORD-102533,2023-01-22,CUST-0060,Home Office,East,Office Supplies,7,66.71,0.05,443.62,48.78
ORD-103531,2023-01-22,CUST-0515,Consumer,Central,Office Supplies,8,133.05,0.2,851.52,37.77
ORD-100811,2023-01-22,CUST-0584,Corporate,North,Technology,2,1165.15,0.05,2213.78,414.45
ORD-104791,2023-01-23,CUST-0719,Consumer,Central,Office Supplies,1,134.83,0.1,121.35,9.5
ORD-100238,2023-01-24,CUST-0326,Consumer,West,Technology,8,861.89,0.0,6895.12,1418.08
ORD-101948,2023-01-24,CUST-0144,Corporate,East,Technology,9,764.93,0.1,6195.93,1303.9
ORD-100682,2023-01-24,CUST-0558,Consumer,West,Technology,4,878.33,0.1,3161.99,310.44
ORD-100825,2023-01-24,CUST-0265,Corporate,East,Office Supplies,7,96.02,0.0,672.14,75.28
ORD-101928,2023-01-25,CUST-0776,Consumer,South,Office Supplies,5,111.01,0.0,555.05,157.35
ORD-104500,2023-01-25,CUST-0493,Consumer,Central,Office Supplies,9,124.49,0.1,1008.37,73.06
ORD-104336,2023-01-25,CUST-0393,Consumer,North,Office Supplies,2,83.78,0.05,159.18,21.46
ORD-100796,2023-01-26,CUST-0300,Consumer,West,Furniture,9,599.54,0.0,5395.86,0.42
ORD-104402,2023-01-26,CUST-0279,Consumer,North,Technology,6,272.98,0.1,1474.09,172.09
ORD-104166,2023-01-26,CUST-0705,Consumer,Central,Technology,7,419.36,0.3,2054.86,-66.93
ORD-102872,2023-01-27,CUST-0097,Consumer,North,Technology,3,874.41,0.0,2623.23,543.36
ORD-104449,2023-01-27,CUST-0528,Corporate,South,Furniture,7,530.68,0.0,3714.76,452.93
ORD-103458,2023-01-27,CUST-0058,Consumer,Central,Furniture,6,584.21,0.0,3505.26,536.76
ORD-101044,2023-01-27,CUST-0173,Home Office,North,Office Supplies,9,141.09,0.2,1015.85,143.37
ORD-104135,2023-01-27,CUST-0758,Consumer,West,Furniture,2,511.73,0.1,921.11,-21.31
ORD-103804,2023-01-27,CUST-0574,Consumer,North,Office Supplies,10,54.49,0.05,517.66,89.98
ORD-103878,2023-01-27,CUST-0700,Consumer,West,Technology,9,778.42,0.2,5604.62,-46.76
ORD-100269,2023-01-28,CUST-0700,Consumer,West,Office Supplies,2,121.11,0.0,242.22,55.48
ORD-101893,2023-01-28,CUST-0046,Consumer,North,Technology,9,631.08,0.0,5679.72,691.57
ORD-104247,2023-01-28,CUST-0695,Home Office,North,Office Supplies,7,82.71,0.0,578.97,102.81
ORD-102030,2023-01-29,CUST-0575,Home Office,South,Office Supplies,7,65.43,0.0,458.01,91.84
ORD-101901,2023-01-29,CUST-0278,Home Office,Central,Office Supplies,5,36.33,0.1,163.48,13.65
ORD-100149,2023-01-29,CUST-0788,Home Office,North,Office Supplies,6,40.52,0.0,243.12,38.41
ORD-102037,2023-01-30,CUST-0596,Home Office,West,Technology,10,1159.59,0.1,10436.31,478.58
ORD-100084,2023-01-30,CUST-0141,Consumer,South,Office Supplies,8,126.72,0.1,912.38,56.5
ORD-103792,2023-01-31,CUST-0667,Corporate,Central,Technology,5,956.82,0.0,4784.1,1113.17
ORD-104858,2023-01-31,CUST-0800,Consumer,North,Office Supplies,1,50.85,0.2,40.68,0.84
ORD-100135,2023-01-31,CUST-0286,Home Office,South,Furniture,9,490.23,0.2,3529.66,-464.15
ORD-101068,2023-01-31,CUST-0331,Home Office,East,Office Supplies,10,32.79,0.05,311.5,27.66
ORD-100871,2023-01-31,CUST-0074,Consumer,Central,Office Supplies,8,51.83,0.0,414.64,76.61
ORD-102886,2023-02-01,CUST-0641,Consumer,North,Office Supplies,2,110.12,0.0,220.24,28.6
ORD-101355,2023-02-01,CUST-0463,Corporate,East,Furniture,10,532.21,0.0,5322.1,898.04
ORD-102349,2023-02-01,CUST-0341,Home Office,South,Technology,2,949.82,0.0,1899.64,293.3
ORD-100226,2023-02-02,CUST-0272,Consumer,West,Office Supplies,1,62.7,0.0,62.7,13.44
ORD-104337,2023-02-02,CUST-0428,Consumer,Central,Office Supplies,3,96.1,0.0,288.3,49.29
ORD-101720,2023-02-02,CUST-0377,Corporate,South,Furniture,3,423.23,0.3,888.78,-120.62
ORD-103698,2023-02-02,CUST-0312,Corporate,North,Furniture,6,497.0,0.05,2832.9,79.55
ORD-104558,2023-02-02,CUST-0381,Consumer,South,Furniture,5,239.98,0.0,1199.9,100.83
ORD-102556,2023-02-02,CUST-0154,Consumer,West,Furniture,10,402.25,0.05,3821.38,-35.66
ORD-100589,2023-02-02,CUST-0610,Corporate,West,Furniture,5,273.63,0.3,957.7,-112.51
ORD-102129,2023-02-03,CUST-0266,Consumer,Central,Technology,5,221.55,0.2,886.2,30.26
ORD-103307,2023-02-03,CUST-0421,Corporate,South,Office Supplies,1,73.23,0.0,73.23,9.5
ORD-101317,2023-02-04,CUST-0107,Corporate,West,Office Supplies,8,130.33,0.05,990.51,166.81
ORD-103299,2023-02-04,CUST-0250,Home Office,South,Office Supplies,1,87.02,0.0,87.02,10.71
ORD-102580,2023-02-04,CUST-0401,Consumer,Central,Furniture,2,591.8,0.1,1065.24,-23.55
ORD-101204,2023-02-04,CUST-0232,Consumer,Central,Office Supplies,5,55.47,0.05,263.48,0.23
ORD-104379,2023-02-04,CUST-0528,Corporate,South,Office Supplies,7,148.31,0.2,830.54,-30.97
ORD-103332,2023-02-04,CUST-0633,Home Office,West,Office Supplies,4,86.34,0.05,328.09,64.53
ORD-103191,2023-02-05,CUST-0280,Corporate,North,Furniture,3,251.29,0.0,753.87,122.62
ORD-101742,2023-02-05,CUST-0447,Home Office,East,Office Supplies,9,106.54,0.0,958.86,120.28
ORD-102814,2023-02-07,CUST-0090,Consumer,Central,Technology,7,232.82,0.1,1466.77,264.55
ORD-103393,2023-02-07,CUST-0275,Corporate,South,Technology,1,206.43,0.2,165.14,10.67
ORD-103861,2023-02-07,CUST-0194,Consumer,East,Technology,4,991.16,0.3,2775.25,-28.34
ORD-104074,2023-02-08,CUST-0646,Corporate,North,Technology,6,981.46,0.0,5888.76,1468.11
ORD-100649,2023-02-08,CUST-0117,Consumer,East,Furniture,9,528.5,0.0,4756.5,679.4
ORD-100414,2023-02-08,CUST-0268,Consumer,West,Technology,9,543.55,0.05,4647.35,769.84
ORD-100794,2023-02-09,CUST-0240,Consumer,North,Furniture,1,224.83,0.3,157.38,-21.19
ORD-104541,2023-02-09,CUST-0689,Corporate,South,Technology,10,150.01,0.0,1500.1,410.46
ORD-103641,2023-02-09,CUST-0527,Consumer,North,Office Supplies,10,59.4,0.0,594.0,76.74
ORD-104429,2023-02-09,CUST-0653,Corporate,Central,Furniture,4,359.3,0.1,1293.48,86.5
ORD-100971,2023-02-09,CUST-0731,Consumer,East,Office Supplies,7,33.3,0.1,209.79,11.22
ORD-104256,2023-02-10,CUST-0676,Home Office,South,Technology,6,837.52,0.2,4020.1,166.25
ORD-101728,2023-02-10,CUST-0794,Consumer,North,Technology,2,139.63,0.0,279.26,45.68
ORD-102559,2023-02-10,CUST-0048,Consumer,Central,Technology,4,987.33,0.2,3159.46,133.89
ORD-103823,2023-02-10,CUST-0483,Home Office,East,Furniture,9,305.79,0.0,2752.11,275.58
ORD-102079,2023-02-10,CUST-0341,Home Office,South,Technology,3,534.49,0.0,1603.47,308.64
ORD-100068,2023-02-10,CUST-0248,Corporate,Central,Office Supplies,9,53.79,0.3,338.88,-36.47
ORD-100767,2023-02-11,CUST-0152,Consumer,East,Office Supplies,3,34.03,0.0,102.09,27.72
ORD-102604,2023-02-11,CUST-0676,Home Office,South,Office Supplies,10,131.89,0.0,1318.9,210.02
ORD-104146,2023-02-11,CUST-0319,Home Office,West,Technology,6,1112.1,0.0,6672.6,1472.75
ORD-104968,2023-02-11,CUST-0303,Consumer,East,Office Supplies,2,91.88,0.2,147.01,-9.8
ORD-101840,2023-02-12,CUST-0427,Consumer,South,Office Supplies,10,58.39,0.0,583.9,97.22
ORD-102320,2023-02-12,CUST-0122,Corporate,North,Technology,4,299.12,0.05,1136.66,291.03
ORD-102697,2023-02-12,CUST-0396,Corporate,Central,Office Supplies,2,89.49,0.2,143.18,-9.06
ORD-102017,2023-02-12,CUST-0627,Consumer,Central,Office Supplies,4,124.97,0.2,399.9,-10.22
ORD-103350,2023-02-13,CUST-0035,Consumer,North,Office Supplies,10,78.95,0.0,789.5,175.59
ORD-102749,2023-02-13,CUST-0228,Consumer,South,Office Supplies,2,45.82,0.1,82.48,-0.08
ORD-102121,2023-02-13,CUST-0509,Home Office,South,Furniture,8,245.86,0.0,1966.88,195.9
ORD-104231,2023-02-13,CUST-0718,Corporate,East,Office Supplies,10,64.02,0.0,640.2,115.05
ORD-103281,2023-02-14,CUST-0019,Consumer,North,Furniture,4,186.55,0.0,746.2,123.09
ORD-102500,2023-02-14,CUST-0140,Consumer,North,Office Supplies,10,40.84,0.0,408.4,119.4
ORD-104142,2023-02-14,CUST-0626,Consumer,West,Office Supplies,2,118.89,0.0,237.78,50.35
ORD-102151,2023-02-15,CUST-0419,Home Office,East,Technology,2,386.01,0.0,772.02,158.22
ORD-102918,2023-02-15,CUST-0074,Consumer,Central,Technology,4,784.82,0.0,3139.28,572.09
ORD-101160,2023-02-15,CUST-0375,Corporate,West,Furniture,7,203.67,0.05,1354.41,101.97
ORD-104672,2023-02-15,CUST-0159,Consumer,South,Furniture,6,581.51,0.0,3489.06,328.62
ORD-101659,2023-02-16,CUST-0634,Home Office,East,Office Supplies,7,47.08,0.0,329.56,60.06
ORD-103453,2023-02-16,CUST-0028,Corporate,South,Office Supplies,8,58.25,0.05,442.7,44.96
ORD-101432,2023-02-16,CUST-0412,Consumer,South,Technology,1,974.69,0.0,974.69,251.52
ORD-101381,2023-02-17,CUST-0437,Consumer,Central,Furniture,4,364.23,0.2,1165.54,-173.43
ORD-100484,2023-02-17,CUST-0088,Home Office,South,Office Supplies,4,138.54,0.0,554.16,127.87
ORD-102869,2023-02-17,CUST-0480,Consumer,South,Office Supplies,8,12.87,0.1,92.66,7.65
ORD-100722,2023-02-17,CUST-0025,Consumer,South,Office Supplies,1,63.79,0.2,51.03,-2.39
ORD-103933,2023-02-17,CUST-0431,Consumer,North,Technology,10,1090.39,0.05,10358.71,975.34
ORD-104745,2023-02-17,CUST-0429,Consumer,East,Technology,9,166.83,0.0,1501.47,364.25
ORD-103371,2023-02-17,CUST-0283,Corporate,West,Furniture,10,209.45,0.0,2094.5,215.96
ORD-100421,2023-02-17,CUST-0361,Corporate,North,Office Supplies,1,45.83,0.0,45.83,8.58
ORD-102275,2023-02-17,CUST-0153,Corporate,South,Technology,5,789.2,0.0,3946.0,887.83
ORD-104567,2023-02-18,CUST-0107,Corporate,West,Technology,6,580.99,0.0,3485.94,756.65
ORD-100632,2023-02-18,CUST-0433,Consumer,West,Technology,6,185.11,0.1,999.59,138.03
ORD-100163,2023-02-19,CUST-0466,Home Office,North,Office Supplies,10,68.84,0.1,619.56,80.16
ORD-103254,2023-02-19,CUST-0418,Consumer,Central,Office Supplies,6,96.69,0.1,522.13,52.73
ORD-101314,2023-02-20,CUST-0636,Consumer,West,Office Supplies,7,68.15,0.05,453.2,60.6
ORD-101619,2023-02-20,CUST-0604,Corporate,North,Technology,7,204.73,0.05,1361.45,216.13
ORD-103352,2023-02-20,CUST-0273,Consumer,South,Furniture,7,440.57,0.3,2158.79,-515.89
ORD-104643,2023-02-21,CUST-0030,Consumer,South,Furniture,10,391.72,0.0,3917.2,132.46
ORD-102096,2023-02-21,CUST-0254,Home Office,West,Furniture,1,103.41,0.0,103.41,18.61
ORD-103690,2023-02-21,CUST-0630,Consumer,North,Technology,9,699.94,0.0,6299.46,1407.33
ORD-103885,2023-02-21,CUST-0439,Consumer,North,Technology,7,1197.54,0.1,7544.5,1415.02
ORD-102228,2023-02-21,CUST-0447,Home Office,East,Office Supplies,1,60.18,0.05,57.17,8.75
ORD-103175,2023-02-22,CUST-0774,Corporate,West,Technology,8,162.66,0.0,1301.28,183.46
ORD-102813,2023-02-22,CUST-0770,Consumer,South,Furniture,5,478.06,0.0,2390.3,147.42
ORD-100434,2023-02-22,CUST-0488,Home Office,Central,Furniture,8,455.5,0.0,3644.0,223.83
ORD-102295,2023-02-22,CUST-0262,Home Office,North,Office Supplies,7,88.82,0.0,621.74,75.2
ORD-102117,2023-02-22,CUST-0647,Consumer,West,Office Supplies,8,65.73,0.05,499.55,95.36
ORD-103837,2023-02-22,CUST-0225,Home Office,South,Office Supplies,9,32.41,0.2,233.35,10.39
ORD-101363,2023-02-22,CUST-0299,Consumer,South,Furniture,9,171.76,0.0,1545.84,207.82
ORD-101018,2023-02-23,CUST-0128,Home Office,South,Office Supplies,6,9.94,0.0,59.64,8.06
ORD-103442,2023-02-23,CUST-0018,Corporate,South,Office Supplies,9,81.82,0.0,736.38,140.86
ORD-100619,2023-02-23,CUST-0226,Consumer,West,Furniture,7,355.54,0.3,1742.15,-211.4
ORD-104473,2023-02-23,CUST-0292,Corporate,North,Technology,2,1105.52,0.3,1547.73,-174.59
ORD-101385,2023-02-23,CUST-0428,Consumer,Central,Office Supplies,5,125.16,0.05,594.51,99.68
ORD-104440,2023-02-23,CUST-0202,Corporate,East,Office Supplies,6,96.98,0.05,552.79,61.41
ORD-100124,2023-02-24,CUST-0726,Consumer,Central,Office Supplies,5,18.81,0.05,89.35,10.44
ORD-102566,2023-02-24,CUST-0369,Corporate,South,Office Supplies,6,101.39,0.05,577.92,79.5
ORD-100725,2023-02-24,CUST-0114,Consumer,West,Office Supplies,5,69.13,0.0,345.65,50.97
ORD-104275,2023-02-25,CUST-0187,Consumer,North,Furniture,6,541.33,0.0,3247.98,144.39
ORD-102159,2023-02-25,CUST-0685,Consumer,South,Technology,2,1185.98,0.0,2371.96,422.61
ORD-102045,2023-02-25,CUST-0107,Corporate,West,Office Supplies,4,31.08,0.3,87.02,-5.51
ORD-100450,2023-02-25,CUST-0640,Consumer,West,Technology,4,400.28,0.1,1441.01,191.05
ORD-103133,2023-02-26,CUST-0461,Consumer,East,Technology,1,1006.44,0.0,1006.44,188.48
ORD-102297,2023-02-26,CUST-0735,Home Office,East,Office Supplies,8,54.49,0.0,435.92,104.53
ORD-101939,2023-02-26,CUST-0640,Consumer,West,Technology,1,525.56,0.0,525.56,84.9
ORD-103259,2023-02-26,CUST-0560,Home Office,North,Furniture,9,170.1,0.1,1377.81,-100.91
ORD-104013,2023-02-26,CUST-0650,Consumer,South,Office Supplies,7,79.07,0.0,553.49,127.38
ORD-100027,2023-02-27,CUST-0581,Consumer,North,Technology,6,837.65,0.0,5025.9,1372.86
ORD-100280,2023-02-27,CUST-0571,Consumer,East,Office Supplies,1,91.94,0.1,82.75,-3.49
ORD-103594,2023-02-28,CUST-0782,Corporate,East,Office Supplies,6,6.5,0.3,27.3,-3.09
ORD-100554,2023-02-28,CUST-0744,Consumer,South,Office Supplies,6,136.66,0.1,737.96,79.03
ORD-101260,2023-02-28,CUST-0191,Consumer,North,Technology,1,358.46,0.1,322.61,45.81
ORD-102387,2023-03-01,CUST-0389,Corporate,Central,Office Supplies,5,5.84,0.05,27.74,2.72
ORD-101389,2023-03-01,CUST-0600,Home Office,East,Technology,5,680.82,0.05,3233.9,419.79
ORD-100902,2023-03-01,CUST-0032,Consumer,East,Office Supplies,2,86.09,0.3,120.53,-17.0
ORD-102810,2023-03-01,CUST-0095,Corporate,West,Technology,1,406.62,0.3,284.63,1.98
ORD-104458,2023-03-01,CUST-0626,Consumer,West,Office Supplies,7,145.93,0.0,1021.51,248.57
ORD-100175,2023-03-01,CUST-0334,Corporate,South,Technology,1,404.44,0.1,364.0,64.34
ORD-101925,2023-03-02,CUST-0399,Home Office,South,Office Supplies,5,84.58,0.0,422.9,57.39
ORD-104802,2023-03-02,CUST-0285,Consumer,North,Office Supplies,10,108.35,0.0,1083.5,216.66
ORD-102839,2023-03-02,CUST-0553,Home Office,West,Office Supplies,2,20.71,0.0,41.42,8.31
ORD-104681,2023-03-03,CUST-0438,Consumer,East,Technology,6,187.94,0.05,1071.26,174.9
ORD-103305,2023-03-04,CUST-0536,Home Office,East,Technology,4,310.59,0.2,993.89,4.6
ORD-103095,2023-03-04,CUST-0448,Consumer,East,Office Supplies,6,87.98,0.05,501.49,82.69
ORD-102384,2023-03-04,CUST-0703,Consumer,West,Technology,10,932.06,0.0,9320.6,1788.86
ORD-103697,2023-03-04,CUST-0162,Home Office,East,Technology,7,1029.83,0.3,5046.17,-32.39
ORD-100762,2023-03-04,CUST-0647,Consumer,West,Technology,5,822.82,0.0,4114.1,808.1
ORD-102010,2023-03-04,CUST-0116,Home Office,North,Office Supplies,2,146.63,0.05,278.6,34.93
ORD-100758,2023-03-05,CUST-0470,Consumer,West,Office Supplies,10,87.99,0.0,879.9,125.7
ORD-101441,2023-03-06,CUST-0611,Consumer,West,Office Supplies,9,142.01,0.05,1214.19,121.68
ORD-100642,2023-03-06,CUST-0636,Consumer,West,Office Supplies,3,67.72,0.05,193.0,36.55
ORD-103530,2023-03-06,CUST-0645,Corporate,North,Office Supplies,8,31.87,0.2,203.97,11.52
ORD-100634,2023-03-06,CUST-0063,Consumer,North,Office Supplies,8,14.28,0.05,108.53,12.48
ORD-104540,2023-03-06,CUST-0214,Consumer,North,Furniture,5,309.75,0.0,1548.75,188.83
ORD-102446,2023-03-06,CUST-0038,Home Office,South,Furniture,5,127.45,0.0,637.25,64.41
ORD-100286,2023-03-06,CUST-0596,Home Office,West,Technology,1,164.64,0.1,148.18,24.3
ORD-102773,2023-03-06,CUST-0221,Consumer,Central,Furniture,10,572.83,0.05,5441.88,333.75
ORD-100987,2023-03-07,CUST-0259,Consumer,East,Office Supplies,9,89.64,0.05,766.42,123.02
ORD-104737,2023-03-07,CUST-0732,Consumer,West,Technology,2,1105.3,0.1,1989.54,215.27
ORD-101205,2023-03-07,CUST-0718,Corporate,East,Office Supplies,9,98.3,0.1,796.23,81.08
ORD-101668,2023-03-08,CUST-0498,Consumer,West,Technology,2,426.96,0.1,768.53,122.77
ORD-101731,2023-03-08,CUST-0266,Consumer,Central,Office Supplies,6,101.19,0.1,546.43,15.26
ORD-100820,2023-03-08,CUST-0719,Consumer,Central,Office Supplies,5,50.56,0.0,252.8,24.37
ORD-101485,2023-03-08,CUST-0631,Corporate,Central,Furniture,4,321.15,0.2,1027.68,-34.92
ORD-102475,2023-03-08,CUST-0535,Consumer,Central,Office Supplies,1,112.71,0.1,101.44,-2.15
ORD-102492,2023-03-09,CUST-0205,Consumer,West,Office Supplies,6,148.41,0.05,845.94,112.67
ORD-101138,2023-03-09,CUST-0455,Home Office,South,Office Supplies,9,81.43,0.0,732.87,77.72
ORD-100731,2023-03-09,CUST-0762,Consumer,North,Furniture,7,438.59,0.05,2916.62,-83.99
ORD-100291,2023-03-10,CUST-0668,Home Office,West,Furniture,5,80.36,0.05,381.71,12.61
ORD-104353,2023-03-10,CUST-0093,Home Office,South,Technology,9,121.28,0.0,1091.52,241.85
ORD-103644,2023-03-10,CUST-0257,Consumer,East,Office Supplies,6,5.17,0.1,27.92,0.86
ORD-102361,2023-03-10,CUST-0030,Consumer,South,Office Supplies,2,32.77,0.2,52.43,-2.82
ORD-100423,2023-03-10,CUST-0197,Consumer,Central,Technology,4,701.46,0.3,1964.09,-81.29
ORD-104411,2023-03-10,CUST-0322,Corporate,Central,Furniture,1,570.29,0.05,541.78,83.67
ORD-102059,2023-03-10,CUST-0140,Consumer,North,Office Supplies,8,44.42,0.0,355.36,45.84
ORD-104635,2023-03-11,CUST-0777,Consumer,North,Technology,9,622.56,0.1,5042.74,539.61
ORD-101156,2023-03-11,CUST-0185,Consumer,South,Office Supplies,3,94.13,0.1,254.15,49.55
ORD-101308,2023-03-11,CUST-0295,Corporate,West,Furniture,3,304.62,0.1,822.47,15.46
ORD-102505,2023-03-12,CUST-0344,Corporate,Central,Furniture,5,356.78,0.1,1605.51,-8.85
ORD-103679,2023-03-12,CUST-0717,Home Office,North,Technology,1,636.49,0.0,636.49,162.33
ORD-100272,2023-03-12,CUST-0421,Corporate,South,Office Supplies,1,8.5,0.2,6.8,-0.19
ORD-104941,2023-03-12,CUST-0142,Home Office,East,Office Supplies,5,15.49,0.0,77.45,9.05
ORD-102822,2023-03-13,CUST-0317,Corporate,East,Office Supplies,10,123.05,0.05,1168.97,181.3
ORD-103413,2023-03-13,CUST-0134,Corporate,North,Furniture,6,488.42,0.0,2930.52,59.04
ORD-100448,2023-03-13,CUST-0343,Consumer,South,Technology,8,813.15,0.05,6179.94,1287.73
ORD-101725,2023-03-14,CUST-0517,Corporate,East,Technology,1,532.97,0.0,532.97,93.62
ORD-103976,2023-03-14,CUST-0064,Consumer,West,Furniture,2,521.78,0.05,991.38,122.83
ORD-101243,2023-03-14,CUST-0250,Home Office,South,Office Supplies,5,30.86,0.2,123.44,-0.31
ORD-100270,2023-03-14,CUST-0779,Home Office,North,Office Supplies,6,123.89,0.0,743.34,109.85
ORD-101899,2023-03-14,CUST-0522,Consumer,South,Office Supplies,1,101.65,0.0,101.65,19.66
ORD-100512,2023-03-15,CUST-0798,Consumer,North,Furniture,1,125.04,0.05,118.79,7.76
ORD-102350,2023-03-16,CUST-0181,Home Office,North,Furniture,3,453.42,0.0,1360.26,104.46
ORD-103157,2023-03-16,CUST-0776,Consumer,South,Office Supplies,2,115.77,0.05,219.96,28.6
ORD-103137,2023-03-16,CUST-0494,Home Office,West,Office Supplies,1,63.3,0.05,60.14,9.59
ORD-103184,2023-03-17,CUST-0326,Consumer,West,Technology,6,686.26,0.1,3705.8,53.61
ORD-102907,2023-03-17,CUST-0219,Corporate,West,Technology,9,407.05,0.0,3663.45,496.24
ORD-103418,2023-03-17,CUST-0344,Corporate,Central,Furniture,3,581.24,0.0,1743.72,220.99
ORD-100428,2023-03-17,CUST-0256,Home Office,South,Technology,2,1091.89,0.05,2074.59,505.73
ORD-103659,2023-03-17,CUST-0596,Home Office,West,Office Supplies,10,132.55,0.0,1325.5,198.12
ORD-103764,2023-03-18,CUST-0386,Consumer,East,Office Supplies,2,95.68,0.1,172.22,27.95
ORD-100567,2023-03-18,CUST-0303,Consumer,East,Office Supplies,1,127.48,0.0,127.48,17.18
ORD-101591,2023-03-18,CUST-0501,Corporate,South,Office Supplies,5,18.32,0.2,73.28,0.56
ORD-100074,2023-03-18,CUST-0614,Corporate,South,Office Supplies,3,132.05,0.0,396.15,42.24
ORD-104326,2023-03-19,CUST-0341,Home Office,South,Technology,10,748.92,0.2,5991.36,933.49
ORD-102193,2023-03-19,CUST-0053,Consumer,Central,Technology,8,850.79,0.0,6806.32,1609.16
ORD-102258,2023-03-19,CUST-0031,Consumer,East,Technology,8,409.63,0.0,3277.04,563.76
ORD-104323,2023-03-19,CUST-0360,Corporate,Central,Furniture,8,432.32,0.05,3285.63,155.58
ORD-102924,2023-03-20,CUST-0266,Consumer,Central,Office Supplies,1,5.97,0.2,4.78,-0.53
ORD-101393,2023-03-20,CUST-0100,Corporate,North,Office Supplies,5,120.33,0.1,541.48,63.09
ORD-101229,2023-03-20,CUST-0502,Home Office,West,Office Supplies,5,65.15,0.2,260.6,-10.32
ORD-102986,2023-03-21,CUST-0465,Consumer,Central,Furniture,1,576.24,0.3,403.37,-100.98
ORD-100734,2023-03-21,CUST-0312,Corporate,North,Office Supplies,9,11.48,0.0,103.32,25.85
ORD-101490,2023-03-21,CUST-0406,Consumer,North,Office Supplies,5,15.15,0.1,68.18,2.31
ORD-102241,2023-03-21,CUST-0045,Corporate,Central,Office Supplies,10,98.53,0.0,985.3,245.94
ORD-102802,2023-03-22,CUST-0252,Consumer,East,Technology,9,243.97,0.0,2195.73,440.23
ORD-103704,2023-03-22,CUST-0462,Consumer,West,Office Supplies,9,46.77,0.0,420.93,119.23
ORD-101000,2023-03-23,CUST-0680,Consumer,North,Furniture,7,585.13,0.2,3276.73,-125.91
ORD-103813,2023-03-23,CUST-0597,Consumer,West,Office Supplies,5,55.36,0.0,276.8,71.02
ORD-103306,2023-03-23,CUST-0402,Corporate,North,Furniture,10,494.74,0.1,4452.66,-292.83
ORD-103635,2023-03-23,CUST-0153,Corporate,South,Technology,10,1012.28,0.1,9110.52,671.57
ORD-104207,2023-03-23,CUST-0050,Consumer,Central,Office Supplies,8,99.64,0.3,557.98,-12.42
ORD-103207,2023-03-24,CUST-0128,Home Office,South,Office Supplies,10,134.56,0.0,1345.6,347.82
ORD-101443,2023-03-25,CUST-0052,Corporate,South,Furniture,9,313.83,0.3,1977.13,-157.23
ORD-103143,2023-03-25,CUST-0426,Consumer,East,Office Supplies,8,100.22,0.3,561.23,-28.11
ORD-101401,2023-03-25,CUST-0659,Consumer,Central,Office Supplies,7,61.61,0.1,388.14,45.06
ORD-103031,2023-03-26,CUST-0376,Consumer,North,Technology,5,684.85,0.05,3253.04,550.89
ORD-100017,2023-03-26,CUST-0562,Consumer,East,Furniture,9,211.38,0.1,1712.18,112.05
ORD-102847,2023-03-26,CUST-0627,Consumer,Central,Technology,7,630.9,0.0,4416.3,476.73
ORD-103315,2023-03-26,CUST-0768,Consumer,Central,Furniture,10,91.19,0.0,911.9,60.62
ORD-104291,2023-03-27,CUST-0580,Home Office,West,Technology,7,328.77,0.1,2071.25,279.15
ORD-101898,2023-03-27,CUST-0618,Consumer,South,Furniture,10,438.04,0.1,3942.36,-111.48
ORD-104758,2023-03-27,CUST-0326,Consumer,West,Office Supplies,6,125.2,0.0,751.2,80.62
ORD-100727,2023-03-28,CUST-0721,Consumer,South,Technology,10,237.37,0.0,2373.7,577.17
ORD-101481,2023-03-29,CUST-0576,Consumer,East,Office Supplies,1,121.34,0.05,115.27,14.89
ORD-101219,2023-03-29,CUST-0568,Consumer,North,Office Supplies,7,72.7,0.0,508.9,48.7
ORD-102984,2023-03-29,CUST-0266,Consumer,Central,Office Supplies,8,64.4,0.0,515.2,144.02
ORD-100258,2023-03-29,CUST-0407,Corporate,Central,Furniture,10,470.98,0.1,4238.82,31.85
ORD-102345,2023-03-29,CUST-0314,Consumer,Central,Office Supplies,8,96.93,0.1,697.9,24.16
ORD-100680,2023-03-30,CUST-0700,Consumer,West,Technology,9,709.26,0.1,5745.01,566.6
ORD-104234,2023-03-30,CUST-0355,Consumer,East,Office Supplies,6,38.05,0.1,205.47,9.37
ORD-102227,2023-03-30,CUST-0762,Consumer,North,Office Supplies,1,104.35,0.0,104.35,15.39
ORD-101155,2023-03-30,CUST-0542,Consumer,West,Furniture,5,398.15,0.0,1990.75,275.34
ORD-102196,2023-03-30,CUST-0019,Consumer,North,Technology,4,297.28,0.05,1129.66,252.04
ORD-102418,2023-03-30,CUST-0117,Consumer,East,Technology,5,1122.52,0.05,5331.97,1140.92
ORD-102321,2023-03-30,CUST-0552,Corporate,East,Office Supplies,1,112.24,0.05,106.63,11.6
ORD-104332,2023-03-31,CUST-0273,Consumer,South,Furniture,10,199.25,0.0,1992.5,26.16
ORD-102426,2023-04-01,CUST-0506,Corporate,West,Technology,4,1071.99,0.0,4287.96,682.23
ORD-103400,2023-04-01,CUST-0732,Consumer,West,Furniture,6,226.16,0.0,1356.96,88.34
ORD-103954,2023-04-01,CUST-0697,Corporate,East,Technology,10,322.09,0.1,2898.81,164.31
ORD-104351,2023-04-01,CUST-0005,Corporate,Central,Office Supplies,5,43.11,0.0,215.55,53.64
ORD-101115,2023-04-02,CUST-0267,Corporate,East,Furniture,6,314.73,0.0,1888.38,168.96
ORD-102339,2023-04-02,CUST-0559,Corporate,North,Office Supplies,6,16.04,0.1,86.62,1.96
ORD-102341,2023-04-02,CUST-0785,Consumer,North,Technology,4,640.17,0.0,2560.68,489.32
ORD-104188,2023-04-02,CUST-0729,Home Office,Central,Office Supplies,2,128.22,0.1,230.8,27.93
ORD-104550,2023-04-03,CUST-0186,Home Office,East,Office Supplies,6,42.99,0.0,257.94,39.93
ORD-102667,2023-04-03,CUST-0376,Consumer,North,Office Supplies,3,77.59,0.0,232.77,32.63
ORD-104335,2023-04-03,CUST-0158,Corporate,East,Office Supplies,1,5.08,0.0,5.08,0.26
ORD-104724,2023-04-03,CUST-0571,Consumer,East,Technology,8,834.18,0.05,6339.77,982.2
ORD-101534,2023-04-03,CUST-0670,Consumer,North,Office Supplies,5,10.65,0.3,37.28,-3.25
ORD-103156,2023-04-03,CUST-0332,Corporate,East,Furniture,6,207.41,0.3,871.12,-196.37
ORD-104971,2023-04-04,CUST-0633,Home Office,West,Office Supplies,4,101.42,0.1,365.11,16.05
ORD-104255,2023-04-04,CUST-0368,Consumer,East,Technology,9,352.32,0.1,2853.79,459.34
ORD-101993,2023-04-04,CUST-0465,Consumer,Central,Furniture,7,489.59,0.05,3255.77,330.53
ORD-104157,2023-04-04,CUST-0093,Home Office,South,Furniture,4,413.17,0.05,1570.05,83.51
ORD-104217,2023-04-04,CUST-0270,Corporate,West,Office Supplies,1,62.14,0.05,59.03,4.62
ORD-101765,2023-04-04,CUST-0629,Corporate,West,Office Supplies,2,13.42,0.05,25.5,3.3
ORD-100510,2023-04-05,CUST-0470,Consumer,West,Office Supplies,1,120.13,0.1,108.12,13.35
ORD-101825,2023-04-05,CUST-0424,Corporate,East,Technology,5,840.35,0.0,4201.75,1118.77
ORD-103985,2023-04-05,CUST-0726,Consumer,Central,Technology,3,594.06,0.2,1425.74,-69.31
ORD-103309,2023-04-05,CUST-0417,Home Office,South,Technology,1,427.25,0.05,405.89,48.42
ORD-100916,2023-04-05,CUST-0347,Corporate,West,Furniture,10,266.91,0.05,2535.65,281.74
ORD-101907,2023-04-05,CUST-0037,Corporate,West,Office Supplies,10,80.44,0.0,804.4,117.66
ORD-104744,2023-04-05,CUST-0699,Consumer,North,Technology,1,1009.91,0.1,908.92,152.66
ORD-102389,2023-04-05,CUST-0036,Home Office,Central,Office Supplies,8,47.01,0.05,357.28,50.1
ORD-103262,2023-04-05,CUST-0487,Home Office,Central,Office Supplies,5,50.28,0.05,238.83,43.91
ORD-102764,2023-04-06,CUST-0293,Consumer,North,Office Supplies,2,50.57,0.05,96.08,10.63
ORD-104088,2023-04-07,CUST-0080,Consumer,West,Office Supplies,10,125.88,0.0,1258.8,251.42
ORD-103940,2023-04-07,CUST-0590,Consumer,North,Office Supplies,6,113.56,0.0,681.36,170.76
ORD-101767,2023-04-08,CUST-0768,Consumer,Central,Furniture,3,102.49,0.05,292.1,15.91
ORD-104836,2023-04-08,CUST-0566,Consumer,East,Office Supplies,10,49.39,0.0,493.9,100.33
ORD-103579,2023-04-08,CUST-0678,Corporate,East,Office Supplies,6,9.1,0.0,54.6,9.83
ORD-101806,2023-04-08,CUST-0626,Consumer,West,Office Supplies,5,139.58,0.2,558.32,-28.11
ORD-101965,2023-04-09,CUST-0662,Corporate,East,Office Supplies,6,120.9,0.0,725.4,118.05
ORD-104775,2023-04-09,CUST-0103,Corporate,East,Office Supplies,3,39.68,0.05,113.09,20.3
ORD-104292,2023-04-09,CUST-0119,Corporate,North,Technology,7,840.37,0.3,4117.81,-676.41
ORD-103396,2023-04-09,CUST-0398,Consumer,East,Technology,6,444.44,0.1,2399.98,545.42
ORD-102791,2023-04-09,CUST-0608,Home Office,Central,Furniture,1,103.87,0.1,93.48,4.04
ORD-104579,2023-04-10,CUST-0150,Corporate,West,Office Supplies,2,43.26,0.2,69.22,0.49
ORD-103974,2023-04-11,CUST-0642,Consumer,Central,Technology,2,880.94,0.0,1761.88,398.83
ORD-103168,2023-04-11,CUST-0275,Corporate,South,Furniture,4,110.46,0.3,309.29,-52.87
ORD-103434,2023-04-11,CUST-0325,Home Office,East,Office Supplies,1,43.71,0.0,43.71,5.82
ORD-102582,2023-04-12,CUST-0721,Consumer,South,Office Supplies,5,49.83,0.0,249.15,55.03
ORD-101427,2023-04-12,CUST-0549,Corporate,East,Office Supplies,6,31.85,0.05,181.54,26.87
ORD-101789,2023-04-13,CUST-0023,Consumer,South,Office Supplies,6,134.97,0.0,809.82,88.65
ORD-101957,2023-04-13,CUST-0129,Consumer,South,Office Supplies,7,118.23,0.05,786.23,104.63
ORD-104678,2023-04-13,CUST-0535,Consumer,Central,Office Supplies,7,139.58,0.1,879.35,143.63
ORD-100793,2023-04-13,CUST-0250,Home Office,South,Office Supplies,5,134.35,0.0,671.75,91.76
ORD-103777,2023-04-14,CUST-0487,Home Office,Central,Office Supplies,1,94.76,0.0,94.76,17.75
ORD-102311,2023-04-14,CUST-0078,Consumer,East,Office Supplies,2,68.8,0.1,123.84,10.62
ORD-103260,2023-04-15,CUST-0531,Corporate,East,Technology,10,1107.07,0.1,9963.63,1615.87
ORD-104577,2023-04-15,CUST-0460,Home Office,South,Office Supplies,6,109.16,0.0,654.96,176.49
ORD-103008,2023-04-15,CUST-0736,Consumer,West,Technology,6,807.9,0.0,4847.4,1691.46
ORD-100547,2023-04-16,CUST-0688,Consumer,South,Technology,2,551.58,0.1,992.84,165.31
ORD-102323,2023-04-16,CUST-0450,Home Office,North,Office Supplies,6,98.46,0.05,561.22,62.11
ORD-103185,2023-04-17,CUST-0348,Consumer,North,Technology,4,387.26,0.0,1549.04,318.36
ORD-102753,2023-04-17,CUST-0237,Corporate,North,Furniture,3,327.63,0.3,688.02,-119.01
ORD-101375,2023-04-17,CUST-0157,Corporate,East,Office Supplies,5,95.7,0.1,430.65,27.06
ORD-101566,2023-04-17,CUST-0105,Home Office,West,Technology,2,501.49,0.2,802.38,34.37
ORD-103992,2023-04-17,CUST-0694,Home Office,West,Office Supplies,8,146.87,0.0,1174.96,301.36
ORD-104190,2023-04-17,CUST-0029,Consumer,Central,Office Supplies,5,25.43,0.1,114.44,8.33
ORD-104777,2023-04-18,CUST-0028,Corporate,South,Office Supplies,10,87.35,0.05,829.82,46.56
ORD-103859,2023-04-18,CUST-0780,Consumer,Central,Technology,10,805.32,0.0,8053.2,1650.15
ORD-100139,2023-04-19,CUST-0403,Home Office,Central,Office Supplies,9,78.73,0.0,708.57,140.47
ORD-102630,2023-04-19,CUST-0009,Corporate,West,Office Supplies,1,42.51,0.0,42.51,4.99
ORD-104663,2023-04-20,CUST-0709,Corporate,South,Office Supplies,9,91.12,0.05,779.08,114.97
ORD-103655,2023-04-20,CUST-0689,Corporate,South,Technology,1,1198.82,0.2,959.06,31.3
ORD-100560,2023-04-21,CUST-0609,Corporate,East,Office Supplies,4,83.4,0.0,333.6,88.42
ORD-103096,2023-04-21,CUST-0035,Consumer,North,Technology,9,713.28,0.1,5777.57,695.94
ORD-100122,2023-04-22,CUST-0580,Home Office,West,Office Supplies,6,49.09,0.1,265.09,30.34
ORD-103750,2023-04-22,CUST-0336,Consumer,East,Technology,5,460.9,0.0,2304.5,436.61
ORD-103004,2023-04-22,CUST-0212,Corporate,Central,Furniture,1,272.79,0.0,272.79,20.92
ORD-100338,2023-04-22,CUST-0706,Consumer,Central,Technology,5,1029.81,0.0,5149.05,1141.78
ORD-104520,2023-04-22,CUST-0605,Corporate,South,Office Supplies,3,102.42,0.0,307.26,72.78
ORD-100627,2023-04-22,CUST-0511,Home Office,Central,Furniture,7,172.97,0.0,1210.79,71.77
ORD-100663,2023-04-22,CUST-0595,Consumer,Central,Office Supplies,8,87.96,0.0,703.68,117.8
ORD-104290,2023-04-22,CUST-0451,Corporate,North,Technology,4,102.58,0.1,369.29,45.89
ORD-103780,2023-04-22,CUST-0222,Home Office,West,Office Supplies,2,63.28,0.0,126.56,20.31
ORD-103318,2023-04-23,CUST-0201,Consumer,East,Office Supplies,8,101.47,0.1,730.58,105.52
ORD-101182,2023-04-24,CUST-0490,Home Office,South,Office Supplies,9,17.31,0.05,148.0,30.74
ORD-103426,2023-04-24,CUST-0064,Consumer,West,Technology,2,463.43,0.05,880.52,131.86
ORD-104706,2023-04-24,CUST-0558,Consumer,West,Furniture,4,274.3,0.0,1097.2,121.04
ORD-102937,2023-04-24,CUST-0764,Home Office,West,Office Supplies,6,122.26,0.1,660.2,102.42
ORD-104854,2023-04-25,CUST-0433,Consumer,,Office Supplies,10,128.11,0.05,1217.04,104.26
ORD-101809,2023-04-25,CUST-0372,Consumer,Central,Office Supplies,1,52.35,0.2,41.88,-0.15
ORD-103593,2023-04-25,CUST-0619,Consumer,Central,Office Supplies,9,34.56,0.2,248.83,-11.99
ORD-104018,2023-04-26,CUST-0459,Consumer,West,Technology,4,345.64,0.0,1382.56,321.82
ORD-103980,2023-04-26,CUST-0746,Consumer,Central,Office Supplies,9,139.64,0.05,1193.92,291.1
ORD-100097,2023-04-26,CUST-0128,Home Office,South,Office Supplies,2,61.8,0.0,123.6,23.53
ORD-100363,2023-04-26,CUST-0308,Consumer,Central,Office Supplies,7,60.35,0.0,422.45,112.2
ORD-102215,2023-04-26,CUST-0104,Corporate,Central,Office Supplies,7,13.58,0.0,95.06,10.94
ORD-102895,2023-04-27,CUST-0375,Corporate,West,Technology,5,510.29,0.2,2041.16,-51.28
ORD-103762,2023-04-27,CUST-0702,Home Office,South,Furniture,8,577.23,0.1,4156.06,442.2
ORD-102596,2023-04-27,CUST-0612,Consumer,East,Office Supplies,3,28.08,0.05,80.03,3.26
ORD-101990,2023-04-27,CUST-0074,Consumer,Central,Office Supplies,4,17.46,0.05,66.35,6.44
ORD-102348,2023-04-28,CUST-0627,Consumer,Central,Technology,1,1090.75,0.1,981.68,170.32
ORD-101623,2023-04-28,CUST-0060,Home Office,East,Office Supplies,4,16.06,0.3,44.97,-5.68
ORD-103965,2023-04-29,CUST-0220,Consumer,West,Technology,6,345.47,0.05,1969.18,399.02
ORD-103288,2023-04-29,CUST-0589,Consumer,South,Office Supplies,3,87.26,0.3,183.25,-12.45
ORD-101426,2023-04-29,CUST-0771,Consumer,West,Furniture,1,517.22,0.05,491.36,29.54
ORD-100085,2023-04-29,CUST-0253,Home Office,East,Furniture,5,445.65,0.0,2228.25,184.52
ORD-101763,2023-04-29,CUST-0179,Home Office,East,Office Supplies,5,12.85,0.0,64.25,9.76
ORD-103744,2023-04-29,CUST-0256,Home Office,South,Technology,5,981.27,0.0,4906.35,1350.72
ORD-102128,2023-04-29,CUST-0664,Consumer,East,Office Supplies,8,109.18,0.0,873.44,216.49
ORD-104535,2023-04-29,CUST-0504,Consumer,West,Furniture,5,440.89,0.2,1763.56,-280.47
ORD-100412,2023-04-30,CUST-0787,Consumer,West,Technology,8,645.42,0.05,4905.19,1152.18
ORD-101455,2023-04-30,CUST-0259,Consumer,East,Technology,7,978.13,0.1,6162.22,805.21
ORD-102462,2023-04-30,CUST-0768,Consumer,Central,Technology,3,786.22,0.1,2122.79,302.36
ORD-102063,2023-04-30,CUST-0365,Corporate,East,Office Supplies,3,79.05,0.0,237.15,32.94
ORD-101040,2023-05-01,CUST-0507,Corporate,East,Office Supplies,7,94.43,0.05,627.96,86.38
ORD-103947,2023-05-01,CUST-0761,Consumer,North,Technology,1,465.76,0.05,442.47,98.96
ORD-103017,2023-05-01,CUST-0472,Consumer,South,Office Supplies,3,44.94,0.05,128.08,25.37
ORD-100454,2023-05-01,CUST-0043,Corporate,North,Technology,1,544.38,0.0,544.38,132.21
ORD-103692,2023-05-02,CUST-0482,Home Office,North,Office Supplies,5,86.92,0.1,391.14,81.98
ORD-102263,2023-05-03,CUST-0513,Corporate,South,Office Supplies,10,146.39,0.1,1317.51,123.2
ORD-103939,2023-05-03,CUST-0454,Consumer,Central,Technology,4,1058.49,0.2,3387.17,247.19
ORD-102740,2023-05-03,CUST-0367,Consumer,West,Technology,8,424.02,0.05,3222.55,632.9
ORD-101169,2023-05-03,CUST-0574,Consumer,North,Office Supplies,3,48.25,0.2,115.8,-1.63
ORD-102149,2023-05-03,CUST-0649,Home Office,West,Office Supplies,1,141.67,0.0,141.67,18.89
ORD-102881,2023-05-04,CUST-0396,Corporate,Central,Office Supplies,3,130.54,0.2,313.3,-19.73
ORD-102285,2023-05-04,CUST-0077,Home Office,North,Furniture,10,160.07,0.05,1520.66,98.64
ORD-101706,2023-05-04,CUST-0769,Corporate,East,Office Supplies,6,39.93,0.05,227.6,47.62
ORD-102232,2023-05-04,CUST-0379,Home Office,North,Office Supplies,6,16.3,0.3,68.46,-4.62
ORD-103197,2023-05-04,CUST-0075,Consumer,South,Technology,10,1196.52,0.0,11965.2,2478.98
ORD-100844,2023-05-04,CUST-0612,Consumer,East,Office Supplies,3,14.4,0.2,34.56,-1.05
ORD-101407,2023-05-05,CUST-0607,Consumer,South,Office Supplies,6,39.51,0.2,189.65,10.0
ORD-101296,2023-05-05,CUST-0793,Consumer,South,Technology,6,738.26,0.05,4208.08,384.91
ORD-100187,2023-05-05,CUST-0292,Corporate,North,Office Supplies,10,135.48,0.1,1219.32,111.56
ORD-103685,2023-05-05,CUST-0579,Home Office,Central,Technology,9,151.69,0.0,1365.21,285.93
ORD-102146,2023-05-05,CUST-0023,Consumer,South,Office Supplies,3,50.36,0.0,151.08,24.71
ORD-103283,2023-05-05,CUST-0655,Corporate,West,Furniture,8,110.66,0.0,885.28,138.64
ORD-100004,2023-05-05,CUST-0210,Corporate,Central,Technology,9,235.6,0.3,1484.28,-33.61
ORD-103996,2023-05-06,CUST-0712,Home Office,South,Office Supplies,8,55.99,0.0,447.92,87.92
ORD-103209,2023-05-06,CUST-0586,Home Office,Central,Office Supplies,8,109.79,0.2,702.66,16.5
ORD-104105,2023-05-06,CUST-0296,Corporate,West,Furniture,1,599.75,0.1,539.78,0.18
ORD-100336,2023-05-06,CUST-0200,Corporate,West,Office Supplies,1,137.24,0.0,137.24,21.59
ORD-101835,2023-05-06,CUST-0622,Corporate,North,Technology,5,217.31,0.0,1086.55,184.55
ORD-101132,2023-05-06,CUST-0494,Home Office,West,Office Supplies,1,131.6,0.05,125.02,18.9
ORD-100349,2023-05-06,CUST-0140,Consumer,North,Technology,1,151.93,0.05,144.33,37.91
ORD-103166,2023-05-07,CUST-0192,Consumer,East,Technology,7,531.57,0.0,3720.99,715.74
ORD-101152,2023-05-07,CUST-0086,Consumer,West,Technology,9,853.79,0.0,7684.11,1534.6
ORD-100108,2023-05-07,CUST-0432,Corporate,East,Office Supplies,10,93.32,0.3,653.24,-56.56
ORD-101370,2023-05-08,CUST-0666,Corporate,,Office Supplies,10,7.98,0.05,75.81,10.99
ORD-102423,2023-05-08,CUST-0600,Home Office,East,Furniture,5,177.78,0.05,844.46,22.83
ORD-100920,2023-05-08,CUST-0513,Corporate,South,Furniture,3,397.64,0.05,1133.27,42.65
ORD-102513,2023-05-08,CUST-0521,Consumer,Central,Furniture,1,80.79,0.3,56.55,-13.87
ORD-101641,2023-05-09,CUST-0557,Corporate,South,Office Supplies,2,146.97,0.2,235.15,15.93
ORD-102156,2023-05-09,CUST-0712,Home Office,South,Office Supplies,5,115.12,0.1,518.04,10.2
ORD-103051,2023-05-09,CUST-0800,Consumer,North,Furniture,9,348.2,0.1,2820.42,-65.62
ORD-103132,2023-05-10,CUST-0575,Home Office,South,Office Supplies,9,23.98,0.2,172.66,-10.34
ORD-102999,2023-05-10,CUST-0470,Consumer,West,Office Supplies,8,140.68,0.0,1125.44,100.08
ORD-100293,2023-05-11,CUST-0717,Home Office,North,Technology,9,499.12,0.2,3593.66,8.21
ORD-100893,2023-05-11,CUST-0662,Corporate,East,Office Supplies,7,137.74,0.05,915.97,119.06
ORD-101235,2023-05-11,CUST-0669,Consumer,East,Technology,2,129.6,0.0,259.2,79.14
ORD-102567,2023-05-12,CUST-0070,Home Office,South,Office Supplies,6,30.35,0.0,182.1,21.15
ORD-103233,2023-05-12,CUST-0330,Consumer,West,Office Supplies,9,81.9,0.0,737.1,152.27
ORD-100868,2023-05-12,CUST-0294,Consumer,East,Furniture,10,219.98,0.0,2199.8,108.64
ORD-101250,2023-05-12,CUST-0703,Consumer,West,Furniture,5,474.38,0.0,2371.9,502.87
ORD-102982,2023-05-12,CUST-0524,Consumer,South,Office Supplies,8,56.61,0.0,452.88,106.62
ORD-103409,2023-05-13,CUST-0367,Consumer,West,Furniture,4,383.78,0.0,1535.12,173.32
ORD-102034,2023-05-13,CUST-0357,Consumer,North,Technology,5,1021.11,0.1,4595.0,556.74
ORD-100939,2023-05-13,CUST-0078,Consumer,East,Technology,6,1069.04,0.0,6414.24,814.6
ORD-104090,2023-05-13,CUST-0786,Consumer,North,Office Supplies,4,131.66,0.1,473.98,52.06
ORD-102962,2023-05-13,CUST-0079,Consumer,East,Technology,8,369.13,0.0,2953.04,572.05
ORD-102762,2023-05-13,CUST-0111,Corporate,West,Office Supplies,9,26.17,0.1,211.98,17.11
ORD-102457,2023-05-14,CUST-0362,Consumer,North,Office Supplies,7,133.63,0.05,888.64,63.82
ORD-101340,2023-05-14,CUST-0776,Consumer,South,Furniture,3,291.96,0.0,875.88,82.14
ORD-103256,2023-05-14,CUST-0297,Consumer,South,Office Supplies,6,28.9,0.2,138.72,8.21
ORD-100289,2023-05-14,CUST-0265,Corporate,East,Technology,4,343.64,0.3,962.19,-28.95
ORD-104330,2023-05-15,CUST-0049,Consumer,East,Furniture,7,221.69,0.0,1551.83,302.73
ORD-103317,2023-05-15,CUST-0631,Corporate,Central,Office Supplies,3,75.32,0.1,203.36,7.02
ORD-104199,2023-05-15,CUST-0009,Corporate,West,Technology,4,572.72,0.05,2176.34,177.23
ORD-100717,2023-05-15,CUST-0291,Corporate,West,Office Supplies,4,112.46,0.05,427.35,64.78
ORD-101935,2023-05-16,CUST-0230,Consumer,North,Furniture,4,559.26,0.0,2237.04,500.09
ORD-100724,2023-05-16,CUST-0679,Corporate,North,Office Supplies,2,36.18,0.05,68.74,12.78
ORD-104989,2023-05-16,CUST-0720,Home Office,East,Technology,3,152.35,0.2,365.64,15.51
ORD-103343,2023-05-17,CUST-0257,Consumer,East,Furniture,2,100.73,0.05,191.39,10.33
ORD-101277,2023-05-17,CUST-0039,Consumer,West,Office Supplies,9,87.07,0.05,744.45,134.12
ORD-102781,2023-05-17,CUST-0110,Home Office,East,Office Supplies,8,124.47,0.1,896.18,169.36
ORD-100128,2023-05-17,CUST-0169,Corporate,East,Furniture,10,294.37,0.05,2796.52,10.18
ORD-102863,2023-05-18,CUST-0354,Consumer,West,Furniture,7,344.59,0.0,2412.13,280.75
ORD-104186,2023-05-18,CUST-0397,Corporate,North,Technology,8,983.63,0.1,7082.14,713.91
ORD-102209,2023-05-18,CUST-0344,Corporate,Central,Office Supplies,1,67.05,0.2,53.64,0.98
ORD-100864,2023-05-18,CUST-0649,Home Office,West,Office Supplies,9,110.75,0.1,897.08,103.64
ORD-100257,2023-05-19,CUST-0734,Corporate,East,Office Supplies,7,61.49,0.3,301.3,-32.2
ORD-103279,2023-05-19,CUST-0309,Home Office,East,Office Supplies,1,142.72,0.0,142.72,27.11
ORD-100582,2023-05-19,CUST-0507,Corporate,East,Technology,5,919.21,0.05,4366.25,595.09
ORD-102482,2023-05-20,CUST-0018,Corporate,South,Office Supplies,4,72.99,0.05,277.36,24.98
ORD-104202,2023-05-20,CUST-0647,Consumer,West,Office Supplies,7,145.41,0.0,1017.87,129.01
ORD-103958,2023-05-20,CUST-0003,Consumer,North,Office Supplies,10,43.79,0.0,437.9,89.07
ORD-100229,2023-05-20,CUST-0094,Home Office,West,Technology,6,746.67,0.0,4480.02,980.63
ORD-102658,2023-05-20,CUST-0055,Corporate,North,Furniture,7,351.32,0.1,2213.32,61.29
ORD-104608,2023-05-21,CUST-0273,Consumer,South,Furniture,7,296.0,0.05,1968.4,106.36
ORD-103630,2023-05-21,CUST-0319,Home Office,West,Technology,5,513.54,0.0,2567.7,331.62
ORD-100408,2023-05-21,CUST-0297,Consumer,South,Office Supplies,1,60.76,0.05,57.72,6.1
ORD-101251,2023-05-22,CUST-0487,Home Office,Central,Office Supplies,1,107.3,0.0,107.3,18.0
ORD-104657,2023-05-22,CUST-0222,Home Office,West,Furniture,8,205.03,0.0,1640.24,71.11
ORD-100160,2023-05-22,CUST-0674,Corporate,South,Furniture,5,315.3,0.0,1576.5,225.65
ORD-101472,2023-05-22,CUST-0727,Corporate,South,Office Supplies,6,60.35,0.0,362.1,41.36
ORD-104493,2023-05-22,CUST-0704,Corporate,Central,Technology,6,531.37,0.2,2550.58,7.93
ORD-102415,2023-05-22,CUST-0232,Consumer,Central,Technology,3,553.31,0.1,1493.94,173.78
ORD-102118,2023-05-23,CUST-0088,Home Office,South,Technology,4,128.12,0.0,512.48,112.8
ORD-103526,2023-05-23,CUST-0768,Consumer,Central,Furniture,6,289.4,0.0,1736.4,27.62
ORD-100154,2023-05-23,CUST-0380,Home Office,West,Office Supplies,10,31.91,0.0,319.1,32.15
ORD-102888,2023-05-23,CUST-0682,Corporate,South,Furniture,10,494.5,0.0,4945.0,389.91
ORD-104624,2023-05-24,CUST-0099,Consumer,North,Office Supplies,1,56.36,0.0,56.36,6.82
ORD-104886,2023-05-24,CUST-0587,Home Office,South,Technology,8,168.27,0.0,1346.16,427.84
ORD-102021,2023-05-24,CUST-0609,Corporate,East,Technology,4,119.49,0.3,334.57,-1.01
ORD-100239,2023-05-24,CUST-0405,Home Office,West,Office Supplies,8,134.48,0.05,1022.05,179.85
ORD-100635,2023-05-24,CUST-0735,Home Office,East,Office Supplies,4,22.87,0.05,86.91,9.71
ORD-101574,2023-05-24,CUST-0778,Corporate,North,Furniture,10,402.68,0.05,3825.46,37.0
ORD-104444,2023-05-25,CUST-0127,Home Office,East,Technology,10,969.6,0.05,9211.2,1536.31
ORD-103522,2023-05-25,CUST-0213,Consumer,South,Office Supplies,5,39.87,0.0,199.35,43.96
ORD-103208,2023-05-25,CUST-0660,Consumer,Central,Technology,5,596.84,0.2,2387.36,-175.11
ORD-100403,2023-05-26,CUST-0138,Home Office,South,Office Supplies,3,148.76,0.0,446.28,96.85
ORD-100907,2023-05-26,CUST-0140,Consumer,North,Office Supplies,7,82.06,0.0,574.42,83.0
ORD-103007,2023-05-26,CUST-0702,Home Office,South,Furniture,9,322.08,0.1,2608.85,-137.2
ORD-100768,2023-05-26,CUST-0218,Home Office,Central,Office Supplies,1,48.64,0.05,46.21,9.35
ORD-104749,2023-05-26,CUST-0439,Consumer,North,Furniture,1,258.86,0.0,258.86,57.53
ORD-103397,2023-05-26,CUST-0578,Consumer,East,Furniture,2,351.15,0.1,632.07,7.43
ORD-101516,2023-05-26,CUST-0346,Consumer,East,Office Supplies,9,68.19,0.1,552.34,2.62
ORD-102488,2023-05-26,CUST-0115,Consumer,Central,Furniture,2,573.2,0.3,802.48,-192.77
ORD-104676,2023-05-27,CUST-0025,Consumer,South,Furniture,4,431.62,0.3,1208.54,-213.09
ORD-100732,2023-05-27,CUST-0190,Consumer,North,Office Supplies,3,121.75,0.1,328.72,35.61
ORD-103872,2023-05-27,CUST-0016,Corporate,West,Office Supplies,2,90.31,0.0,180.62,35.82
ORD-104487,2023-05-28,CUST-0657,Home Office,South,Furniture,8,368.82,0.2,2360.45,-235.03
ORD-100741,2023-05-28,CUST-0117,Consumer,East,Office Supplies,5,98.52,0.05,467.97,59.88
ORD-103231,2023-05-28,CUST-0101,Home Office,West,Office Supplies,5,19.84,0.0,99.2,18.96
ORD-101121,2023-05-28,CUST-0744,Consumer,South,Office Supplies,6,89.64,0.0,537.84,148.76
ORD-103081,2023-05-30,CUST-0714,Corporate,North,Office Supplies,9,129.66,0.0,1166.94,239.99
ORD-104213,2023-05-30,CUST-0514,Consumer,West,Office Supplies,7,148.96,0.1,938.45,124.12
ORD-104514,2023-05-31,CUST-0316,Consumer,Central,Office Supplies,8,133.9,0.1,964.08,72.27
ORD-100607,2023-05-31,CUST-0269,Home Office,Central,Office Supplies,3,148.22,0.05,422.43,61.48
ORD-103548,2023-05-31,CUST-0044,Home Office,East,Office Supplies,9,56.9,0.05,486.5,65.68
ORD-102216,2023-05-31,CUST-0035,Consumer,North,Technology,7,997.59,0.0,6983.13,1512.77
ORD-100059,2023-05-31,CUST-0021,Consumer,Central,Furniture,7,298.57,0.0,2089.99,225.65
ORD-102190,2023-06-01,CUST-0581,Consumer,North,Technology,2,481.72,0.05,915.27,101.9
ORD-101252,2023-06-01,CUST-0274,Home Office,East,Office Supplies,1,71.25,0.0,71.25,14.46
ORD-104865,2023-06-01,CUST-0573,Consumer,East,Office Supplies,4,92.13,0.0,368.52,60.6
ORD-103244,2023-06-01,CUST-0200,Corporate,West,Furniture,6,568.66,0.1,3070.76,143.26
ORD-100268,2023-06-02,CUST-0288,Home Office,East,Office Supplies,1,37.87,0.2,30.3,2.58
ORD-103351,2023-06-02,CUST-0110,Home Office,East,Furniture,3,225.0,0.0,675.0,32.36
ORD-102004,2023-06-02,CUST-0477,Home Office,West,Furniture,7,407.74,0.2,2283.34,-203.27
ORD-101106,2023-06-02,CUST-0494,Home Office,West,Office Supplies,7,80.01,0.0,560.07,121.05
ORD-100509,2023-06-02,CUST-0602,Consumer,East,Office Supplies,7,37.34,0.2,209.1,13.43
ORD-102780,2023-06-03,CUST-0336,Consumer,East,Office Supplies,3,122.58,0.0,367.74,77.32
ORD-100362,2023-06-04,CUST-0442,Consumer,West,Technology,1,929.17,0.0,929.17,155.29
ORD-101392,2023-06-04,CUST-0141,Consumer,South,Furniture,6,190.63,0.0,1143.78,68.61
ORD-104196,2023-06-04,CUST-0063,Consumer,North,Technology,4,1144.92,0.0,4579.68,796.24
ORD-101349,2023-06-05,CUST-0413,Consumer,South,Office Supplies,5,147.09,0.05,698.68,84.55
ORD-104365,2023-06-05,CUST-0552,Corporate,East,Furniture,8,458.0,0.05,3480.8,-47.83
ORD-101684,2023-06-05,CUST-0491,Corporate,East,Office Supplies,3,20.34,0.0,61.02,9.43
ORD-100098,2023-06-05,CUST-0512,Corporate,North,Furniture,3,169.8,0.1,458.46,56.63
ORD-100972,2023-06-06,CUST-0620,Corporate,North,Office Supplies,4,83.19,0.2,266.21,-13.83
ORD-104371,2023-06-06,CUST-0323,Consumer,East,Furniture,4,578.19,0.0,2312.76,220.25
ORD-102874,2023-06-06,CUST-0696,Corporate,South,Office Supplies,7,136.56,0.0,955.92,162.2
ORD-101181,2023-06-06,CUST-0342,Consumer,East,Furniture,1,477.61,0.0,477.61,72.36
ORD-102200,2023-06-06,CUST-0429,Consumer,East,Furniture,3,151.52,0.0,454.56,10.01
ORD-104064,2023-06-06,CUST-0214,Consumer,North,Technology,5,249.15,0.05,1183.46,266.68
ORD-100388,2023-06-06,CUST-0096,Home Office,North,Office Supplies,2,77.06,0.2,123.3,-0.74
ORD-100472,2023-06-06,CUST-0583,Consumer,East,Furniture,10,400.37,0.0,4003.7,447.38
ORD-102804,2023-06-06,CUST-0086,Consumer,West,Office Supplies,3,69.65,0.0,208.95,33.13
ORD-103873,2023-06-07,CUST-0725,Consumer,Central,Furniture,2,493.57,0.05,937.78,180.79
ORD-102512,2023-06-07,CUST-0790,Consumer,West,Technology,6,329.22,0.1,1777.79,248.0
ORD-100524,2023-06-07,CUST-0321,Corporate,North,Furniture,1,300.14,0.0,300.14,44.83
ORD-100361,2023-06-07,CUST-0527,Consumer,North,Office Supplies,4,34.84,0.2,111.49,-1.96
ORD-100937,2023-06-08,CUST-0415,Home Office,West,Office Supplies,9,85.86,0.0,772.74,54.25
ORD-104910,2023-06-08,CUST-0227,Consumer,West,Office Supplies,7,89.72,0.0,628.04,67.09
ORD-101764,2023-06-08,CUST-0396,Corporate,Central,Technology,9,1000.94,0.0,9008.46,1997.7
ORD-101254,2023-06-10,CUST-0495,Consumer,Central,Office Supplies,2,110.35,0.0,220.7,39.78
ORD-100208,2023-06-10,CUST-0595,Consumer,Central,Technology,4,601.64,0.05,2286.23,502.96
ORD-100391,2023-06-10,CUST-0780,Consumer,Central,Office Supplies,5,88.26,0.0,441.3,98.47
ORD-104907,2023-06-10,CUST-0483,Home Office,East,Office Supplies,3,108.72,0.0,326.16,67.18
ORD-104513,2023-06-10,CUST-0359,Home Office,Central,Technology,1,353.89,0.1,318.5,28.84
ORD-100192,2023-06-11,CUST-0012,Corporate,North,Office Supplies,9,133.57,0.0,1202.13,224.5
ORD-104838,2023-06-11,CUST-0168,Consumer,South,Technology,8,832.41,0.0,6659.28,1272.27
ORD-102578,2023-06-11,CUST-0298,Home Office,North,Technology,6,852.01,0.0,5112.06,1422.92
ORD-100217,2023-06-12,CUST-0408,Home Office,East,Furniture,9,372.47,0.1,3017.01,-260.85
ORD-102420,2023-06-13,CUST-0417,Home Office,South,Office Supplies,2,47.9,0.0,95.8,19.04
ORD-104653,2023-06-13,CUST-0775,Consumer,West,Office Supplies,8,70.19,0.2,449.22,3.39
ORD-102865,2023-06-13,CUST-0088,Home Office,South,Technology,9,846.39,0.1,6855.76,892.05
ORD-100618,2023-06-13,CUST-0767,Home Office,South,Office Supplies,8,95.07,0.0,760.56,138.14
ORD-102398,2023-06-13,CUST-0772,Consumer,North,Furniture,7,290.11,0.2,1624.62,-127.24
ORD-102098,2023-06-13,CUST-0349,Consumer,North,Office Supplies,9,5.71,0.05,48.82,6.69
ORD-103153,2023-06-13,CUST-0355,Consumer,East,Office Supplies,4,95.64,0.05,363.43,65.17
ORD-102593,2023-06-13,CUST-0644,Consumer,West,Office Supplies,6,99.1,0.0,594.6,83.59
ORD-104034,2023-06-13,CUST-0421,Corporate,South,Office Supplies,10,140.29,0.0,1402.9,263.6
ORD-104341,2023-06-14,CUST-0404,Corporate,West,Technology,4,1119.49,0.1,4030.16,306.28
ORD-100436,2023-06-14,CUST-0269,Home Office,Central,Technology,8,756.98,0.0,6055.84,1104.54
ORD-100804,2023-06-15,CUST-0500,Home Office,West,Office Supplies,5,95.1,0.1,427.95,19.54
ORD-104853,2023-06-15,CUST-0795,Corporate,East,Office Supplies,8,105.77,0.0,846.16,161.6
ORD-104305,2023-06-15,CUST-0800,Consumer,North,Office Supplies,7,115.57,0.0,808.99,177.56
ORD-101039,2023-06-15,CUST-0457,Consumer,Central,Office Supplies,4,119.1,0.0,476.4,66.52
ORD-100963,2023-06-15,CUST-0001,Corporate,Central,Office Supplies,6,79.31,0.1,428.27,29.25
ORD-102265,2023-06-16,CUST-0581,Consumer,North,Furniture,7,496.39,0.2,2779.78,-329.27
ORD-104652,2023-06-16,CUST-0134,Corporate,North,Office Supplies,7,87.29,0.1,549.93,54.67
ORD-102889,2023-06-17,CUST-0181,Home Office,North,Furniture,1,342.79,0.0,342.79,33.74
ORD-104181,2023-06-17,CUST-0384,Corporate,Central,Office Supplies,7,52.09,0.05,346.4,83.92
ORD-104340,2023-06-17,CUST-0143,Consumer,East,Office Supplies,7,18.65,0.0,130.55,11.7
ORD-101531,2023-06-17,CUST-0331,Home Office,East,Office Supplies,10,133.25,0.2,1066.0,63.42
ORD-101414,2023-06-17,CUST-0358,Consumer,South,Furniture,9,97.66,0.1,791.05,38.8
ORD-101886,2023-06-17,CUST-0301,Consumer,Central,Office Supplies,2,19.62,0.3,27.47,2.13
ORD-100814,2023-06-17,CUST-0128,Home Office,South,Furniture,9,367.28,0.0,3305.52,260.88
ORD-101274,2023-06-18,CUST-0087,Consumer,Central,Office Supplies,10,17.88,0.1,160.92,12.49
ORD-101673,2023-06-18,CUST-0700,Consumer,West,Furniture,8,250.07,0.2,1600.45,-102.22
ORD-100008,2023-06-18,CUST-0751,Consumer,East,Furniture,5,570.79,0.1,2568.55,91.1
ORD-102972,2023-06-18,CUST-0728,Consumer,Central,Technology,10,223.18,0.05,2120.21,270.19
ORD-103787,2023-06-18,CUST-0169,Corporate,East,Technology,10,377.27,0.1,3395.43,575.69
ORD-101002,2023-06-19,CUST-0509,Home Office,South,Office Supplies,2,90.34,0.0,180.68,27.14
ORD-103667,2023-06-19,CUST-0780,Consumer,Central,Furniture,4,90.69,0.0,362.76,51.88
ORD-103127,2023-06-19,CUST-0756,Consumer,West,Furniture,9,87.14,0.2,627.41,-2.33
ORD-104283,2023-06-20,CUST-0571,Consumer,East,Office Supplies,1,115.25,0.0,115.25,16.02
ORD-103961,2023-06-20,CUST-0776,Consumer,South,Technology,6,320.58,0.1,1731.13,341.76
ORD-101051,2023-06-20,CUST-0733,Home Office,East,Office Supplies,6,44.77,0.2,214.9,-2.3
ORD-103494,2023-06-20,CUST-0070,Home Office,South,Furniture,2,161.65,0.1,290.97,-14.64
ORD-103601,2023-06-21,CUST-0326,Consumer,West,Technology,10,532.63,0.0,5326.3,1141.02
ORD-100036,2023-06-21,CUST-0393,Consumer,North,Office Supplies,2,79.03,0.0,158.06,37.33
ORD-100216,2023-06-22,CUST-0461,Consumer,East,Office Supplies,8,14.61,0.1,105.19,7.46
ORD-104738,2023-06-22,CUST-0727,Corporate,South,Technology,9,337.56,0.2,2430.43,38.52
ORD-102101,2023-06-22,CUST-0346,Consumer,East,Furniture,1,374.06,0.3,261.84,-49.39
ORD-102058,2023-06-22,CUST-0165,Consumer,South,Office Supplies,3,107.6,0.2,258.24,-4.9
ORD-101510,2023-06-22,CUST-0260,Corporate,East,Furniture,5,471.04,0.1,2119.68,135.33
ORD-100887,2023-06-22,CUST-0592,Consumer,West,Office Supplies,8,46.48,0.0,371.84,27.54
ORD-101550,2023-06-22,CUST-0292,Corporate,North,Office Supplies,4,114.35,0.2,365.92,27.23
ORD-104504,2023-06-22,CUST-0235,Home Office,Central,Technology,8,114.59,,916.72,185.82
ORD-100962,2023-06-23,CUST-0071,Corporate,South,Technology,9,969.47,0.0,8725.23,2025.91
ORD-100334,2023-06-23,CUST-0239,Consumer,North,Technology,7,741.42,0.05,4930.44,543.44
ORD-100206,2023-06-23,CUST-0702,Home Office,South,Technology,10,552.87,0.05,5252.26,1387.45
ORD-103235,2023-06-24,CUST-0682,Corporate,,Office Supplies,6,91.38,0.2,438.62,24.9
ORD-101768,2023-06-24,CUST-0286,Home Office,South,Technology,5,240.62,0.0,1203.1,298.07
ORD-104677,2023-06-24,CUST-0106,Home Office,Central,Office Supplies,2,71.12,0.0,142.24,25.84
ORD-103898,2023-06-25,CUST-0670,Consumer,North,Office Supplies,1,25.56,0.0,25.56,5.29
ORD-104704,2023-06-26,CUST-0460,Home Office,South,Furniture,4,188.28,0.05,715.46,11.78
ORD-102378,2023-06-26,CUST-0626,Consumer,West,Furniture,2,133.02,0.0,266.04,-2.07
ORD-103411,2023-06-26,CUST-0396,Corporate,Central,Technology,10,906.05,0.1,8154.45,1177.76
ORD-100473,2023-06-26,CUST-0148,Consumer,East,Furniture,2,369.7,0.0,739.4,41.23
ORD-104187,2023-06-26,CUST-0616,Home Office,West,Furniture,8,444.5,0.2,2844.8,-378.25
ORD-100678,2023-06-26,CUST-0190,Consumer,North,Technology,4,1095.83,0.1,3944.99,852.79
ORD-101802,2023-06-27,CUST-0433,Consumer,West,Furniture,8,296.64,0.0,2373.12,340.78
ORD-101653,2023-06-27,CUST-0550,Corporate,Central,Office Supplies,2,111.68,0.0,223.36,37.65
ORD-101239,2023-06-27,CUST-0055,Corporate,North,Office Supplies,4,35.67,0.05,135.55,32.67
ORD-100301,2023-06-27,CUST-0527,Consumer,North,Furniture,3,449.78,0.05,1281.87,56.36
ORD-103368,2023-06-27,CUST-0435,Corporate,South,Furniture,4,88.65,0.0,354.6,23.95
ORD-104042,2023-06-28,CUST-0407,Corporate,Central,Furniture,9,166.64,0.0,1499.76,193.08
ORD-102779,2023-06-28,CUST-0162,Home Office,East,Office Supplies,4,57.88,0.2,185.22,3.1
ORD-104848,2023-06-29,CUST-0123,Consumer,West,Technology,10,456.14,0.05,4333.33,896.93
ORD-104616,2023-06-29,CUST-0618,Consumer,South,Technology,2,123.99,0.05,235.58,51.2
ORD-102727,2023-06-29,CUST-0104,Corporate,Central,Furniture,1,144.84,0.2,115.87,-4.1
ORD-102236,2023-06-29,CUST-0427,Consumer,South,Office Supplies,5,135.75,0.0,678.75,70.53
ORD-104788,2023-06-30,CUST-0711,Consumer,South,Office Supplies,2,86.62,0.0,173.24,32.64
ORD-100340,2023-06-30,CUST-0513,Corporate,South,Furniture,9,366.99,0.1,2972.62,35.55
ORD-101188,2023-06-30,CUST-0731,Consumer,East,Furniture,6,522.71,0.0,3136.26,402.61
ORD-100670,2023-06-30,CUST-0225,Home Office,South,Office Supplies,9,97.65,0.1,790.96,65.32
ORD-103811,2023-07-01,CUST-0654,Home Office,South,Furniture,7,190.22,0.0,1331.54,170.78
ORD-100763,2023-07-01,CUST-0558,Consumer,West,Furniture,3,211.21,0.0,633.63,-13.68
ORD-104846,2023-07-01,CUST-0560,Home Office,North,Office Supplies,5,23.18,0.0,115.9,13.71
ORD-101116,2023-07-01,CUST-0276,Consumer,West,Furniture,7,474.48,0.2,2657.09,-152.81
ORD-100917,2023-07-01,CUST-0154,Consumer,West,Furniture,2,450.08,0.3,630.11,-120.06
ORD-104427,2023-07-01,CUST-0482,Home Office,North,Office Supplies,8,42.62,0.1,306.86,48.37
ORD-101053,2023-07-02,CUST-0246,Corporate,West,Furniture,1,537.52,0.2,430.02,-24.48
ORD-101104,2023-07-02,CUST-0265,Corporate,East,Furniture,2,395.43,0.1,711.77,75.57
ORD-102333,2023-07-02,CUST-0482,Home Office,North,Office Supplies,9,48.89,0.1,396.01,33.17
ORD-103390,2023-07-02,CUST-0021,Consumer,Central,Office Supplies,7,18.44,0.05,122.63,8.56
ORD-103928,2023-07-02,CUST-0534,Consumer,Central,Technology,2,1153.94,0.05,2192.49,288.16
ORD-103977,2023-07-03,CUST-0005,Corporate,Central,Office Supplies,7,89.99,0.0,629.93,80.42
ORD-102713,2023-07-03,CUST-0263,Consumer,South,Office Supplies,9,142.64,0.0,1283.76,269.62
ORD-101367,2023-07-03,CUST-0468,Home Office,Central,Office Supplies,8,122.77,0.0,982.16,314.55
ORD-103224,2023-07-03,CUST-0340,Consumer,South,Furniture,7,456.08,0.0,3192.56,404.46
ORD-100058,2023-07-04,CUST-0414,Home Office,East,Technology,2,311.91,0.0,623.82,95.8
ORD-101601,2023-07-04,CUST-0332,Corporate,East,Office Supplies,10,34.12,0.1,307.08,25.53
ORD-100049,2023-07-04,CUST-0509,Home Office,South,Office Supplies,1,88.62,0.1,79.76,7.46
ORD-103269,2023-07-04,CUST-0634,Home Office,East,Technology,2,691.69,0.1,1245.04,93.39
ORD-100309,2023-07-04,CUST-0051,Home Office,West,Furniture,8,409.58,0.2,2621.31,-253.52
ORD-102012,2023-07-04,CUST-0494,Home Office,West,Technology,10,574.03,0.05,5453.28,968.57
ORD-103571,2023-07-04,CUST-0404,Corporate,West,Furniture,10,324.55,0.0,3245.5,332.42
ORD-100230,2023-07-04,CUST-0020,Consumer,Central,Office Supplies,6,127.99,0.1,691.15,51.51
ORD-100152,2023-07-04,CUST-0319,Home Office,West,Furniture,10,219.8,0.1,1978.2,123.66
ORD-101756,2023-07-05,CUST-0017,Home Office,West,Office Supplies,2,117.71,0.1,211.88,16.9
ORD-102007,2023-07-06,CUST-0126,Consumer,East,Office Supplies,1,146.53,0.2,117.22,-12.68
ORD-100544,2023-07-06,CUST-0477,Home Office,West,Technology,5,461.72,0.05,2193.17,459.35
ORD-104538,2023-07-06,CUST-0545,Home Office,Central,Furniture,3,261.82,0.1,706.91,42.36
ORD-103025,2023-07-06,CUST-0144,Corporate,East,Furniture,1,304.51,0.05,289.28,5.12
ORD-102183,2023-07-07,CUST-0094,Home Office,West,Office Supplies,7,124.51,0.0,871.57,66.74
ORD-103890,2023-07-07,CUST-0619,Consumer,Central,Office Supplies,3,108.79,0.05,310.05,8.9
ORD-103162,2023-07-07,CUST-0759,Corporate,West,Office Supplies,1,17.97,0.1,16.17,0.77
ORD-104675,2023-07-07,CUST-0391,Corporate,West,Office Supplies,8,83.38,0.0,667.04,120.79
ORD-103606,2023-07-08,CUST-0677,Corporate,North,Technology,1,448.87,0.05,426.43,65.86
ORD-103900,2023-07-08,CUST-0787,Consumer,West,Office Supplies,8,83.98,0.05,638.25,26.73
ORD-103969,2023-07-08,CUST-0254,Home Office,West,Office Supplies,1,101.36,0.0,101.36,15.27
ORD-100416,2023-07-08,CUST-0125,Consumer,East,Furniture,4,526.46,0.0,2105.84,222.08
ORD-102476,2023-07-08,CUST-0069,Home Office,North,Technology,1,855.2,0.1,769.68,116.69
ORD-103188,2023-07-08,CUST-0790,Consumer,West,Office Supplies,8,17.55,0.0,140.4,25.88
ORD-100805,2023-07-09,CUST-0308,Consumer,Central,Office Supplies,7,102.36,0.1,644.87,4.13
ORD-100203,2023-07-09,CUST-0236,Consumer,Central,Technology,1,659.75,0.05,626.76,167.54
ORD-101150,2023-07-09,CUST-0004,Consumer,South,Technology,6,757.33,0.0,4543.98,1272.7
ORD-100263,2023-07-09,CUST-0141,Consumer,South,Office Supplies,8,75.14,0.3,420.78,-34.02
ORD-102605,2023-07-09,CUST-0418,Consumer,Central,Office Supplies,1,115.12,0.0,115.12,21.34
ORD-100127,2023-07-10,CUST-0116,Home Office,North,Office Supplies,4,100.51,0.1,361.84,75.49
ORD-103971,2023-07-10,CUST-0504,Consumer,West,Office Supplies,4,74.84,0.05,284.39,18.61
ORD-100461,2023-07-11,CUST-0641,Consumer,North,Office Supplies,9,95.52,0.3,601.78,-62.48
ORD-102890,2023-07-12,CUST-0015,Corporate,East,Technology,9,1073.31,0.0,9659.79,2249.21
ORD-100260,2023-07-12,CUST-0145,Corporate,South,Furniture,9,563.52,0.0,5071.68,280.92
ORD-103214,2023-07-12,CUST-0088,Home Office,South,Office Supplies,10,114.39,0.1,1029.51,184.46
ORD-102516,2023-07-12,CUST-0760,Corporate,West,Office Supplies,1,101.48,0.0,101.48,24.83
ORD-104368,2023-07-13,CUST-0182,Corporate,West,Furniture,1,561.61,0.0,561.61,75.31
ORD-101164,2023-07-13,CUST-0476,Home Office,Central,Furniture,10,158.84,0.1,1429.56,9.27
ORD-102048,2023-07-13,CUST-0103,Corporate,East,Technology,5,665.59,0.0,3327.95,810.5
ORD-100375,2023-07-14,CUST-0425,Home Office,West,Furniture,2,285.38,0.0,570.76,40.57
ORD-102952,2023-07-14,CUST-0724,Home Office,South,Office Supplies,10,122.95,0.3,860.65,-77.66
ORD-101528,2023-07-14,CUST-0658,Consumer,East,Furniture,4,148.5,0.0,594.0,102.33
ORD-100468,2023-07-15,CUST-0609,Corporate,East,Furniture,1,362.66,0.0,362.66,24.47
ORD-104719,2023-07-15,CUST-0525,Consumer,Central,Office Supplies,1,19.85,0.0,19.85,2.29
ORD-104456,2023-07-16,CUST-0683,Corporate,East,Technology,9,916.43,0.0,8247.87,2128.43
ORD-102911,2023-07-16,CUST-0598,Corporate,East,Office Supplies,9,54.73,0.0,492.57,54.71
ORD-102902,2023-07-16,CUST-0044,Home Office,East,Technology,3,240.95,0.05,686.71,135.05
ORD-100848,2023-07-16,CUST-0738,Corporate,East,Office Supplies,8,17.61,0.1,126.79,17.46
ORD-102375,2023-07-17,CUST-0211,Consumer,Central,Technology,7,633.88,0.2,3549.73,427.84
ORD-101914,2023-07-17,CUST-0068,Corporate,East,Office Supplies,7,93.55,0.0,654.85,90.39
ORD-104880,2023-07-17,CUST-0311,Consumer,East,Technology,1,347.16,0.0,347.16,67.36
ORD-104251,2023-07-17,CUST-0799,Consumer,South,Furniture,3,471.53,0.0,1414.59,120.09
ORD-102359,2023-07-17,CUST-0345,Consumer,Central,Furniture,7,300.29,0.0,2102.03,222.27
ORD-102382,2023-07-18,CUST-0173,Home Office,North,Furniture,7,441.92,0.0,3093.44,221.51
ORD-101989,2023-07-18,CUST-0458,Consumer,West,Office Supplies,8,146.14,0.3,818.38,-104.37
ORD-100551,2023-07-18,CUST-0606,Consumer,South,Technology,2,358.76,0.05,681.64,112.0
ORD-102525,2023-07-18,CUST-0044,Home Office,East,Furniture,10,306.76,,3067.6,352.76
ORD-100761,2023-07-18,CUST-0176,Corporate,East,Furniture,6,397.32,0.3,1668.74,-407.2
ORD-104413,2023-07-18,CUST-0436,Consumer,North,Furniture,9,261.58,0.1,2118.8,-2.42
ORD-104465,2023-07-19,CUST-0158,Corporate,East,Office Supplies,9,7.21,0.05,61.65,13.66
ORD-102173,2023-07-19,CUST-0394,Consumer,North,Technology,4,831.29,0.05,3158.9,499.29
ORD-103057,2023-07-19,CUST-0411,Home Office,South,Technology,3,678.32,0.2,1627.97,-12.06
ORD-100090,2023-07-20,CUST-0121,Consumer,Central,Office Supplies,5,68.79,0.2,275.16,6.64
ORD-104125,2023-07-20,CUST-0219,Corporate,West,Office Supplies,3,134.93,0.1,364.31,42.79
ORD-101003,2023-07-20,CUST-0406,Consumer,North,Technology,6,118.44,0.05,675.11,65.85
ORD-104007,2023-07-20,CUST-0423,Home Office,South,Furniture,7,195.68,0.2,1095.81,-42.78
ORD-102008,2023-07-21,CUST-0408,Home Office,East,Office Supplies,9,49.67,0.3,312.92,-35.55
ORD-104223,2023-07-21,CUST-0468,Home Office,Central,Furniture,10,338.05,0.0,3380.5,305.47
ORD-100984,2023-07-21,CUST-0709,Corporate,South,Furniture,9,284.87,0.2,2051.06,-305.68
ORD-100194,2023-07-21,CUST-0721,Consumer,South,Technology,9,287.78,0.0,2590.02,484.88
ORD-103705,2023-07-21,CUST-0568,Consumer,North,Office Supplies,6,93.78,0.2,450.14,-38.09
ORD-103527,2023-07-22,CUST-0543,Home Office,West,Office Supplies,5,84.12,0.2,336.48,14.66
ORD-101783,2023-07-22,CUST-0471,Corporate,West,Office Supplies,10,23.26,0.1,209.34,17.26
ORD-101110,2023-07-22,CUST-0228,Consumer,South,Technology,9,1119.05,0.1,9064.3,863.45
ORD-103793,2023-07-22,CUST-0742,Home Office,North,Office Supplies,10,15.53,0.0,155.3,11.57
ORD-102682,2023-07-22,CUST-0797,Corporate,East,Technology,4,1045.75,0.0,4183.0,938.36
ORD-100267,2023-07-22,CUST-0383,Consumer,East,Technology,6,866.26,0.2,4158.05,-168.48
ORD-101442,2023-07-22,CUST-0265,Corporate,East,Technology,7,150.9,0.05,1003.48,259.06
ORD-101963,2023-07-22,CUST-0432,Corporate,East,Office Supplies,9,98.07,0.1,794.37,123.31
ORD-102950,2023-07-22,CUST-0006,Corporate,South,Technology,9,424.21,0.0,3817.89,644.77
ORD-101153,2023-07-22,CUST-0786,Consumer,North,Furniture,1,223.61,0.2,178.89,-34.07
ORD-104935,2023-07-22,CUST-0145,Corporate,South,Furniture,9,490.46,0.0,4414.14,454.65
ORD-100522,2023-07-22,CUST-0265,Corporate,East,Technology,1,1037.12,0.0,1037.12,255.77
ORD-101518,2023-07-23,CUST-0015,Corporate,East,Furniture,1,80.36,0.0,80.36,12.03
ORD-103538,2023-07-23,CUST-0215,Consumer,South,Office Supplies,9,49.92,0.05,426.82,83.19
ORD-104387,2023-07-23,CUST-0395,Consumer,North,Furniture,9,540.29,0.2,3890.09,-573.08
ORD-101842,2023-07-23,CUST-0562,Consumer,East,Furniture,7,198.33,0.0,1388.31,261.89
ORD-100028,2023-07-23,CUST-0604,Corporate,North,Furniture,6,89.58,0.0,537.48,68.33
ORD-103424,2023-07-23,CUST-0707,Consumer,East,Office Supplies,7,47.07,0.0,329.49,62.18
ORD-103198,2023-07-23,CUST-0066,Home Office,North,Technology,1,1128.06,0.1,1015.25,102.23
ORD-102915,2023-07-24,CUST-0580,Home Office,West,Furniture,8,507.96,0.1,3657.31,233.08
ORD-100702,2023-07-24,CUST-0332,Corporate,East,Office Supplies,8,135.22,0.1,973.58,129.02
ORD-104659,2023-07-24,CUST-0342,Consumer,East,Furniture,8,142.19,0.1,1023.77,-11.55
ORD-101903,2023-07-24,CUST-0365,Corporate,East,Office Supplies,3,8.93,0.1,24.11,1.98
ORD-100441,2023-07-24,CUST-0082,Home Office,North,Office Supplies,10,30.65,0.0,306.5,54.07
ORD-104078,2023-07-25,CUST-0177,Consumer,East,Technology,5,174.14,0.3,609.49,-31.17
ORD-104839,2023-07-25,CUST-0078,Consumer,East,Office Supplies,8,39.59,0.3,221.7,-19.56
ORD-102208,2023-07-25,CUST-0579,Home Office,Central,Office Supplies,8,59.48,0.1,428.26,48.35
ORD-101395,2023-07-25,CUST-0721,Consumer,South,Office Supplies,1,143.8,0.0,143.8,26.45
ORD-104285,2023-07-25,CUST-0613,Home Office,Central,Office Supplies,3,52.37,0.0,157.11,26.42
ORD-102956,2023-07-26,CUST-0387,Consumer,North,Technology,3,548.23,0.1,1480.22,184.2
ORD-104398,2023-07-26,CUST-0627,Consumer,Central,Office Supplies,5,118.36,0.1,532.62,100.09
ORD-103342,2023-07-27,CUST-0197,Consumer,Central,Office Supplies,3,25.46,0.05,72.56,11.97
ORD-103805,2023-07-27,CUST-0557,Corporate,South,Furniture,1,416.1,0.05,395.3,33.32
ORD-104670,2023-07-27,CUST-0745,Home Office,West,Furniture,8,428.87,0.3,2401.67,-418.87
ORD-101433,2023-07-27,CUST-0661,Consumer,South,Office Supplies,5,77.61,0.0,388.05,84.83
ORD-100374,2023-07-27,CUST-0584,Corporate,North,Office Supplies,7,71.92,0.1,453.1,9.56
ORD-103656,2023-07-28,CUST-0582,Corporate,East,Office Supplies,6,89.81,0.1,484.97,0.21
ORD-103967,2023-07-28,CUST-0614,Corporate,South,Office Supplies,8,72.08,0.1,518.98,44.32
ORD-104961,2023-07-29,CUST-0403,Home Office,Central,Office Supplies,6,19.37,0.05,110.41,9.17
ORD-104960,2023-07-29,CUST-0423,Home Office,South,Office Supplies,2,88.66,0.0,177.32,27.06
ORD-103617,2023-07-30,CUST-0340,Consumer,South,Office Supplies,9,35.81,0.0,322.29,21.66
ORD-103116,2023-07-30,CUST-0468,Home Office,Central,Office Supplies,5,131.89,0.1,593.5,77.29
ORD-104564,2023-07-31,CUST-0579,Home Office,Central,Furniture,8,313.44,0.1,2256.77,-96.24
ORD-104921,2023-07-31,CUST-0386,Consumer,East,Office Supplies,3,123.23,0.0,369.69,70.57
ORD-102441,2023-07-31,CUST-0356,Corporate,East,Technology,1,502.35,0.3,351.64,28.19
ORD-100926,2023-07-31,CUST-0602,Consumer,East,Furniture,8,476.03,0.0,3808.24,531.4
ORD-102988,2023-07-31,CUST-0260,Corporate,East,Office Supplies,5,78.95,0.3,276.32,-23.46
ORD-101329,2023-07-31,CUST-0168,Consumer,South,Office Supplies,1,90.23,0.0,90.23,17.31
ORD-104983,2023-07-31,CUST-0800,Consumer,North,Office Supplies,7,79.0,0.0,553.0,70.09
ORD-100088,2023-08-01,CUST-0337,Consumer,West,Technology,9,264.25,0.0,2378.25,698.33
ORD-102922,2023-08-01,CUST-0128,Home Office,South,Technology,4,857.54,0.0,3430.16,740.62
ORD-104008,2023-08-01,CUST-0003,Consumer,North,Technology,7,1025.97,0.2,5745.43,48.32
ORD-100953,2023-08-01,CUST-0168,Consumer,South,Office Supplies,7,93.69,0.2,524.66,2.07
ORD-104062,2023-08-01,CUST-0482,Home Office,North,Technology,9,1126.36,0.1,9123.52,869.92
ORD-103120,2023-08-02,CUST-0104,Corporate,Central,Office Supplies,1,48.97,0.0,48.97,5.71
ORD-102770,2023-08-02,CUST-0151,Home Office,East,Technology,4,516.03,0.3,1444.88,133.08
ORD-102880,2023-08-02,CUST-0599,Consumer,North,Technology,10,957.51,0.05,9096.34,1391.89
ORD-101660,2023-08-02,CUST-0313,Corporate,South,Office Supplies,5,126.88,0.3,444.08,-23.5
ORD-102109,2023-08-03,CUST-0023,Consumer,South,Office Supplies,5,33.76,0.05,160.36,29.06
ORD-102520,2023-08-03,CUST-0077,Home Office,North,Technology,7,362.78,0.05,2412.49,314.83
ORD-103373,2023-08-03,CUST-0754,Home Office,West,Furniture,10,224.84,0.05,2135.98,-4.37
ORD-104572,2023-08-03,CUST-0279,Consumer,North,Office Supplies,1,25.84,0.0,25.84,5.84
ORD-100888,2023-08-03,CUST-0226,Consumer,West,Office Supplies,10,98.45,0.0,984.5,204.31
ORD-100777,2023-08-03,CUST-0365,Corporate,East,Office Supplies,3,126.65,0.0,379.95,89.21
ORD-100537,2023-08-04,CUST-0734,Corporate,East,Office Supplies,6,89.89,0.0,539.34,104.61
ORD-104409,2023-08-04,CUST-0486,Consumer,South,Furniture,3,513.51,0.05,1463.5,56.95
ORD-101359,2023-08-04,CUST-0297,Consumer,South,Office Supplies,8,21.5,0.3,120.4,-19.22
ORD-100967,2023-08-04,CUST-0293,Consumer,North,Office Supplies,5,124.88,0.3,437.08,-14.42
ORD-103234,2023-08-05,CUST-0145,Corporate,South,Office Supplies,7,93.95,0.0,657.65,113.43
ORD-103533,2023-08-05,CUST-0666,Corporate,North,Furniture,8,467.52,0.05,3553.15,115.97
ORD-100174,2023-08-05,CUST-0790,Consumer,West,Furniture,7,352.93,0.05,2346.98,136.2
ORD-103759,2023-08-06,CUST-0087,Consumer,Central,Furniture,4,130.47,0.0,521.88,66.09
ORD-100797,2023-08-06,CUST-0551,Consumer,South,Furniture,1,206.78,0.05,196.44,18.93
ORD-104466,2023-08-06,CUST-0517,Corporate,East,Furniture,7,583.45,0.1,3675.74,67.01
ORD-100265,2023-08-06,CUST-0176,Corporate,East,Furniture,9,578.31,0.0,5204.79,498.58
ORD-100924,2023-08-06,CUST-0034,Consumer,Central,Office Supplies,9,148.0,0.05,1265.4,201.66
ORD-104373,2023-08-07,CUST-0209,Consumer,West,Furniture,5,281.57,0.2,1126.28,2.78
ORD-101297,2023-08-07,CUST-0348,Consumer,North,Furniture,9,138.9,0.1,1125.09,4.51
ORD-102695,2023-08-07,CUST-0582,Corporate,East,Office Supplies,2,45.07,0.05,85.63,3.7
ORD-102587,2023-08-07,CUST-0793,Consumer,South,Office Supplies,3,79.3,0.3,166.53,-14.12
ORD-102809,2023-08-07,CUST-0156,Corporate,Central,Technology,7,226.84,0.2,1270.3,118.44
ORD-100538,2023-08-07,CUST-0113,Corporate,North,Office Supplies,2,97.08,0.0,194.16,25.93
ORD-100083,2023-08-08,CUST-0121,Consumer,Central,Technology,1,111.61,0.0,111.61,31.56
ORD-104708,2023-08-09,CUST-0094,Home Office,West,Furniture,4,132.98,0.0,531.92,53.06
ORD-103734,2023-08-09,CUST-0558,Consumer,West,Office Supplies,2,45.69,0.2,73.1,-6.02
ORD-101844,2023-08-09,CUST-0112,Corporate,West,Furniture,7,497.34,0.1,3133.24,-163.57
ORD-101099,2023-08-09,CUST-0364,Consumer,North,Technology,2,761.94,0.0,1523.88,268.11
ORD-104996,2023-08-10,CUST-0435,Corporate,South,Furniture,4,224.78,0.3,629.38,-69.26
ORD-101163,2023-08-10,CUST-0308,Consumer,Central,Office Supplies,5,27.03,0.1,121.64,17.03
ORD-102724,2023-08-10,CUST-0736,Consumer,West,Furniture,8,449.94,0.0,3599.52,489.67
ORD-101761,2023-08-11,CUST-0250,Home Office,South,Office Supplies,3,86.35,0.0,259.05,44.96
ORD-102943,2023-08-11,CUST-0486,Consumer,South,Office Supplies,10,102.13,0.0,1021.3,113.75
ORD-101469,2023-08-11,CUST-0125,Consumer,East,Furniture,9,427.28,0.05,3653.24,54.94
ORD-101780,2023-08-12,CUST-0095,Corporate,West,Office Supplies,4,19.06,0.2,60.99,4.08
ORD-101589,2023-08-12,CUST-0618,Consumer,South,Furniture,10,290.73,0.1,2616.57,20.95
ORD-102185,2023-08-12,CUST-0494,Home Office,West,Furniture,10,399.5,0.0,3995.0,453.54
ORD-103099,2023-08-12,CUST-0224,Consumer,East,Technology,5,640.06,0.1,2880.27,351.1
ORD-104375,2023-08-12,CUST-0260,Corporate,East,Office Supplies,4,122.31,0.0,489.24,120.4
ORD-102708,2023-08-13,CUST-0626,Consumer,West,Office Supplies,3,115.71,0.0,347.13,41.99
ORD-102340,2023-08-13,CUST-0530,Corporate,East,Office Supplies,3,144.38,0.3,303.2,-32.32
ORD-101266,2023-08-13,CUST-0121,Consumer,Central,Technology,4,950.27,0.2,3040.86,95.01
ORD-100130,2023-08-13,CUST-0227,Consumer,West,Furniture,1,200.26,0.1,180.23,7.44
ORD-100351,2023-08-14,CUST-0039,Consumer,West,Office Supplies,6,126.24,0.1,681.7,42.83
ORD-103681,2023-08-14,CUST-0562,Consumer,East,Technology,1,634.94,0.3,444.46,-26.66
ORD-104235,2023-08-15,CUST-0553,Home Office,West,Technology,10,643.69,0.3,4505.83,-217.51
ORD-101224,2023-08-15,CUST-0628,Corporate,North,Furniture,2,134.62,0.1,242.32,17.34
ORD-103517,2023-08-15,CUST-0331,Home Office,East,Technology,8,1004.67,0.05,7635.49,1230.53
ORD-104011,2023-08-15,CUST-0364,Consumer,North,Furniture,9,327.13,0.3,2060.92,-333.03
ORD-103141,2023-08-16,CUST-0560,Home Office,,Office Supplies,8,63.41,0.0,507.28,69.37
ORD-100515,2023-08-16,CUST-0339,Corporate,West,Office Supplies,1,51.55,0.05,48.97,5.67
ORD-102547,2023-08-16,CUST-0021,Consumer,Central,Technology,8,179.05,0.0,1432.4,292.53
ORD-100807,2023-08-16,CUST-0118,Corporate,Central,Furniture,7,114.91,0.3,563.06,-59.76
ORD-100453,2023-08-16,CUST-0111,Corporate,West,Office Supplies,10,12.38,0.2,99.04,4.59
ORD-103183,2023-08-17,CUST-0555,Home Office,West,Office Supplies,7,46.45,0.05,308.89,52.73
ORD-102316,2023-08-18,CUST-0215,Consumer,South,Office Supplies,8,5.45,0.0,43.6,6.4
ORD-100271,2023-08-18,CUST-0401,Consumer,Central,Technology,8,424.77,0.1,3058.34,402.41
ORD-104073,2023-08-19,CUST-0083,Consumer,South,Furniture,7,199.03,0.05,1323.55,49.31
ORD-102742,2023-08-19,CUST-0224,Consumer,East,Technology,5,348.8,0.0,1744.0,405.37
ORD-104198,2023-08-19,CUST-0627,Consumer,Central,Office Supplies,3,116.57,0.0,349.71,63.51
ORD-101974,2023-08-19,CUST-0323,Consumer,East,Office Supplies,8,29.48,0.1,212.26,24.86
ORD-101184,2023-08-19,CUST-0222,Home Office,West,Furniture,5,486.49,0.3,1702.71,-240.28
ORD-101525,2023-08-19,CUST-0596,Home Office,West,Office Supplies,5,50.68,0.05,240.73,35.29
ORD-104464,2023-08-19,CUST-0616,Home Office,West,Technology,5,411.93,0.3,1441.76,-70.33
ORD-104638,2023-08-20,CUST-0534,Consumer,Central,Office Supplies,3,122.21,0.05,348.3,31.46
ORD-101597,2023-08-20,CUST-0528,Corporate,South,Technology,3,315.84,0.1,852.77,123.6
ORD-101238,2023-08-20,CUST-0784,Corporate,South,Office Supplies,7,118.04,0.0,826.28,73.64
ORD-101543,2023-08-21,CUST-0701,Consumer,South,Technology,8,1154.7,0.1,8313.84,1083.85
ORD-101183,2023-08-21,CUST-0633,Home Office,West,Technology,9,217.28,0.1,1759.97,108.98
ORD-104227,2023-08-21,CUST-0426,Consumer,East,Furniture,4,556.79,0.0,2227.16,241.27
ORD-103643,2023-08-21,CUST-0750,Consumer,North,Office Supplies,2,89.58,0.05,170.2,14.88
ORD-101943,2023-08-21,CUST-0038,Home Office,South,Office Supplies,4,5.57,0.05,21.17,3.34
ORD-101123,2023-08-21,CUST-0292,Corporate,North,Technology,6,1100.05,0.0,6600.3,1518.37
ORD-100114,2023-08-21,CUST-0563,Corporate,North,Office Supplies,5,79.84,0.2,319.36,43.69
ORD-101015,2023-08-22,CUST-0321,Corporate,North,Technology,9,150.15,0.1,1216.22,215.98
ORD-100586,2023-08-22,CUST-0315,Corporate,South,Office Supplies,8,85.75,0.0,686.0,126.07
ORD-101895,2023-08-22,CUST-0534,Consumer,Central,Technology,4,138.33,0.2,442.66,19.94
ORD-103803,2023-08-23,CUST-0422,Consumer,South,Office Supplies,10,87.36,0.05,829.92,73.91
ORD-102112,2023-08-23,CUST-0750,Consumer,North,Technology,3,457.68,0.0,1373.04,211.93
ORD-100850,2023-08-23,CUST-0107,Corporate,West,Office Supplies,2,47.63,0.2,76.21,4.26
ORD-103944,2023-08-23,CUST-0564,Corporate,South,Technology,7,279.1,0.1,1758.33,139.5
ORD-104089,2023-08-23,CUST-0770,Consumer,South,Technology,2,231.97,0.2,371.15,-3.52
ORD-101911,2023-08-24,CUST-0513,Corporate,South,Furniture,7,290.96,0.0,2036.72,469.38
ORD-104826,2023-08-24,CUST-0129,Consumer,South,Office Supplies,3,24.46,0.05,69.71,13.88
ORD-100942,2023-08-25,CUST-0517,Corporate,East,Office Supplies,3,99.56,0.3,209.08,-26.95
ORD-104902,2023-08-25,CUST-0511,Home Office,Central,Technology,1,285.24,0.0,285.24,42.77
ORD-100195,2023-08-25,CUST-0515,Consumer,Central,Furniture,4,472.29,0.0,1889.16,198.59
ORD-102313,2023-08-26,CUST-0362,Consumer,North,Technology,8,350.2,0.0,2801.6,425.2
ORD-104396,2023-08-26,CUST-0204,Corporate,North,Furniture,9,199.37,0.1,1614.9,-31.23
ORD-104421,2023-08-26,CUST-0412,Consumer,South,Office Supplies,1,51.13,,46.02,-1.4
ORD-103999,2023-08-26,CUST-0594,Home Office,West,Office Supplies,7,74.18,0.0,519.26,100.32
ORD-102083,2023-08-27,CUST-0005,Corporate,Central,Furniture,9,191.96,0.1,1554.88,-32.34
ORD-100281,2023-08-27,CUST-0498,Consumer,West,Office Supplies,7,43.78,0.1,275.81,22.75
ORD-104069,2023-08-27,CUST-0133,Home Office,Central,Furniture,3,366.16,0.1,988.63,37.42
ORD-100552,2023-08-27,CUST-0734,Corporate,East,Office Supplies,7,107.71,0.2,603.18,-50.98
ORD-101833,2023-08-27,CUST-0639,Corporate,Central,Office Supplies,9,142.18,0.0,1279.62,233.71
ORD-104795,2023-08-27,CUST-0256,Home Office,South,Technology,5,865.37,0.0,4326.85,848.73
ORD-104220,2023-08-28,CUST-0746,Consumer,Central,Office Supplies,4,39.79,0.0,159.16,23.39
ORD-104597,2023-08-28,CUST-0727,Corporate,,Furniture,9,257.11,0.3,1619.79,-292.35
ORD-103067,2023-08-28,CUST-0041,Home Office,Central,Office Supplies,7,104.41,0.05,694.33,133.61
ORD-102736,2023-08-28,CUST-0308,Consumer,Central,Technology,8,606.34,0.1,4365.65,253.32
ORD-101462,2023-08-29,CUST-0475,Corporate,South,Technology,2,915.39,0.2,1464.62,22.47
ORD-104350,2023-08-29,CUST-0112,Corporate,West,Furniture,3,563.08,0.0,1689.24,235.33
ORD-102969,2023-08-30,CUST-0780,Consumer,Central,Office Supplies,2,81.61,0.05,155.06,12.21
ORD-100455,2023-08-30,CUST-0004,Consumer,South,Office Supplies,7,118.15,0.0,827.05,140.85
ORD-103684,2023-08-31,CUST-0077,Home Office,North,Office Supplies,3,26.79,0.2,64.3,-0.87
ORD-103563,2023-08-31,CUST-0308,Consumer,Central,Furniture,4,380.69,0.2,1218.21,-177.95
ORD-104005,2023-08-31,CUST-0479,Home Office,North,Office Supplies,6,63.52,0.0,381.12,60.17
ORD-103038,2023-08-31,CUST-0273,Consumer,South,Technology,7,1030.85,0.1,6494.36,656.04
ORD-103149,2023-08-31,CUST-0347,Corporate,West,Furniture,8,291.58,0.0,2332.64,177.07
ORD-102808,2023-08-31,CUST-0122,Corporate,North,Office Supplies,3,84.58,0.0,253.74,39.46
ORD-100715,2023-09-01,CUST-0334,Corporate,South,Office Supplies,4,91.92,0.0,367.68,95.16
ORD-101644,2023-09-02,CUST-0384,Corporate,Central,Technology,4,668.97,0.1,2408.29,341.51
ORD-100898,2023-09-02,CUST-0532,Consumer,South,Office Supplies,1,80.81,0.3,56.57,-2.05
ORD-103941,2023-09-02,CUST-0619,Consumer,Central,Office Supplies,7,142.62,0.0,998.34,150.13
ORD-104215,2023-09-02,CUST-0455,Home Office,South,Office Supplies,10,65.53,0.1,589.77,54.05
ORD-102203,2023-09-02,CUST-0159,Consumer,South,Technology,7,1143.52,0.3,5603.25,-46.53
ORD-104426,2023-09-03,CUST-0784,Corporate,South,Office Supplies,10,48.69,0.05,462.55,55.38
ORD-103108,2023-09-03,CUST-0643,Consumer,North,Furniture,7,422.68,0.2,2367.01,-118.57
ORD-104252,2023-09-03,CUST-0702,Home Office,South,Furniture,8,126.22,0.05,959.27,129.24
ORD-102747,2023-09-03,CUST-0564,Corporate,South,Technology,4,215.07,0.1,774.25,158.74
ORD-104093,2023-09-03,CUST-0306,Corporate,North,Furniture,2,152.74,0.1,274.93,-10.65
ORD-102077,2023-09-03,CUST-0177,Consumer,East,Technology,4,1188.57,0.1,4278.85,684.55
ORD-103154,2023-09-03,CUST-0752,Consumer,West,Furniture,2,493.56,,690.98,-116.9
ORD-104796,2023-09-04,CUST-0483,Home Office,East,Technology,3,200.89,0.1,542.4,96.47
ORD-100979,2023-09-04,CUST-0597,Consumer,West,Technology,6,800.11,0.05,4560.63,643.83
ORD-100766,2023-09-05,CUST-0763,Home Office,South,Furniture,4,147.94,0.1,532.58,7.43
ORD-104939,2023-09-05,CUST-0479,Home Office,North,Furniture,6,596.56,0.2,2863.49,-360.53
ORD-103441,2023-09-05,CUST-0315,Corporate,South,Office Supplies,7,12.23,0.2,68.49,6.97
ORD-101471,2023-09-05,CUST-0762,Consumer,North,Technology,8,838.4,0.05,6371.84,1199.16
ORD-102281,2023-09-05,CUST-0152,Consumer,East,Technology,3,328.91,0.2,789.38,2.79
ORD-104507,2023-09-05,CUST-0489,Corporate,Central,Office Supplies,1,138.39,0.0,138.39,33.76
ORD-101336,2023-09-05,CUST-0282,Consumer,West,Office Supplies,9,131.02,0.1,1061.26,164.79
ORD-100662,2023-09-05,CUST-0210,Corporate,Central,Office Supplies,4,145.33,0.0,581.32,128.69
ORD-103167,2023-09-06,CUST-0143,Consumer,East,Office Supplies,1,88.13,0.1,79.32,3.71
ORD-103266,2023-09-06,CUST-0520,Corporate,Central,Office Supplies,3,60.89,0.0,182.67,38.45
ORD-101696,2023-09-06,CUST-0566,Consumer,East,Furniture,8,507.91,0.0,4063.28,308.78
ORD-101627,2023-09-06,CUST-0574,Consumer,North,Furniture,9,132.52,0.0,1192.68,122.64
ORD-101368,2023-09-06,CUST-0684,Consumer,Central,Furniture,2,105.61,0.3,147.85,-40.07
ORD-103741,2023-09-06,CUST-0545,Home Office,Central,Office Supplies,5,39.73,0.05,188.72,26.48
ORD-101887,2023-09-06,CUST-0653,Corporate,Central,Office Supplies,2,46.59,0.1,83.86,11.85
ORD-103629,2023-09-07,CUST-0402,Corporate,North,Office Supplies,9,23.44,0.3,147.67,-10.64
ORD-101404,2023-09-07,CUST-0668,Home Office,West,Office Supplies,3,67.02,0.0,201.06,42.88
ORD-102397,2023-09-07,CUST-0368,Consumer,East,Office Supplies,1,16.74,0.05,15.9,2.64
ORD-100035,2023-09-07,CUST-0390,Corporate,West,Technology,2,988.69,0.05,1878.51,279.01
ORD-104987,2023-09-07,CUST-0087,Consumer,Central,Technology,5,891.88,0.0,4459.4,1098.4
ORD-102223,2023-09-08,CUST-0307,Corporate,South,Technology,10,779.79,0.05,7408.0,1469.76
ORD-104206,2023-09-08,CUST-0682,Corporate,South,Office Supplies,7,96.15,0.2,538.44,42.31
ORD-103124,2023-09-08,CUST-0088,Home Office,South,Office Supplies,3,5.81,0.0,17.43,3.1
ORD-104575,2023-09-09,CUST-0094,Home Office,West,Office Supplies,3,47.15,0.1,127.3,3.27
ORD-103942,2023-09-09,CUST-0713,Corporate,North,Technology,3,653.74,0.2,1568.98,-34.14
ORD-103284,2023-09-09,CUST-0476,Home Office,Central,Furniture,9,382.62,0.0,3443.58,405.98
ORD-101596,2023-09-10,CUST-0416,Home Office,South,Office Supplies,7,20.86,0.3,102.21,-5.57
ORD-100588,2023-09-10,CUST-0754,Home Office,West,Technology,10,473.31,0.2,3786.48,-155.62
ORD-101109,2023-09-11,CUST-0530,Corporate,East,Office Supplies,3,5.96,0.1,16.09,1.17
ORD-103899,2023-09-11,CUST-0713,Corporate,North,Technology,1,622.56,0.2,498.05,59.71
ORD-101195,2023-09-11,CUST-0331,Home Office,East,Office Supplies,6,131.8,0.0,790.8,98.22
ORD-104021,2023-09-12,CUST-0059,Home Office,West,Furniture,9,100.27,0.05,857.31,73.33
ORD-103125,2023-09-12,CUST-0095,Corporate,West,Technology,3,707.57,0.1,1910.44,233.64
ORD-102123,2023-09-12,CUST-0323,Consumer,East,Technology,6,767.09,0.05,4372.41,870.32
ORD-100443,2023-09-12,CUST-0449,Consumer,South,Office Supplies,1,119.9,0.05,113.9,16.74
ORD-102477,2023-09-12,CUST-0671,Home Office,North,Office Supplies,4,103.99,0.0,415.96,56.59
ORD-101276,2023-09-12,CUST-0393,Consumer,North,Office Supplies,2,57.49,0.1,103.48,18.93
ORD-104715,2023-09-13,CUST-0114,Consumer,West,Technology,3,650.01,0.0,1950.03,492.99
ORD-104628,2023-09-14,CUST-0258,Consumer,Central,Furniture,6,224.47,0.2,1077.46,-99.48
ORD-102583,2023-09-14,CUST-0743,Home Office,North,Furniture,1,324.85,0.3,227.4,-27.97
ORD-100025,2023-09-14,CUST-0164,Home Office,East,Office Supplies,1,148.9,0.0,148.9,31.54
ORD-103190,2023-09-14,CUST-0618,Consumer,South,Technology,1,271.7,0.0,271.7,64.88
ORD-103227,2023-09-14,CUST-0090,Consumer,Central,Office Supplies,4,43.98,0.05,167.12,13.87
ORD-101444,2023-09-14,CUST-0247,Corporate,West,Office Supplies,9,57.38,0.05,490.6,58.17
ORD-101232,2023-09-15,CUST-0121,Consumer,Central,Technology,8,1013.48,0.2,6486.27,103.34
ORD-103101,2023-09-15,CUST-0691,Corporate,Central,Technology,5,582.93,0.0,2914.65,790.03
ORD-104377,2023-09-15,CUST-0131,Corporate,Central,Office Supplies,4,75.51,0.1,271.84,41.16
ORD-101628,2023-09-15,CUST-0394,Consumer,North,Technology,8,735.09,0.05,5586.68,652.03
ORD-104248,2023-09-15,CUST-0175,Consumer,South,Technology,5,364.01,0.0,1820.05,498.28
ORD-101590,2023-09-15,CUST-0082,Home Office,North,Technology,7,896.19,0.05,5959.66,651.5
ORD-104750,2023-09-16,CUST-0528,Corporate,South,Technology,10,250.84,0.05,2382.98,367.58
ORD-100198,2023-09-16,CUST-0780,Consumer,Central,Technology,10,529.86,0.2,4238.88,220.97
ORD-103973,2023-09-17,CUST-0479,Home Office,North,Office Supplies,10,43.54,0.3,304.78,-33.13
ORD-102245,2023-09-17,CUST-0550,Corporate,Central,Office Supplies,1,35.32,0.0,35.32,5.23
ORD-100884,2023-09-17,CUST-0128,Home Office,South,Office Supplies,4,119.34,0.05,453.49,47.49
ORD-101046,2023-09-18,CUST-0362,Consumer,North,Office Supplies,1,56.94,0.0,56.94,6.43
ORD-101519,2023-09-18,CUST-0043,Corporate,North,Office Supplies,4,77.65,0.05,295.07,39.37
ORD-102616,2023-09-18,CUST-0055,Corporate,North,Technology,3,873.32,0.1,2357.96,249.39
ORD-102327,2023-09-18,CUST-0457,Consumer,Central,Office Supplies,10,149.9,0.0,1499.0,257.83
ORD-100418,2023-09-18,CUST-0596,Home Office,West,Office Supplies,2,104.11,0.1,187.4,31.59
ORD-102421,2023-09-18,CUST-0026,Consumer,North,Office Supplies,1,143.05,0.0,143.05,16.41
ORD-103608,2023-09-19,CUST-0017,Home Office,West,Office Supplies,6,130.42,0.0,782.52,129.79
ORD-101511,2023-09-19,CUST-0488,Home Office,Central,Technology,9,363.11,0.3,2287.59,-59.91
ORD-102639,2023-09-19,CUST-0481,Consumer,,Furniture,7,132.27,0.0,925.89,127.3
ORD-100851,2023-09-20,CUST-0517,Corporate,East,Furniture,9,107.83,0.0,970.47,68.33
ORD-103749,2023-09-21,CUST-0182,Corporate,West,Technology,4,483.5,0.0,1934.0,161.73
ORD-102081,2023-09-21,CUST-0363,Consumer,Central,Office Supplies,4,90.09,0.05,342.34,25.82
ORD-100050,2023-09-21,CUST-0261,Consumer,North,Office Supplies,4,95.01,0.0,380.04,97.09
ORD-100212,2023-09-21,CUST-0687,Consumer,North,Office Supplies,10,131.66,0.1,1184.94,165.91
ORD-102288,2023-09-21,CUST-0213,Consumer,South,Technology,2,170.93,0.05,324.77,65.74
ORD-101643,2023-09-22,CUST-0677,Corporate,North,Office Supplies,10,28.99,0.1,260.91,17.69
ORD-104390,2023-09-22,CUST-0246,Corporate,West,Technology,2,929.77,0.2,1487.63,28.12
ORD-104640,2023-09-22,CUST-0163,Corporate,North,Furniture,5,270.8,0.1,1218.6,1.83
ORD-100435,2023-09-23,CUST-0031,Consumer,East,Office Supplies,7,74.75,0.0,523.25,82.68
ORD-101946,2023-09-23,CUST-0381,Consumer,South,Technology,10,651.05,0.0,6510.5,1215.34
ORD-100681,2023-09-23,CUST-0272,Consumer,West,Technology,6,565.45,0.0,3392.7,752.5
ORD-101449,2023-09-23,CUST-0641,Consumer,North,Office Supplies,5,142.27,0.0,711.35,131.78
ORD-101751,2023-09-23,CUST-0383,Consumer,East,Office Supplies,2,100.72,0.2,161.15,-14.54
ORD-104324,2023-09-23,CUST-0139,Corporate,South,Furniture,4,520.7,0.0,2082.8,219.21
ORD-104850,2023-09-23,CUST-0392,Home Office,East,Furniture,1,431.07,0.0,431.07,19.15
ORD-101057,2023-09-24,CUST-0764,Home Office,West,Office Supplies,8,133.62,0.0,1068.96,226.35
ORD-103975,2023-09-24,CUST-0044,Home Office,East,Furniture,4,245.1,0.05,931.38,0.21
ORD-104209,2023-09-24,CUST-0217,Corporate,Central,Furniture,3,561.5,0.3,1179.15,-219.5
ORD-100331,2023-09-24,CUST-0587,Home Office,South,Office Supplies,2,105.12,0.0,210.24,38.67
ORD-102442,2023-09-24,CUST-0732,Consumer,West,Office Supplies,1,33.9,0.3,23.73,-3.16
ORD-100897,2023-09-24,CUST-0430,Corporate,South,Technology,4,404.67,0.3,1133.08,-22.43
ORD-100111,2023-09-24,CUST-0220,Consumer,West,Office Supplies,7,106.96,0.2,598.98,32.04
ORD-102130,2023-09-24,CUST-0764,Home Office,West,Office Supplies,4,120.94,0.0,483.76,71.51
ORD-104593,2023-09-24,CUST-0550,Corporate,Central,Furniture,10,256.73,0.0,2567.3,291.69
ORD-103384,2023-09-24,CUST-0155,Consumer,North,Office Supplies,4,134.33,0.05,510.45,34.42
ORD-103653,2023-09-25,CUST-0012,Corporate,North,Office Supplies,9,24.01,0.0,216.09,33.73
ORD-101915,2023-09-25,CUST-0061,Home Office,South,Technology,2,925.35,0.3,1295.49,-125.66
ORD-103871,2023-09-26,CUST-0566,Consumer,East,Office Supplies,7,30.75,0.0,215.25,49.07
ORD-102897,2023-09-26,CUST-0547,Corporate,East,Technology,1,295.72,0.0,295.72,89.25
ORD-101867,2023-09-26,CUST-0200,Corporate,West,Office Supplies,2,81.14,0.0,162.28,33.73
ORD-102284,2023-09-27,CUST-0626,Consumer,West,Office Supplies,2,43.02,0.05,81.74,1.42
ORD-100869,2023-09-27,CUST-0586,Home Office,Central,Office Supplies,3,147.77,0.0,443.31,89.07
ORD-101247,2023-09-28,CUST-0492,Home Office,East,Furniture,4,333.12,0.2,1065.98,-123.34
ORD-103086,2023-09-28,CUST-0574,Consumer,North,Office Supplies,9,54.79,0.0,493.11,58.32
ORD-104200,2023-09-28,CUST-0670,Consumer,North,Furniture,3,335.95,0.0,1007.85,148.39
ORD-101434,2023-09-29,CUST-0180,Home Office,East,Office Supplies,10,86.46,0.05,821.37,128.05
ORD-102746,2023-09-29,CUST-0258,Consumer,Central,Office Supplies,5,70.4,0.0,352.0,81.56
ORD-101236,2023-09-30,CUST-0777,Consumer,North,Technology,8,674.48,0.0,5395.84,1256.36
ORD-100736,2023-09-30,CUST-0035,Consumer,North,Technology,9,261.86,0.0,2356.74,610.22
ORD-103801,2023-09-30,CUST-0289,Corporate,Central,Furniture,7,580.71,0.3,2845.48,-373.93
ORD-100935,2023-09-30,CUST-0114,Consumer,West,Furniture,5,415.49,0.0,2077.45,144.99
ORD-102931,2023-10-01,CUST-0685,Consumer,South,Office Supplies,8,27.94,0.0,223.52,35.77
ORD-101620,2023-10-01,CUST-0653,Corporate,Central,Office Supplies,1,110.13,0.0,110.13,9.26
ORD-100969,2023-10-01,CUST-0708,Consumer,North,Office Supplies,9,36.46,0.0,328.14,61.38
ORD-103488,2023-10-01,CUST-0768,Consumer,Central,Furniture,8,135.6,0.2,867.84,-72.3
ORD-101179,2023-10-01,CUST-0491,Corporate,East,Technology,2,942.7,0.1,1696.86,395.86
ORD-103924,2023-10-01,CUST-0625,Home Office,West,Office Supplies,1,145.77,0.2,116.62,-6.73
ORD-104159,2023-10-01,CUST-0765,Corporate,West,Office Supplies,8,108.11,0.0,864.88,234.5
ORD-104977,2023-10-01,CUST-0129,Consumer,South,Technology,5,272.52,0.0,1362.6,290.39
ORD-102326,2023-10-02,CUST-0158,Corporate,East,Furniture,6,496.84,0.2,2384.83,-240.97
ORD-102844,2023-10-02,CUST-0556,Corporate,South,Technology,5,1120.14,0.3,3920.49,-144.7
ORD-104801,2023-10-02,CUST-0430,Corporate,South,Technology,2,972.94,0.3,1362.12,-80.01
ORD-102637,2023-10-02,CUST-0391,Corporate,West,Technology,8,1081.13,0.1,7784.14,878.1
ORD-104740,2023-10-02,CUST-0398,Consumer,East,Office Supplies,4,149.57,0.1,538.45,3.97
ORD-103946,2023-10-02,CUST-0676,Home Office,South,Furniture,9,346.42,0.0,3117.78,143.44
ORD-100535,2023-10-02,CUST-0696,Corporate,South,Technology,6,590.32,0.1,3187.73,414.29
ORD-104594,2023-10-03,CUST-0027,Corporate,North,Furniture,5,588.4,0.2,2353.6,-190.52
ORD-103651,2023-10-03,CUST-0447,Home Office,East,Office Supplies,8,84.61,0.05,643.04,109.59
ORD-103666,2023-10-03,CUST-0634,Home Office,East,Office Supplies,7,135.88,0.0,951.16,151.85
ORD-103740,2023-10-03,CUST-0421,Corporate,South,Office Supplies,3,12.95,0.2,31.08,-0.51
ORD-102997,2023-10-03,CUST-0300,Consumer,West,Office Supplies,6,33.33,0.2,159.98,1.57
ORD-101663,2023-10-03,CUST-0239,Consumer,North,Office Supplies,9,133.16,0.0,1198.44,243.06
ORD-102497,2023-10-04,CUST-0494,Home Office,West,Furniture,4,212.27,0.1,764.17,40.54
ORD-100993,2023-10-04,CUST-0772,Consumer,North,Furniture,2,186.13,0.0,372.26,25.57
ORD-100854,2023-10-04,CUST-0238,Consumer,,Furniture,10,399.19,0.3,2794.33,-410.42
ORD-101221,2023-10-04,CUST-0038,Home Office,South,Office Supplies,1,116.72,0.05,110.88,28.64
ORD-104274,2023-10-04,CUST-0391,Corporate,West,Furniture,2,558.56,0.3,781.98,-115.32
ORD-103660,2023-10-04,CUST-0601,Consumer,Central,Furniture,1,571.92,0.1,514.73,34.13
ORD-101762,2023-10-04,CUST-0172,Consumer,South,Furniture,4,483.58,0.05,1837.6,50.78
ORD-101615,2023-10-05,CUST-0665,Consumer,South,Office Supplies,7,83.75,0.05,556.94,77.5
ORD-101234,2023-10-05,CUST-0068,Corporate,East,Office Supplies,9,135.81,0.05,1161.18,134.64
ORD-102093,2023-10-05,CUST-0315,Corporate,South,Office Supplies,7,32.43,0.0,227.01,46.6
ORD-101230,2023-10-06,CUST-0698,Consumer,East,Furniture,4,235.4,0.05,894.52,68.64
ORD-104647,2023-10-06,CUST-0745,Home Office,West,Office Supplies,8,111.61,0.2,714.3,57.59
ORD-104768,2023-10-06,CUST-0422,Consumer,South,Furniture,4,524.99,0.0,2099.96,157.47
ORD-101300,2023-10-06,CUST-0788,Home Office,North,Office Supplies,4,55.4,0.05,210.52,20.9
ORD-101508,2023-10-06,CUST-0157,Corporate,East,Technology,7,445.12,0.0,3115.84,596.53
ORD-102519,2023-10-06,CUST-0197,Consumer,Central,Office Supplies,9,87.84,0.05,751.03,24.5
ORD-104620,2023-10-06,CUST-0185,Consumer,South,Furniture,7,539.98,0.1,3401.87,-15.01
ORD-101366,2023-10-06,CUST-0598,Corporate,East,Technology,8,1011.04,0.05,7683.9,1189.07
ORD-100070,2023-10-06,CUST-0190,Consumer,North,Furniture,5,574.61,0.0,2873.05,253.08
ORD-101979,2023-10-06,CUST-0387,Consumer,North,Technology,5,905.93,0.2,3623.72,193.7
ORD-102784,2023-10-07,CUST-0789,Consumer,North,Technology,4,1167.25,0.1,4202.1,479.65
ORD-100790,2023-10-07,CUST-0494,Home Office,West,Technology,1,942.27,0.0,942.27,253.93
ORD-103058,2023-10-07,CUST-0187,Consumer,North,Technology,3,607.87,0.0,1823.61,321.96
ORD-102875,2023-10-07,CUST-0252,Consumer,East,Furniture,1,247.58,0.1,222.82,12.2
ORD-103637,2023-10-07,CUST-0099,Consumer,North,Office Supplies,10,96.37,0.2,770.96,25.97
ORD-102277,2023-10-07,CUST-0147,Consumer,Central,Furniture,6,536.23,0.0,3217.38,439.69
ORD-101792,2023-10-07,CUST-0239,Consumer,North,Office Supplies,4,134.84,0.1,485.42,66.6
ORD-104287,2023-10-07,CUST-0076,Home Office,North,Furniture,7,223.9,0.0,1567.3,66.02
ORD-101737,2023-10-07,CUST-0103,Corporate,East,Office Supplies,10,78.21,0.0,782.1,149.66
ORD-104909,2023-10-07,CUST-0765,Corporate,West,Technology,6,1132.14,0.0,6792.84,1649.22
ORD-104926,2023-10-07,CUST-0474,Consumer,North,Office Supplies,7,67.83,0.05,451.07,47.31
ORD-100481,2023-10-08,CUST-0111,Corporate,West,Furniture,4,515.73,0.2,1650.34,-227.06
ORD-101834,2023-10-08,CUST-0707,Consumer,East,Furniture,2,483.25,0.05,918.18,2.26
ORD-103920,2023-10-08,CUST-0234,Consumer,Central,Office Supplies,9,15.25,0.0,137.25,23.95
ORD-104607,2023-10-08,CUST-0382,Consumer,South,Furniture,8,221.5,0.05,1683.4,56.46
ORD-101436,2023-10-09,CUST-0104,Corporate,Central,Office Supplies,8,13.14,,105.12,15.1
ORD-101178,2023-10-09,CUST-0753,Corporate,North,Furniture,4,131.64,0.05,500.23,16.32
ORD-104224,2023-10-09,CUST-0563,Corporate,North,Office Supplies,2,144.51,0.0,289.02,48.68
ORD-104094,2023-10-09,CUST-0262,Home Office,North,Furniture,7,436.34,0.1,2748.94,185.58
ORD-101096,2023-10-09,CUST-0614,Corporate,South,Furniture,9,331.28,0.2,2385.22,-2.19
ORD-101975,2023-10-09,CUST-0303,Consumer,East,Office Supplies,5,28.94,0.2,115.76,-1.91
ORD-101196,2023-10-10,CUST-0145,Corporate,South,Office Supplies,2,13.87,0.1,24.97,1.98
ORD-102827,2023-10-10,CUST-0758,Consumer,West,Office Supplies,5,18.0,0.05,85.5,11.59
ORD-103986,2023-10-10,CUST-0201,Consumer,East,Office Supplies,7,43.01,0.0,301.07,63.81
ORD-104896,2023-10-10,CUST-0477,Home Office,West,Technology,8,300.36,0.2,1922.3,56.91
ORD-104639,2023-10-10,CUST-0262,Home Office,North,Furniture,3,333.25,0.0,999.75,172.34
ORD-103855,2023-10-10,CUST-0730,Corporate,North,Technology,10,165.82,0.3,1160.74,68.61
ORD-103603,2023-10-10,CUST-0532,Consumer,South,Technology,1,603.41,0.0,603.41,152.93
ORD-101721,2023-10-10,CUST-0482,Home Office,North,Furniture,1,184.03,0.0,184.03,16.79
ORD-102464,2023-10-11,CUST-0771,Consumer,West,Office Supplies,1,17.42,0.0,17.42,2.71
ORD-103790,2023-10-11,CUST-0082,Home Office,North,Furniture,8,462.44,0.3,2589.66,-439.13
ORD-104020,2023-10-11,CUST-0431,Consumer,North,Technology,6,872.19,0.05,4971.48,759.91
ORD-102885,2023-10-11,CUST-0671,Home Office,North,Office Supplies,6,9.4,0.1,50.76,7.29
ORD-103080,2023-10-11,CUST-0219,Corporate,West,Furniture,9,397.99,0.0,3581.91,453.1
ORD-102830,2023-10-11,CUST-0745,Home Office,West,Office Supplies,1,88.17,0.05,83.76,11.58
ORD-104876,2023-10-11,CUST-0079,Consumer,East,Technology,7,813.42,0.0,5693.94,1862.85
ORD-101810,2023-10-12,CUST-0215,Consumer,South,Office Supplies,8,17.42,0.0,139.36,27.79
ORD-103329,2023-10-12,CUST-0205,Consumer,West,Office Supplies,3,126.64,0.2,303.94,14.51
ORD-102941,2023-10-12,CUST-0322,Corporate,Central,Furniture,7,268.3,0.3,1314.67,-150.76
ORD-104995,2023-10-12,CUST-0402,Corporate,North,Technology,9,987.26,0.0,8885.34,986.88
ORD-101940,2023-10-12,CUST-0238,Consumer,South,Office Supplies,3,10.19,0.1,27.51,3.11
ORD-104981,2023-10-13,CUST-0758,Consumer,West,Furniture,10,428.18,0.0,4281.8,346.35
ORD-101924,2023-10-13,CUST-0787,Consumer,West,Technology,10,141.79,0.1,1276.11,142.25
ORD-104890,2023-10-13,CUST-0590,Consumer,North,Furniture,3,250.09,0.0,750.27,47.54
ORD-101656,2023-10-13,CUST-0276,Consumer,West,Technology,9,105.83,0.0,952.47,190.18
ORD-101856,2023-10-13,CUST-0516,Consumer,West,Technology,3,1053.49,0.05,3002.45,806.71
ORD-104382,2023-10-13,CUST-0381,Consumer,South,Technology,6,1156.62,0.05,6592.73,1769.52
ORD-101456,2023-10-14,CUST-0331,Home Office,East,Technology,7,451.23,0.0,3158.61,527.98
ORD-102715,2023-10-14,CUST-0755,Corporate,South,Office Supplies,10,99.89,0.3,699.23,-101.57
ORD-102750,2023-10-14,CUST-0515,Consumer,Central,Office Supplies,10,116.16,0.0,1161.6,218.82
ORD-100487,2023-10-14,CUST-0210,Corporate,Central,Office Supplies,6,68.38,0.1,369.25,29.87
ORD-103783,2023-10-14,CUST-0258,Consumer,Central,Office Supplies,4,92.97,0.05,353.29,40.26
ORD-103609,2023-10-14,CUST-0708,Consumer,North,Technology,8,1120.4,0.0,8963.2,2790.52
ORD-101575,2023-10-14,CUST-0652,Corporate,North,Furniture,7,538.63,0.0,3770.41,588.43
ORD-104741,2023-10-14,CUST-0239,Consumer,North,Furniture,9,190.98,0.1,1546.94,45.54
ORD-103543,2023-10-14,CUST-0467,Corporate,Central,Office Supplies,10,100.04,0.05,950.38,197.7
ORD-102659,2023-10-14,CUST-0200,Corporate,West,Furniture,3,559.85,0.3,1175.68,-303.85
ORD-100038,2023-10-15,CUST-0768,Consumer,Central,Office Supplies,3,142.1,0.05,404.98,42.94
ORD-100015,2023-10-15,CUST-0521,Consumer,Central,Furniture,3,159.2,0.1,429.84,-19.88
ORD-102517,2023-10-15,CUST-0386,Consumer,East,Technology,1,581.2,0.2,464.96,-19.8
ORD-104950,2023-10-15,CUST-0358,Consumer,South,Office Supplies,7,101.84,0.0,712.88,155.85
ORD-104954,2023-10-15,CUST-0352,Home Office,South,Technology,3,1070.32,0.05,3050.41,701.54
ORD-101667,2023-10-15,CUST-0523,Home Office,East,Technology,8,723.77,0.1,5211.14,412.12
ORD-101467,2023-10-16,CUST-0717,Home Office,North,Office Supplies,1,99.32,0.2,79.46,4.68
ORD-104423,2023-10-16,CUST-0630,Consumer,North,Office Supplies,8,36.43,0.0,291.44,67.97
ORD-101890,2023-10-16,CUST-0378,Corporate,West,Furniture,7,357.14,0.1,2249.98,-13.12
ORD-102622,2023-10-16,CUST-0260,Corporate,East,Office Supplies,6,34.1,0.0,204.6,43.73
ORD-101483,2023-10-16,CUST-0513,Corporate,South,Furniture,2,392.2,0.0,784.4,109.15
ORD-100755,2023-10-16,CUST-0578,Consumer,East,Furniture,8,192.81,0.05,1465.36,110.1
ORD-103265,2023-10-16,CUST-0705,Consumer,Central,Furniture,5,461.24,0.05,2190.89,211.54
ORD-103536,2023-10-16,CUST-0389,Corporate,Central,Office Supplies,10,108.17,0.1,973.53,101.05
ORD-100205,2023-10-17,CUST-0019,Consumer,North,Furniture,2,567.0,0.0,1134.0,-14.41
ORD-103033,2023-10-17,CUST-0586,Home Office,Central,Furniture,10,337.65,0.1,3038.85,111.87
ORD-102707,2023-10-17,CUST-0347,Corporate,West,Technology,1,527.33,0.2,421.86,-27.66
ORD-100162,2023-10-17,CUST-0332,Corporate,East,Office Supplies,7,69.73,0.1,439.3,21.08
ORD-100827,2023-10-18,CUST-0151,Home Office,East,Furniture,5,539.62,0.0,2698.1,157.27
ORD-101850,2023-10-18,CUST-0382,Consumer,South,Office Supplies,1,106.32,0.0,106.32,18.56
ORD-101741,2023-10-18,CUST-0510,Corporate,West,Technology,10,1135.67,0.0,11356.7,2813.17
ORD-100242,2023-10-19,CUST-0448,Consumer,East,Furniture,4,447.3,0.0,1789.2,342.31
ORD-100312,2023-10-19,CUST-0337,Consumer,West,Office Supplies,7,119.16,0.2,667.3,-79.41
ORD-103415,2023-10-19,CUST-0426,Consumer,East,Technology,8,1006.65,0.05,7650.54,866.12
ORD-102846,2023-10-19,CUST-0331,Home Office,East,Office Supplies,3,49.47,0.3,103.89,-6.12
ORD-100555,2023-10-19,CUST-0576,Consumer,East,Furniture,9,574.02,0.2,4132.94,-320.06
ORD-102514,2023-10-19,CUST-0661,Consumer,South,Furniture,4,447.61,0.0,1790.44,109.78
ORD-102607,2023-10-19,CUST-0130,Home Office,East,Office Supplies,3,72.95,0.0,218.85,47.68
ORD-104343,2023-10-20,CUST-0437,Consumer,Central,Office Supplies,3,44.37,0.0,133.11,28.88
ORD-104528,2023-10-20,CUST-0606,Consumer,South,Furniture,1,87.69,0.1,78.92,-4.27
ORD-100643,2023-10-20,CUST-0508,Home Office,West,Furniture,5,280.88,0.1,1263.96,-31.84
ORD-100073,2023-10-20,CUST-0717,Home Office,North,Office Supplies,3,80.81,0.0,242.43,40.8
ORD-103983,2023-10-20,CUST-0207,Consumer,East,Furniture,2,544.37,0.0,1088.74,166.27
ORD-102352,2023-10-21,CUST-0422,Consumer,South,Office Supplies,9,147.27,0.0,1325.43,200.33
ORD-100692,2023-10-21,CUST-0559,Corporate,North,Office Supplies,5,69.56,0.05,330.41,52.69
ORD-104469,2023-10-21,CUST-0485,Corporate,South,Furniture,5,492.49,0.05,2339.33,71.07
ORD-101604,2023-10-21,CUST-0548,Home Office,East,Office Supplies,7,37.23,0.0,260.61,33.48
ORD-103019,2023-10-21,CUST-0461,Consumer,East,Office Supplies,7,59.05,0.1,372.02,42.95
ORD-104590,2023-10-21,CUST-0503,Consumer,South,Office Supplies,2,75.36,0.2,120.58,-1.1
ORD-102481,2023-10-21,CUST-0513,Corporate,South,Furniture,10,464.53,0.0,4645.3,254.29
ORD-101554,2023-10-21,CUST-0535,Consumer,Central,Office Supplies,3,28.26,0.0,84.78,18.83
ORD-104964,2023-10-21,CUST-0019,Consumer,North,Office Supplies,5,57.43,0.1,258.44,20.54
ORD-104955,2023-10-22,CUST-0220,Consumer,West,Furniture,9,396.97,0.05,3394.09,8.03
ORD-100254,2023-10-22,CUST-0099,Consumer,North,Technology,9,1171.39,0.3,7379.76,-547.63
ORD-104816,2023-10-22,CUST-0725,Consumer,Central,Technology,2,884.41,0.0,1768.82,363.25
ORD-104428,2023-10-22,CUST-0434,Consumer,Central,Office Supplies,9,147.04,0.0,1323.36,288.07
ORD-103848,2023-10-22,CUST-0441,Consumer,East,Furniture,7,361.87,0.2,2026.47,-293.85
ORD-104733,2023-10-22,CUST-0136,Consumer,West,Office Supplies,1,90.43,0.05,85.91,17.92
ORD-102416,2023-10-22,CUST-0740,Consumer,Central,Furniture,10,186.15,0.0,1861.5,192.56
ORD-104437,2023-10-22,CUST-0221,Consumer,Central,Furniture,2,594.88,0.05,1130.27,141.43
ORD-101440,2023-10-22,CUST-0589,Consumer,South,Furniture,4,371.47,0.2,1188.7,-111.29
ORD-100282,2023-10-22,CUST-0031,Consumer,East,Office Supplies,10,122.05,0.0,1220.5,366.85
ORD-101813,2023-10-22,CUST-0509,Home Office,South,Technology,10,512.23,0.1,4610.07,598.61
ORD-100426,2023-10-23,CUST-0610,Corporate,West,Technology,1,465.42,0.05,442.15,80.31
ORD-102099,2023-10-23,CUST-0402,Corporate,North,Office Supplies,8,137.54,0.3,770.22,-43.74
ORD-103994,2023-10-23,CUST-0422,Consumer,South,Office Supplies,2,75.91,0.2,121.46,-2.5
ORD-104952,2023-10-23,CUST-0033,Consumer,South,Furniture,3,512.75,0.0,1538.25,206.81
ORD-104867,2023-10-23,CUST-0108,Consumer,North,Furniture,7,219.46,0.2,1228.98,-26.35
ORD-100653,2023-10-23,CUST-0482,Home Office,North,Office Supplies,1,18.66,0.05,17.73,2.99
ORD-101685,2023-10-23,CUST-0217,Corporate,Central,Technology,8,738.2,0.05,5610.32,550.6
ORD-102381,2023-10-23,CUST-0672,Corporate,East,Office Supplies,6,106.58,0.0,639.48,128.23
ORD-104477,2023-10-23,CUST-0386,Consumer,East,Technology,6,591.3,0.1,3193.02,258.02
ORD-102686,2023-10-24,CUST-0267,Corporate,East,Furniture,10,184.82,0.1,1663.38,-21.87
ORD-104483,2023-10-25,CUST-0232,Consumer,Central,Furniture,6,512.92,0.05,2923.64,72.34
ORD-104046,2023-10-25,CUST-0741,Consumer,North,Office Supplies,4,138.66,0.1,499.18,40.97
ORD-100191,2023-10-25,CUST-0445,Corporate,West,Office Supplies,10,134.42,0.1,1209.78,174.12
ORD-100415,2023-10-25,CUST-0744,Consumer,South,Office Supplies,3,14.14,0.0,42.42,2.98
ORD-104003,2023-10-25,CUST-0722,Corporate,South,Office Supplies,10,7.54,0.1,67.86,8.05
ORD-101090,2023-10-25,CUST-0463,Corporate,East,Furniture,3,477.23,0.0,1431.69,193.28
ORD-102119,2023-10-25,CUST-0710,Home Office,South,Technology,6,900.58,0.0,5403.48,1264.36
ORD-101541,2023-10-25,CUST-0642,Consumer,Central,Furniture,4,496.48,0.05,1886.62,2.75
ORD-103664,2023-10-25,CUST-0097,Consumer,North,Office Supplies,3,116.99,0.0,350.97,90.95
ORD-101546,2023-10-25,CUST-0786,Consumer,North,Furniture,5,500.34,0.05,2376.61,-38.36
ORD-102629,2023-10-25,CUST-0554,Corporate,North,Office Supplies,1,18.86,0.0,18.86,4.18
ORD-100700,2023-10-25,CUST-0382,Consumer,South,Office Supplies,10,23.25,0.0,232.5,29.82
ORD-102985,2023-10-25,CUST-0680,Consumer,North,Office Supplies,7,120.39,0.0,842.73,145.57
ORD-101983,2023-10-26,CUST-0551,Consumer,,Office Supplies,10,121.26,0.2,970.08,0.9
ORD-104561,2023-10-26,CUST-0575,Home Office,South,Furniture,10,475.62,0.0,4756.2,433.9
ORD-100752,2023-10-26,CUST-0239,Consumer,North,Office Supplies,7,16.67,0.3,81.68,-3.52
ORD-100770,2023-10-26,CUST-0045,Corporate,Central,Office Supplies,4,52.32,0.05,198.82,25.72
ORD-104360,2023-10-26,CUST-0358,Consumer,South,Technology,8,919.23,0.0,7353.84,980.01
ORD-103333,2023-10-26,CUST-0645,Corporate,North,Furniture,2,361.73,0.3,506.42,-106.77
ORD-104957,2023-10-27,CUST-0340,Consumer,South,Technology,1,175.37,0.3,122.76,-3.58
ORD-102916,2023-10-27,CUST-0647,Consumer,West,Technology,4,793.68,0.0,3174.72,496.7
ORD-104963,2023-10-27,CUST-0734,Corporate,East,Technology,1,832.04,0.2,665.63,26.01
ORD-103701,2023-10-27,CUST-0797,Corporate,East,Office Supplies,1,115.71,0.0,115.71,12.92
ORD-100892,2023-10-27,CUST-0195,Consumer,West,Office Supplies,3,117.25,0.2,281.4,8.82
ORD-101080,2023-10-27,CUST-0074,Consumer,Central,Furniture,9,369.46,0.1,2992.63,-175.61
ORD-100561,2023-10-27,CUST-0767,Home Office,South,Furniture,5,397.91,0.3,1392.68,-254.36
ORD-104691,2023-10-28,CUST-0430,Corporate,South,Office Supplies,8,38.72,0.0,309.76,57.38
ORD-102805,2023-10-28,CUST-0002,Corporate,West,Technology,4,973.32,0.0,3893.28,997.65
ORD-103062,2023-10-28,CUST-0340,Consumer,South,Furniture,8,246.21,0.1,1772.71,-72.21
ORD-102938,2023-10-28,CUST-0627,Consumer,Central,Office Supplies,5,26.28,0.0,131.4,23.69
ORD-103002,2023-10-28,CUST-0055,Corporate,North,Furniture,2,132.43,0.05,251.62,9.81
ORD-104871,2023-10-28,CUST-0348,Consumer,North,Furniture,6,397.77,0.1,2147.96,25.51
ORD-102843,2023-10-28,CUST-0423,Home Office,South,Office Supplies,4,134.58,0.0,538.32,62.7
ORD-100952,2023-10-28,CUST-0738,Corporate,East,Furniture,1,306.84,0.0,306.84,10.8
ORD-104519,2023-10-28,CUST-0041,Home Office,Central,Office Supplies,9,39.25,0.1,317.92,1.19
ORD-100945,2023-10-28,CUST-0756,Consumer,West,Technology,3,1114.85,0.0,3344.55,874.11
ORD-101938,2023-10-28,CUST-0486,Consumer,South,Office Supplies,7,67.43,0.0,472.01,71.92
ORD-100726,2023-10-29,CUST-0637,Corporate,Central,Furniture,10,136.5,0.0,1365.0,208.57
ORD-104711,2023-10-29,CUST-0308,Consumer,Central,Furniture,4,404.84,0.05,1538.39,156.48
ORD-101740,2023-10-29,CUST-0486,Consumer,South,Technology,8,444.23,0.0,3553.84,956.89
ORD-101049,2023-10-29,CUST-0226,Consumer,West,Furniture,4,545.51,0.1,1963.84,117.23
ORD-101692,2023-10-29,CUST-0564,Corporate,South,Office Supplies,5,128.82,0.05,611.89,110.08
ORD-101784,2023-10-29,CUST-0258,Consumer,Central,Technology,10,210.68,0.2,1685.44,46.31
ORD-101638,2023-10-29,CUST-0252,Consumer,East,Technology,7,1089.6,0.0,7627.2,2241.4
ORD-102663,2023-10-29,CUST-0767,Home Office,South,Technology,6,608.07,0.1,3283.58,501.46
ORD-103607,2023-10-29,CUST-0304,Consumer,North,Office Supplies,10,144.14,0.0,1441.4,211.36
ORD-100253,2023-10-30,CUST-0352,Home Office,South,Office Supplies,6,125.84,0.05,717.29,127.98
ORD-102958,2023-10-30,CUST-0339,Corporate,West,Furniture,4,405.86,0.1,1461.1,95.76
ORD-102711,2023-10-30,CUST-0400,Consumer,North,Furniture,1,475.13,0.3,332.59,-54.33
ORD-103648,2023-10-30,CUST-0615,Consumer,North,Office Supplies,9,26.12,0.3,164.56,-4.31
ORD-102023,2023-10-30,CUST-0563,Corporate,North,Furniture,1,470.93,0.1,423.84,-14.09
ORD-103433,2023-10-30,CUST-0592,Consumer,West,Office Supplies,9,19.98,0.2,143.86,-0.38
ORD-102405,2023-10-30,CUST-0448,Consumer,East,Furniture,10,212.31,0.0,2123.1,166.32
ORD-104165,2023-10-31,CUST-0636,Consumer,West,Office Supplies,10,91.82,0.1,826.38,19.37
ORD-102712,2023-10-31,CUST-0280,Corporate,North,Office Supplies,7,101.19,0.1,637.5,61.2
ORD-100951,2023-10-31,CUST-0103,Corporate,East,Office Supplies,3,20.81,0.2,49.94,3.1
ORD-103049,2023-10-31,CUST-0274,Home Office,East,Office Supplies,9,85.57,0.0,770.13,119.61
ORD-100283,2023-10-31,CUST-0451,Corporate,North,Office Supplies,5,106.73,0.0,533.65,118.71
ORD-102873,2023-10-31,CUST-0406,Consumer,North,Office Supplies,1,26.77,0.1,24.09,-0.32
ORD-103763,2023-10-31,CUST-0522,Consumer,South,Furniture,5,200.31,0.05,951.47,20.94
ORD-103727,2023-10-31,CUST-0260,Corporate,,Office Supplies,10,7.99,0.05,75.9,11.38
ORD-102373,2023-11-01,CUST-0576,Consumer,East,Technology,4,452.28,0.1,1628.21,153.06
ORD-103746,2023-11-01,CUST-0100,Corporate,North,Office Supplies,8,55.28,0.0,442.24,65.26
ORD-104554,2023-11-01,CUST-0286,Home Office,South,Office Supplies,2,130.99,0.1,235.78,38.77
ORD-102543,2023-11-01,CUST-0178,Home Office,East,Office Supplies,9,7.12,0.0,64.08,13.98
ORD-104016,2023-11-01,CUST-0203,Corporate,West,Office Supplies,4,76.02,0.1,273.67,5.55
ORD-101858,2023-11-01,CUST-0200,Corporate,West,Office Supplies,5,13.09,0.0,65.45,10.41
ORD-104933,2023-11-01,CUST-0171,Home Office,South,Furniture,3,97.37,0.1,262.9,17.65
ORD-104150,2023-11-01,CUST-0316,Consumer,Central,Office Supplies,1,73.27,0.0,73.27,9.75
ORD-104547,2023-11-02,CUST-0192,Consumer,East,Furniture,4,370.96,0.3,1038.69,-216.24
ORD-103407,2023-11-02,CUST-0098,Corporate,North,Furniture,3,81.64,0.0,244.92,22.22
ORD-100925,2023-11-03,CUST-0085,Corporate,South,Office Supplies,3,32.02,0.0,96.06,14.98
ORD-100347,2023-11-03,CUST-0038,Home Office,South,Technology,6,1130.7,0.05,6444.99,1139.44
ORD-101610,2023-11-03,CUST-0272,Consumer,West,Furniture,1,390.92,0.2,312.74,-25.57
ORD-100829,2023-11-03,CUST-0582,Corporate,East,Technology,1,268.88,0.05,255.44,36.81
ORD-100970,2023-11-03,CUST-0209,Consumer,West,Technology,3,605.96,0.3,1272.52,-112.01
ORD-102225,2023-11-03,CUST-0209,Consumer,West,Furniture,7,528.64,0.0,3700.48,371.56
ORD-100908,2023-11-03,CUST-0766,Home Office,West,Office Supplies,10,111.75,0.1,1005.75,96.39
ORD-103032,2023-11-04,CUST-0510,Corporate,West,Office Supplies,9,99.78,0.05,853.12,176.41
ORD-103889,2023-11-04,CUST-0307,Corporate,South,Office Supplies,8,26.37,0.0,210.96,29.26
ORD-101652,2023-11-04,CUST-0379,Home Office,North,Office Supplies,2,134.66,0.05,255.85,42.96
ORD-102688,2023-11-04,CUST-0330,Consumer,West,Furniture,8,418.66,0.1,3014.35,-74.45
ORD-102243,2023-11-04,CUST-0292,Corporate,North,Technology,2,871.65,0.0,1743.3,401.43
ORD-101062,2023-11-04,CUST-0381,Consumer,South,Office Supplies,1,86.29,0.1,77.66,4.58
ORD-100780,2023-11-04,CUST-0171,Home Office,South,Office Supplies,10,119.13,0.05,1131.73,97.47
ORD-103736,2023-11-04,CUST-0383,Consumer,East,Furniture,7,337.56,0.1,2126.63,218.37
ORD-103302,2023-11-05,CUST-0466,Home Office,North,Furniture,9,179.66,0.2,1293.55,-5.21
ORD-104145,2023-11-05,CUST-0243,Home Office,North,Office Supplies,9,57.78,0.0,520.02,114.46
ORD-103111,2023-11-05,CUST-0305,Consumer,Central,Technology,2,1129.68,0.3,1581.55,-78.78
ORD-104229,2023-11-05,CUST-0646,Corporate,North,Office Supplies,6,115.57,0.0,693.42,150.21
ORD-100172,2023-11-05,CUST-0415,Home Office,West,Furniture,5,545.12,0.2,2180.48,-267.52
ORD-103181,2023-11-06,CUST-0204,Corporate,North,Office Supplies,9,10.54,0.0,94.86,18.45
ORD-104414,2023-11-06,CUST-0038,Home Office,South,Furniture,7,200.5,0.3,982.45,-183.73
ORD-102396,2023-11-06,CUST-0784,Corporate,South,Furniture,7,284.58,0.05,1892.46,57.63
ORD-102171,2023-11-06,CUST-0641,Consumer,North,Furniture,4,574.3,0.05,2182.34,151.45
ORD-101093,2023-11-06,CUST-0778,Corporate,North,Furniture,1,518.81,0.0,518.81,69.13
ORD-102178,2023-11-06,CUST-0028,Corporate,South,Technology,6,806.03,0.0,4836.18,777.09
ORD-101986,2023-11-06,CUST-0373,Consumer,East,Office Supplies,4,142.28,0.0,569.12,9.8
ORD-101172,2023-11-06,CUST-0167,Corporate,Central,Office Supplies,5,131.01,0.05,622.3,160.74
ORD-101733,2023-11-06,CUST-0662,Corporate,East,Technology,10,983.58,0.05,9344.01,1568.19
ORD-102964,2023-11-06,CUST-0793,Consumer,South,Office Supplies,6,101.76,0.05,580.03,29.53
ORD-103867,2023-11-06,CUST-0558,Consumer,West,Technology,10,649.2,0.0,6492.0,1749.36
ORD-103577,2023-11-06,CUST-0607,Consumer,South,Office Supplies,6,58.9,0.3,247.38,-9.63
ORD-101303,2023-11-06,CUST-0356,Corporate,East,Furniture,1,499.49,0.1,449.54,-0.71
ORD-103098,2023-11-06,CUST-0757,Corporate,Central,Furniture,7,303.62,0.0,2125.34,327.83
ORD-102068,2023-11-07,CUST-0733,Home Office,East,Office Supplies,7,73.61,0.05,489.51,72.58
ORD-104312,2023-11-07,CUST-0302,Home Office,Central,Office Supplies,9,71.27,0.1,577.29,40.58
ORD-102198,2023-11-07,CUST-0306,Corporate,North,Furniture,10,107.2,0.0,1072.0,199.7
ORD-100750,2023-11-08,CUST-0417,Home Office,South,Office Supplies,4,120.12,0.0,480.48,100.39
ORD-100901,2023-11-08,CUST-0005,Corporate,Central,Furniture,4,532.12,0.0,2128.48,332.33
ORD-102778,2023-11-08,CUST-0315,Corporate,South,Office Supplies,8,112.5,0.0,900.0,156.54
ORD-104045,2023-11-08,CUST-0270,Corporate,West,Furniture,3,410.13,0.2,984.31,-18.72
ORD-104727,2023-11-08,CUST-0659,Consumer,Central,Technology,6,1131.15,0.0,6786.9,1425.86
ORD-101208,2023-11-08,CUST-0427,Consumer,South,Technology,7,562.19,0.0,3935.33,780.93
ORD-101782,2023-11-09,CUST-0679,Corporate,North,Office Supplies,5,90.06,0.1,405.27,48.64
ORD-103756,2023-11-09,CUST-0580,Home Office,West,Furniture,8,462.38,0.0,3699.04,340.6
ORD-102246,2023-11-09,CUST-0142,Home Office,East,Office Supplies,5,6.69,0.0,33.45,6.81
ORD-101859,2023-11-10,CUST-0037,Corporate,West,Office Supplies,8,144.56,0.2,925.18,-62.8
ORD-104245,2023-11-10,CUST-0765,Corporate,West,Technology,8,1011.37,0.1,7281.86,558.92
ORD-102366,2023-11-10,CUST-0494,Home Office,West,Office Supplies,3,28.89,0.0,86.67,15.05
ORD-102557,2023-11-10,CUST-0600,Home Office,East,Technology,8,196.06,0.0,1568.48,462.68
ORD-102324,2023-11-10,CUST-0737,Home Office,South,Furniture,7,580.83,0.3,2846.07,-395.01
ORD-100189,2023-11-10,CUST-0796,Consumer,South,Furniture,3,159.95,0.0,479.85,44.89
ORD-100940,2023-11-11,CUST-0298,Home Office,North,Office Supplies,4,98.15,0.05,372.97,67.67
ORD-104010,2023-11-11,CUST-0600,Home Office,East,Office Supplies,2,143.24,0.0,286.48,30.44
ORD-102116,2023-11-11,CUST-0190,Consumer,North,Office Supplies,1,74.73,0.0,74.73,12.52
ORD-103440,2023-11-11,CUST-0673,Corporate,West,Technology,6,1061.89,0.0,6371.34,1519.92
ORD-102188,2023-11-11,CUST-0141,Consumer,South,Technology,1,1149.23,0.05,1091.77,336.78
ORD-101607,2023-11-11,CUST-0452,Corporate,Central,Furniture,10,514.45,0.2,4115.6,-446.66
ORD-102085,2023-11-11,CUST-0624,Consumer,West,Office Supplies,2,6.85,0.0,13.7,2.63
ORD-101599,2023-11-11,CUST-0317,Corporate,East,Office Supplies,9,147.12,0.05,1257.88,214.82
ORD-103935,2023-11-11,CUST-0139,Corporate,South,Office Supplies,10,101.45,0.05,963.78,146.97
ORD-101245,2023-11-12,CUST-0514,Consumer,West,Furniture,6,309.57,0.0,1857.42,272.22
ORD-102061,2023-11-12,CUST-0295,Corporate,West,Office Supplies,7,149.06,0.1,939.08,23.01
ORD-104047,2023-11-12,CUST-0387,Consumer,North,Technology,1,911.73,0.2,729.38,36.17
ORD-101650,2023-11-12,CUST-0397,Corporate,North,Technology,4,277.96,0.0,1111.84,226.52
ORD-104629,2023-11-12,CUST-0250,Home Office,South,Office Supplies,9,53.23,0.1,431.16,58.14
ORD-102161,2023-11-12,CUST-0154,Consumer,West,Office Supplies,9,132.83,0.3,836.83,-105.74
ORD-100102,2023-11-12,CUST-0715,Consumer,West,Furniture,2,139.59,0.05,265.22,15.35
ORD-103026,2023-11-13,CUST-0165,Consumer,South,Technology,7,1106.58,0.0,7746.06,2023.95
ORD-103079,2023-11-13,CUST-0595,Consumer,Central,Office Supplies,6,10.6,0.0,63.6,11.38
ORD-100145,2023-11-13,CUST-0363,Consumer,Central,Office Supplies,3,22.24,0.05,63.38,9.36
ORD-104722,2023-11-13,CUST-0579,Home Office,Central,Office Supplies,10,104.82,0.1,943.38,68.81
ORD-100308,2023-11-13,CUST-0082,Home Office,North,Office Supplies,8,144.16,0.1,1037.95,-10.79
ORD-104115,2023-11-14,CUST-0113,Corporate,North,Technology,6,737.44,0.05,4203.41,854.39
ORD-103389,2023-11-14,CUST-0366,Consumer,Central,Office Supplies,10,103.88,0.0,1038.8,140.86
ORD-104893,2023-11-14,CUST-0514,Consumer,West,Furniture,1,201.12,0.0,201.12,24.31
ORD-101583,2023-11-14,CUST-0553,Home Office,West,Office Supplies,9,123.17,0.0,1108.53,235.03
ORD-103059,2023-11-15,CUST-0067,Consumer,West,Office Supplies,5,128.43,0.0,642.15,139.19
ORD-101876,2023-11-15,CUST-0509,Home Office,South,Office Supplies,3,148.71,0.2,356.9,-3.67
ORD-101214,2023-11-16,CUST-0381,Consumer,South,Technology,6,133.95,0.0,803.7,217.33
ORD-100371,2023-11-16,CUST-0693,Consumer,West,Technology,8,859.27,0.05,6530.45,877.16
ORD-103118,2023-11-16,CUST-0530,Corporate,East,Furniture,4,550.17,0.1,1980.61,-26.86
ORD-102614,2023-11-16,CUST-0358,Consumer,South,Furniture,1,122.78,0.05,116.64,4.37
ORD-103826,2023-11-16,CUST-0338,Corporate,East,Office Supplies,2,141.67,0.2,226.67,12.1
ORD-103252,2023-11-16,CUST-0793,Consumer,South,Furniture,2,590.09,0.0,1180.18,75.0
ORD-104633,2023-11-16,CUST-0696,Corporate,South,Technology,5,1172.5,0.0,5862.5,2055.99
ORD-100444,2023-11-16,CUST-0700,Consumer,West,Furniture,5,375.75,0.0,1878.75,119.32
ORD-104862,2023-11-16,CUST-0460,Home Office,South,Office Supplies,4,49.87,0.05,189.51,17.64
ORD-102837,2023-11-16,CUST-0703,Consumer,West,Furniture,5,538.42,0.2,2153.68,-145.66
ORD-102165,2023-11-16,CUST-0459,Consumer,West,Technology,3,206.15,0.2,494.76,12.2
ORD-104494,2023-11-16,CUST-0007,Home Office,East,Technology,3,426.04,0.0,1278.12,282.81
ORD-101118,2023-11-16,CUST-0235,Home Office,Central,Technology,6,673.2,0.0,4039.2,855.82
ORD-101328,2023-11-16,CUST-0037,Corporate,West,Office Supplies,3,100.8,0.0,302.4,58.17
ORD-102734,2023-11-17,CUST-0188,Corporate,West,Office Supplies,6,29.44,0.0,176.64,34.33
ORD-100107,2023-11-17,CUST-0097,Consumer,North,Office Supplies,1,49.69,0.0,49.69,11.63
ORD-104765,2023-11-17,CUST-0756,Consumer,West,Furniture,3,332.13,0.2,797.11,-83.32
ORD-101515,2023-11-17,CUST-0395,Consumer,North,Office Supplies,10,70.51,0.05,669.84,213.76
ORD-104630,2023-11-17,CUST-0467,Corporate,Central,Technology,5,190.41,0.3,666.44,-12.78
ORD-103119,2023-11-17,CUST-0184,Home Office,East,Technology,10,827.75,0.0,8277.5,1186.75
ORD-101549,2023-11-17,CUST-0179,Home Office,East,Office Supplies,3,22.42,0.0,67.26,14.67
ORD-104792,2023-11-18,CUST-0365,Corporate,East,Office Supplies,2,6.68,0.05,12.69,1.8
ORD-104669,2023-11-18,CUST-0312,Corporate,North,Office Supplies,7,55.41,0.05,368.48,66.52
ORD-100819,2023-11-18,CUST-0655,Corporate,West,Furniture,3,402.1,0.05,1145.99,82.72
ORD-103799,2023-11-18,CUST-0758,Consumer,West,Furniture,6,206.49,0.1,1115.05,62.7
ORD-102458,2023-11-18,CUST-0376,Consumer,North,Furniture,10,552.22,0.05,5246.09,284.32
ORD-104562,2023-11-18,CUST-0041,Home Office,Central,Furniture,1,395.08,0.0,395.08,71.56
ORD-101651,2023-11-18,CUST-0127,Home Office,East,Technology,8,736.82,0.05,5599.83,597.71
ORD-103963,2023-11-18,CUST-0773,Home Office,East,Office Supplies,8,112.08,0.0,896.64,159.44
ORD-101529,2023-11-18,CUST-0376,Consumer,North,Technology,2,948.65,0.1,1707.57,116.32
ORD-104081,2023-11-18,CUST-0529,Home Office,East,Office Supplies,5,134.44,0.3,470.54,-82.99
ORD-102120,2023-11-18,CUST-0593,Consumer,Central,Office Supplies,6,116.88,0.05,666.22,193.57
ORD-104403,2023-11-18,CUST-0276,Consumer,West,Office Supplies,6,60.21,0.1,325.13,8.88
ORD-104644,2023-11-18,CUST-0388,Consumer,Central,Furniture,8,461.48,0.2,2953.47,-277.45
ORD-103220,2023-11-18,CUST-0400,Consumer,North,Office Supplies,9,28.88,0.2,207.94,-6.51
ORD-103331,2023-11-19,CUST-0573,Consumer,East,Office Supplies,9,11.76,0.0,105.84,18.11
ORD-104545,2023-11-19,CUST-0017,Home Office,West,Office Supplies,5,118.72,0.1,534.24,45.56
ORD-101897,2023-11-19,CUST-0295,Corporate,West,Technology,5,484.3,0.0,2421.5,516.79
ORD-104842,2023-11-19,CUST-0424,Corporate,East,Furniture,3,466.29,0.2,1119.1,-228.34
ORD-104821,2023-11-19,CUST-0612,Consumer,East,Office Supplies,1,18.01,0.0,18.01,3.26
ORD-103282,2023-11-19,CUST-0567,Consumer,South,Technology,9,269.4,0.0,2424.6,539.02
ORD-102876,2023-11-19,CUST-0698,Consumer,East,Technology,9,156.92,0.1,1271.05,176.43
ORD-101052,2023-11-19,CUST-0745,Home Office,West,Technology,2,500.86,0.1,901.55,39.57
ORD-100660,2023-11-19,CUST-0468,Home Office,Central,Technology,4,274.87,0.1,989.53,95.55
ORD-104778,2023-11-19,CUST-0400,Consumer,North,Office Supplies,10,109.34,0.3,765.38,-26.87
ORD-102157,2023-11-20,CUST-0055,Corporate,North,Office Supplies,1,18.04,0.05,17.14,1.93
ORD-101605,2023-11-20,CUST-0609,Corporate,East,Office Supplies,6,102.48,0.0,614.88,133.92
ORD-104922,2023-11-20,CUST-0139,Corporate,South,Office Supplies,4,7.22,0.3,20.22,-1.83
ORD-103640,2023-11-20,CUST-0295,Corporate,West,Technology,8,725.15,0.05,5511.14,891.89
ORD-103851,2023-11-21,CUST-0136,Consumer,West,Technology,1,247.94,0.3,173.56,4.15
ORD-103509,2023-11-21,CUST-0351,Corporate,South,Furniture,2,458.82,0.0,917.64,150.08
ORD-100896,2023-11-21,CUST-0589,Consumer,South,Furniture,10,183.15,0.0,1831.5,116.74
ORD-100474,2023-11-21,CUST-0317,Corporate,East,Office Supplies,4,37.96,0.0,151.84,40.65
ORD-102504,2023-11-21,CUST-0372,Consumer,Central,Furniture,2,375.33,0.0,750.66,57.38
ORD-103757,2023-11-21,CUST-0543,Home Office,West,Technology,1,735.95,0.0,735.95,236.82
ORD-103621,2023-11-21,CUST-0135,Consumer,South,Technology,2,886.04,0.0,1772.08,509.4
ORD-100595,2023-11-21,CUST-0194,Consumer,East,Technology,5,1072.07,0.0,5360.35,1171.62
ORD-102981,2023-11-21,CUST-0209,Consumer,West,Technology,4,770.88,0.05,2929.34,546.04
ORD-103678,2023-11-21,CUST-0714,Corporate,North,Office Supplies,3,111.82,0.2,268.37,-10.52
ORD-102122,2023-11-22,CUST-0704,Corporate,Central,Furniture,8,348.82,0.0,2790.56,181.97
ORD-104859,2023-11-22,CUST-0744,Consumer,South,Office Supplies,1,114.42,0.05,108.7,23.6
ORD-104471,2023-11-22,CUST-0626,Consumer,West,Furniture,7,470.77,0.3,2306.77,-459.96
ORD-102072,2023-11-22,CUST-0370,Corporate,West,Technology,10,842.54,0.2,6740.32,446.69
ORD-102016,2023-11-22,CUST-0304,Consumer,North,Office Supplies,9,19.5,0.0,175.5,16.43
ORD-104259,2023-11-22,CUST-0244,Home Office,Central,Office Supplies,10,93.28,0.3,652.96,-34.24
ORD-103014,2023-11-22,CUST-0201,Consumer,East,Office Supplies,2,21.05,0.05,39.99,4.32
ORD-104194,2023-11-23,CUST-0228,Consumer,South,Office Supplies,4,30.34,0.05,115.29,14.55
ORD-100513,2023-11-23,CUST-0482,Home Office,North,Furniture,5,219.34,0.0,1096.7,128.69
ORD-100999,2023-11-23,CUST-0204,Corporate,North,Furniture,4,362.81,0.2,1160.99,-101.85
ORD-104891,2023-11-23,CUST-0524,Consumer,South,Office Supplies,1,50.02,0.2,40.02,-2.37
ORD-103218,2023-11-23,CUST-0244,Home Office,Central,Office Supplies,7,5.2,0.1,32.76,1.54
ORD-104161,2023-11-23,CUST-0648,Consumer,West,Office Supplies,7,123.41,0.05,820.68,89.67
ORD-103817,2023-11-23,CUST-0790,Consumer,West,Technology,1,109.02,0.0,109.02,25.94
ORD-104485,2023-11-23,CUST-0563,Corporate,North,Technology,10,253.79,0.0,2537.9,332.93
ORD-104673,2023-11-24,CUST-0514,Consumer,West,Office Supplies,7,66.67,0.2,373.35,-6.85
ORD-100156,2023-11-24,CUST-0085,Corporate,South,Office Supplies,3,137.39,0.2,329.74,1.93
ORD-104066,2023-11-24,CUST-0365,Corporate,East,Furniture,9,284.47,0.3,1792.16,-256.87
ORD-100075,2023-11-24,CUST-0153,Corporate,South,Furniture,7,271.94,0.2,1522.86,-160.53
ORD-102967,2023-11-25,CUST-0588,Consumer,East,Office Supplies,10,99.0,0.1,891.0,51.64
ORD-101054,2023-11-25,CUST-0110,Home Office,East,Office Supplies,5,139.48,0.1,627.66,4.95
ORD-103849,2023-11-25,CUST-0268,Consumer,West,Technology,6,276.42,0.1,1492.67,247.79
ORD-102944,2023-11-25,CUST-0612,Consumer,East,Office Supplies,1,97.93,0.05,93.03,16.11
ORD-104549,2023-11-25,CUST-0568,Consumer,North,Furniture,10,229.34,0.05,2178.73,-46.89
ORD-103839,2023-11-25,CUST-0476,Home Office,Central,Office Supplies,5,115.81,0.0,579.05,132.59
ORD-104262,2023-11-25,CUST-0346,Consumer,East,Office Supplies,5,62.24,0.0,311.2,66.64
ORD-100704,2023-11-25,CUST-0425,Home Office,West,Office Supplies,9,139.77,0.0,1257.93,263.65
ORD-102816,2023-11-25,CUST-0365,Corporate,East,Office Supplies,7,89.79,0.2,502.82,19.43
ORD-102040,2023-11-26,CUST-0372,Consumer,Central,Office Supplies,10,85.42,0.3,597.94,-87.28
ORD-101996,2023-11-26,CUST-0051,Home Office,West,Technology,6,1173.79,0.0,7042.74,1365.99
ORD-101709,2023-11-26,CUST-0035,Consumer,North,Technology,3,260.72,0.0,782.16,185.7
ORD-100690,2023-11-26,CUST-0302,Home Office,Central,Office Supplies,3,103.68,0.0,311.04,28.56
ORD-100406,2023-11-26,CUST-0239,Consumer,North,Furniture,10,479.79,0.05,4558.0,301.08
ORD-100266,2023-11-26,CUST-0265,Corporate,East,Office Supplies,4,66.21,0.1,238.36,27.15
ORD-101352,2023-11-26,CUST-0465,Consumer,Central,Office Supplies,1,79.99,0.05,75.99,6.55
ORD-103237,2023-11-26,CUST-0196,Corporate,West,Office Supplies,6,87.9,0.0,527.4,109.17
ORD-104370,2023-11-26,CUST-0031,Consumer,East,Office Supplies,5,108.68,0.1,489.06,102.44
ORD-102554,2023-11-26,CUST-0526,Consumer,Central,Technology,8,295.11,0.1,2124.79,198.16
ORD-102684,2023-11-27,CUST-0075,Consumer,South,Technology,7,605.68,0.2,3391.81,252.7
ORD-100224,2023-11-27,CUST-0601,Consumer,Central,Technology,3,834.12,0.0,2502.36,411.51
ORD-101405,2023-11-27,CUST-0051,Home Office,West,Technology,8,816.87,0.05,6208.21,711.13
ORD-104686,2023-11-27,CUST-0192,Consumer,East,Furniture,5,574.57,0.0,2872.85,152.03
ORD-102011,2023-11-27,CUST-0399,Home Office,South,Technology,7,555.38,0.1,3498.89,413.53
ORD-104743,2023-11-27,CUST-0673,Corporate,West,Office Supplies,1,86.49,0.0,86.49,14.27
ORD-104929,2023-11-28,CUST-0763,Home Office,South,Technology,2,985.62,0.05,1872.68,231.6
ORD-102315,2023-11-28,CUST-0035,Consumer,North,Office Supplies,8,35.46,0.0,283.68,58.92
ORD-103380,2023-11-28,CUST-0472,Consumer,South,Office Supplies,6,120.77,0.1,652.16,106.93
ORD-101683,2023-11-28,CUST-0267,Corporate,East,Office Supplies,8,125.43,0.0,1003.44,153.62
ORD-104615,2023-11-28,CUST-0630,Consumer,North,Technology,10,861.7,0.0,8617.0,2253.57
ORD-101857,2023-11-28,CUST-0702,Home Office,South,Furniture,4,209.38,0.05,795.64,-22.3
ORD-102820,2023-11-28,CUST-0338,Corporate,East,Technology,9,1036.99,0.3,6533.04,283.45
ORD-103600,2023-11-28,CUST-0390,Corporate,West,Furniture,8,217.58,0.0,1740.64,184.29
ORD-100614,2023-11-29,CUST-0469,Consumer,North,Furniture,9,576.53,0.05,4929.33,366.17
ORD-104488,2023-11-29,CUST-0024,Consumer,South,Furniture,7,359.9,0.05,2393.33,235.77
ORD-104901,2023-11-29,CUST-0192,Consumer,East,Furniture,6,216.03,0.2,1036.94,-77.46
ORD-100329,2023-11-29,CUST-0520,Corporate,Central,Furniture,8,471.65,0.05,3584.54,152.91
ORD-102628,2023-11-29,CUST-0112,Corporate,West,Office Supplies,3,26.06,0.0,78.18,14.61
ORD-101092,2023-11-29,CUST-0044,Home Office,East,Furniture,6,541.8,0.0,3250.8,222.43
ORD-100047,2023-11-29,CUST-0504,Consumer,West,Office Supplies,9,69.13,0.05,591.06,79.31
ORD-102343,2023-11-29,CUST-0340,Consumer,South,Technology,6,397.9,0.2,1909.92,99.45
ORD-104278,2023-11-29,CUST-0643,Consumer,North,Furniture,7,534.9,0.0,3744.3,559.02
ORD-101198,2023-11-29,CUST-0402,Corporate,North,Office Supplies,3,10.84,0.05,30.89,2.95
ORD-103189,2023-11-29,CUST-0800,Consumer,North,Furniture,1,488.89,0.0,488.89,53.49
ORD-103463,2023-11-29,CUST-0435,Corporate,South,Office Supplies,9,13.31,0.0,119.79,20.68
ORD-101797,2023-11-30,CUST-0424,Corporate,East,Office Supplies,6,48.97,0.2,235.06,-17.05
ORD-101646,2023-11-30,CUST-0092,Home Office,East,Office Supplies,5,66.51,0.1,299.3,15.07
ORD-103834,2023-11-30,CUST-0038,Home Office,South,Technology,3,260.88,0.0,782.64,94.62
ORD-102644,2023-12-01,CUST-0590,Consumer,North,Office Supplies,3,95.13,0.0,285.39,55.94
ORD-101520,2023-12-01,CUST-0546,Consumer,Central,Office Supplies,1,31.73,0.0,31.73,6.97
ORD-100170,2023-12-01,CUST-0065,Consumer,Central,Office Supplies,8,57.04,0.05,433.5,54.1
ORD-100556,2023-12-01,CUST-0595,Consumer,Central,Office Supplies,8,5.36,0.2,34.3,-5.16
ORD-103314,2023-12-01,CUST-0629,Corporate,West,Technology,6,1014.19,0.2,4868.11,333.21
ORD-103589,2023-12-02,CUST-0506,Corporate,West,Technology,3,681.89,0.1,1841.1,324.64
ORD-104056,2023-12-02,CUST-0533,Corporate,West,Furniture,6,269.46,0.0,1616.76,-38.82
ORD-103554,2023-12-02,CUST-0045,Corporate,Central,Furniture,1,441.31,0.0,441.31,42.96
ORD-103338,2023-12-02,CUST-0710,Home Office,South,Office Supplies,3,26.06,0.0,78.18,16.52
ORD-102289,2023-12-02,CUST-0490,Home Office,South,Office Supplies,10,71.72,0.0,717.2,143.56
ORD-103010,2023-12-02,CUST-0160,Corporate,East,Office Supplies,10,28.82,0.05,273.79,35.63
ORD-104866,2023-12-02,CUST-0511,Home Office,Central,Technology,5,790.31,0.0,3951.55,961.05
ORD-102549,2023-12-03,CUST-0029,Consumer,Central,Office Supplies,2,123.12,0.1,221.62,31.65
ORD-100909,2023-12-03,CUST-0746,Consumer,Central,Technology,10,1173.71,0.1,10563.39,828.8
ORD-100822,2023-12-03,CUST-0088,Home Office,South,Furniture,1,180.59,0.2,144.47,0.25
ORD-100076,2023-12-03,CUST-0450,Home Office,North,Technology,2,577.56,0.0,1155.12,241.9
ORD-101795,2023-12-04,CUST-0673,Corporate,West,Office Supplies,3,102.55,0.0,307.65,46.5
ORD-100930,2023-12-04,CUST-0256,Home Office,South,Office Supplies,8,35.8,0.2,229.12,12.92
ORD-104100,2023-12-04,CUST-0784,Corporate,South,Office Supplies,10,89.03,0.1,801.27,52.63
ORD-104173,2023-12-04,CUST-0597,Consumer,West,Office Supplies,3,92.56,0.0,277.68,61.51
ORD-103949,2023-12-04,CUST-0449,Consumer,South,Technology,6,978.02,0.0,5868.12,1585.6
ORD-102594,2023-12-04,CUST-0748,Consumer,North,Technology,9,572.18,0.0,5149.62,1139.32
ORD-100397,2023-12-04,CUST-0603,Corporate,West,Technology,10,386.62,0.05,3672.89,651.45
ORD-104438,2023-12-05,CUST-0151,Home Office,East,Technology,7,629.22,0.0,4404.54,821.49
ORD-104705,2023-12-05,CUST-0763,Home Office,South,Technology,9,894.49,0.05,7647.89,956.47
ORD-103650,2023-12-05,CUST-0298,Home Office,North,Office Supplies,10,44.21,0.2,353.68,-18.88
ORD-101588,2023-12-05,CUST-0719,Consumer,Central,Technology,9,954.81,0.1,7733.96,975.38
ORD-102240,2023-12-05,CUST-0184,Home Office,East,Office Supplies,2,63.67,0.0,127.34,27.86
ORD-102407,2023-12-05,CUST-0149,Consumer,South,Technology,3,865.85,0.0,2597.55,495.63
ORD-100318,2023-12-05,CUST-0063,Consumer,North,Office Supplies,6,58.22,0.0,349.32,70.24
ORD-103672,2023-12-05,CUST-0209,Consumer,West,Furniture,4,469.42,0.1,1689.91,83.66
ORD-100668,2023-12-05,CUST-0324,Consumer,West,Office Supplies,1,140.28,0.0,140.28,32.47
ORD-102731,2023-12-06,CUST-0288,Home Office,East,Furniture,7,198.2,0.05,1318.03,71.35
ORD-104517,2023-12-06,CUST-0570,Home Office,Central,Office Supplies,4,28.78,0.05,109.36,14.69
ORD-100657,2023-12-07,CUST-0351,Corporate,South,Office Supplies,1,144.79,0.0,144.79,32.39
ORD-101921,2023-12-07,CUST-0012,Corporate,North,Technology,5,547.54,,2737.7,531.14
ORD-103243,2023-12-07,CUST-0219,Corporate,West,Furniture,9,588.43,0.05,5031.08,203.07
ORD-103696,2023-12-07,CUST-0466,Home Office,North,Furniture,7,82.25,0.0,575.75,67.71
ORD-104831,2023-12-07,CUST-0669,Consumer,East,Furniture,3,552.73,0.0,1658.19,200.53
ORD-103414,2023-12-07,CUST-0348,Consumer,North,Office Supplies,3,46.06,0.3,96.73,-1.63
ORD-100699,2023-12-07,CUST-0164,Home Office,East,Office Supplies,6,108.55,0.2,521.04,39.93
ORD-102294,2023-12-07,CUST-0586,Home Office,Central,Office Supplies,3,74.87,0.0,224.61,49.11
ORD-101714,2023-12-08,CUST-0530,Corporate,East,Technology,10,367.1,0.1,3303.9,149.75
ORD-100463,2023-12-08,CUST-0733,Home Office,East,Office Supplies,6,106.75,0.1,576.45,68.63
ORD-104845,2023-12-08,CUST-0227,Consumer,West,Office Supplies,6,98.0,0.05,558.6,53.22
ORD-102078,2023-12-08,CUST-0659,Consumer,Central,Office Supplies,3,89.22,0.2,214.13,1.76
ORD-103467,2023-12-08,CUST-0637,Corporate,Central,Office Supplies,9,38.36,0.05,327.98,40.49
ORD-100220,2023-12-08,CUST-0280,Corporate,North,Technology,5,931.02,0.3,3258.57,-459.68
ORD-104515,2023-12-08,CUST-0727,Corporate,South,Furniture,5,534.97,0.0,2674.85,228.1
ORD-100094,2023-12-08,CUST-0648,Consumer,West,Office Supplies,6,41.08,0.1,221.83,34.23
ORD-103110,2023-12-09,CUST-0112,Corporate,West,Office Supplies,4,139.82,0.1,503.35,54.05
ORD-100400,2023-12-09,CUST-0795,Corporate,East,Technology,4,201.69,0.0,806.76,118.18
ORD-100737,2023-12-09,CUST-0663,Consumer,South,Office Supplies,9,106.25,0.0,956.25,196.45
ORD-101025,2023-12-09,CUST-0375,Corporate,West,Office Supplies,10,112.55,0.0,1125.5,148.87
ORD-104439,2023-12-09,CUST-0157,Corporate,East,Office Supplies,5,51.17,0.05,243.06,23.48
ORD-101387,2023-12-09,CUST-0685,Consumer,South,Office Supplies,5,116.56,0.05,553.66,72.19
ORD-101552,2023-12-09,CUST-0553,Home Office,West,Office Supplies,7,130.69,0.0,914.83,123.88
ORD-101870,2023-12-10,CUST-0183,Consumer,North,Office Supplies,4,41.38,0.1,148.97,21.43
ORD-104386,2023-12-10,CUST-0053,Consumer,Central,Technology,10,348.0,0.0,3480.0,757.35
ORD-101353,2023-12-10,CUST-0132,Corporate,Central,Technology,4,720.73,0.1,2594.63,62.88
ORD-103140,2023-12-10,CUST-0236,Consumer,Central,Office Supplies,5,49.21,0.3,172.24,-23.38
ORD-103539,2023-12-10,CUST-0314,Consumer,Central,Office Supplies,1,6.44,0.0,6.44,1.6
ORD-104570,2023-12-10,CUST-0142,Home Office,East,Technology,3,184.62,0.1,498.47,28.51
ORD-104611,2023-12-10,CUST-0362,Consumer,North,Office Supplies,3,51.87,0.0,155.61,24.74
ORD-100067,2023-12-10,CUST-0420,Consumer,Central,Office Supplies,10,59.71,0.0,597.1,108.74
ORD-100918,2023-12-11,CUST-0108,Consumer,North,Office Supplies,2,63.98,0.2,102.37,8.11
ORD-102372,2023-12-11,CUST-0018,Corporate,South,Office Supplies,9,70.9,0.1,574.29,92.3
ORD-100475,2023-12-11,CUST-0087,Consumer,Central,Office Supplies,9,76.03,0.2,547.42,-2.7
ORD-103915,2023-12-11,CUST-0441,Consumer,East,Office Supplies,4,101.64,0.0,406.56,109.86
ORD-104420,2023-12-11,CUST-0461,Consumer,East,Furniture,2,439.86,0.0,879.72,122.68
ORD-101670,2023-12-12,CUST-0185,Consumer,South,Furniture,9,535.17,0.3,3371.57,-418.12
ORD-103569,2023-12-12,CUST-0525,Consumer,Central,Furniture,9,466.13,0.0,4195.17,318.82
ORD-103572,2023-12-12,CUST-0077,Home Office,North,Technology,7,581.05,0.0,4067.35,597.95
ORD-100112,2023-12-12,CUST-0046,Consumer,North,Office Supplies,4,105.44,0.2,337.41,-17.54
ORD-104103,2023-12-12,CUST-0177,Consumer,East,Furniture,10,463.85,0.0,4638.5,186.44
ORD-104671,2023-12-12,CUST-0722,Corporate,South,Office Supplies,1,37.57,0.0,37.57,9.32
ORD-104984,2023-12-13,CUST-0214,Consumer,North,Technology,4,1094.03,0.0,4376.12,997.61
ORD-101791,2023-12-13,CUST-0622,Corporate,North,Technology,9,165.37,0.0,1488.33,421.39
ORD-102144,2023-12-13,CUST-0340,Consumer,South,Furniture,6,563.0,0.0,3378.0,533.37
ORD-104430,2023-12-13,CUST-0696,Corporate,South,Office Supplies,2,86.5,0.0,173.0,15.08
ORD-101530,2023-12-13,CUST-0548,Home Office,East,Office Supplies,8,99.98,0.0,799.84,92.06
ORD-100592,2023-12-13,CUST-0226,Consumer,West,Office Supplies,1,91.78,0.1,82.6,-1.66
ORD-102293,2023-12-13,CUST-0619,Consumer,Central,Furniture,9,390.99,0.3,2463.24,-537.51
ORD-103652,2023-12-14,CUST-0589,Consumer,South,Technology,4,688.0,0.0,2752.0,450.42
ORD-104780,2023-12-14,CUST-0729,Home Office,Central,Technology,7,800.61,0.1,5043.84,1032.73
ORD-103748,2023-12-14,CUST-0114,Consumer,West,Office Supplies,8,87.37,0.3,489.27,-5.57
ORD-104083,2023-12-14,CUST-0158,Corporate,East,Office Supplies,10,146.29,0.0,1462.9,269.2
ORD-102992,2023-12-14,CUST-0526,Consumer,Central,Furniture,7,383.15,0.0,2682.05,171.42
ORD-103257,2023-12-14,CUST-0162,Home Office,East,Furniture,8,326.32,0.1,2349.5,-29.91
ORD-103896,2023-12-15,CUST-0781,Consumer,West,Office Supplies,5,12.37,0.1,55.66,8.15
ORD-103468,2023-12-15,CUST-0370,Corporate,West,Technology,7,905.34,0.05,6020.51,1022.11
ORD-104982,2023-12-15,CUST-0357,Consumer,North,Furniture,9,88.95,0.1,720.5,-0.6
ORD-104648,2023-12-15,CUST-0655,Corporate,West,Office Supplies,6,22.03,0.3,92.53,-10.98
ORD-101403,2023-12-15,CUST-0078,Consumer,East,Office Supplies,10,8.55,0.1,76.95,15.2
ORD-100199,2023-12-15,CUST-0690,Home Office,South,Furniture,4,370.72,0.0,1482.88,108.72
ORD-100529,2023-12-15,CUST-0295,Corporate,West,Technology,5,496.11,0.05,2356.52,279.14
ORD-100262,2023-12-15,CUST-0745,Home Office,West,Office Supplies,7,132.02,0.0,924.14,281.76
ORD-100730,2023-12-16,CUST-0342,Consumer,East,Technology,6,472.78,0.0,2836.68,515.25
ORD-101970,2023-12-16,CUST-0543,Home Office,West,Furniture,10,507.18,0.0,5071.8,775.35
ORD-100043,2023-12-16,CUST-0672,Corporate,East,Office Supplies,8,108.4,0.0,867.2,111.91
ORD-103159,2023-12-16,CUST-0768,Consumer,Central,Office Supplies,9,123.26,0.0,1109.34,241.54
ORD-103802,2023-12-16,CUST-0624,Consumer,West,Furniture,5,137.03,0.2,548.12,-31.43
ORD-103319,2023-12-16,CUST-0340,Consumer,South,Furniture,9,266.27,0.2,1917.14,-151.37
ORD-104036,2023-12-17,CUST-0419,Home Office,East,Technology,9,234.65,0.1,1900.66,351.76
ORD-100516,2023-12-17,CUST-0661,Consumer,South,Office Supplies,6,132.26,0.0,793.56,155.98
ORD-101548,2023-12-17,CUST-0258,Consumer,Central,Furniture,7,382.41,0.0,2676.87,364.82
ORD-104357,2023-12-17,CUST-0738,Corporate,East,Office Supplies,8,68.54,0.1,493.49,25.93
ORD-102219,2023-12-18,CUST-0481,Consumer,North,Furniture,5,547.41,0.1,2463.34,-38.05
ORD-100506,2023-12-18,CUST-0032,Consumer,East,Office Supplies,8,114.84,0.1,826.85,83.12
ORD-102136,2023-12-18,CUST-0019,Consumer,North,Technology,5,243.81,0.2,975.24,110.85
ORD-103364,2023-12-18,CUST-0395,Consumer,North,Technology,9,1068.81,0.1,8657.36,1475.97
ORD-101216,2023-12-18,CUST-0441,Consumer,East,Office Supplies,3,117.53,0.2,282.07,-3.55
ORD-101581,2023-12-18,CUST-0656,Home Office,Central,Office Supplies,5,22.95,0.0,114.75,18.15
ORD-103024,2023-12-18,CUST-0625,Home Office,West,Furniture,9,500.58,0.1,4054.7,187.99
ORD-100373,2023-12-18,CUST-0019,Consumer,North,Office Supplies,6,87.19,0.0,523.14,58.42
ORD-104441,2023-12-18,CUST-0172,Consumer,South,Furniture,6,338.08,0.1,1825.63,20.4
ORD-104022,2023-12-18,CUST-0735,Home Office,East,Furniture,6,444.21,0.0,2665.26,252.82
ORD-101894,2023-12-19,CUST-0431,Consumer,North,Office Supplies,6,98.25,0.0,589.5,111.91
ORD-103085,2023-12-19,CUST-0739,Corporate,South,Furniture,2,371.7,0.05,706.23,13.06
ORD-104794,2023-12-19,CUST-0520,Corporate,Central,Office Supplies,3,52.62,0.05,149.97,24.14
ORD-100183,2023-12-19,CUST-0608,Home Office,Central,Furniture,10,263.1,0.0,2631.0,270.97
ORD-103960,2023-12-19,CUST-0501,Corporate,South,Office Supplies,9,56.24,0.2,404.93,5.67
ORD-102763,2023-12-19,CUST-0698,Consumer,East,Technology,7,165.28,0.2,925.57,14.03
ORD-100493,2023-12-19,CUST-0408,Home Office,East,Technology,7,1084.12,0.2,6071.07,625.27
ORD-104730,2023-12-19,CUST-0117,Consumer,East,Office Supplies,10,97.05,0.0,970.5,241.53
ORD-100168,2023-12-20,CUST-0686,Home Office,North,Technology,9,248.95,0.05,2128.52,413.99
ORD-104972,2023-12-20,CUST-0318,Corporate,West,Furniture,5,225.51,0.3,789.28,-132.28
ORD-100276,2023-12-20,CUST-0686,Home Office,North,Furniture,4,215.77,0.1,776.77,-32.17
ORD-100483,2023-12-20,CUST-0235,Home Office,Central,Office Supplies,2,51.24,0.2,81.98,3.1
ORD-102862,2023-12-20,CUST-0474,Consumer,North,Technology,9,172.71,0.0,1554.39,325.37
ORD-104531,2023-12-20,CUST-0044,Home Office,East,Office Supplies,7,54.05,0.1,340.52,-5.01
ORD-104118,2023-12-20,CUST-0246,Corporate,West,Technology,5,590.77,0.3,2067.69,109.04
ORD-100792,2023-12-20,CUST-0248,Corporate,Central,Office Supplies,6,133.13,0.1,718.9,76.5
ORD-103654,2023-12-20,CUST-0517,Corporate,East,Furniture,2,399.12,0.2,638.59,-52.55
ORD-100801,2023-12-20,CUST-0546,Consumer,Central,Office Supplies,1,139.6,0.0,139.6,30.53
ORD-100877,2023-12-21,CUST-0756,Consumer,West,Office Supplies,1,15.85,0.1,14.26,0.35
ORD-100787,2023-12-21,CUST-0371,Consumer,West,Office Supplies,8,123.29,0.0,986.32,205.1
ORD-101007,2023-12-21,CUST-0501,Corporate,South,Office Supplies,7,54.95,0.1,346.19,23.9
ORD-103301,2023-12-21,CUST-0529,Home Office,East,Technology,9,238.59,0.05,2039.94,510.43
ORD-103360,2023-12-21,CUST-0470,Consumer,West,Furniture,6,591.0,0.05,3368.7,17.76
ORD-101135,2023-12-21,CUST-0125,Consumer,East,Furniture,5,286.45,0.05,1360.64,76.63
ORD-104967,2023-12-21,CUST-0616,Home Office,West,Office Supplies,2,131.22,0.05,249.32,47.86
ORD-104786,2023-12-21,CUST-0183,Consumer,North,Technology,8,1060.56,0.05,8060.26,1154.21
ORD-101064,2023-12-22,CUST-0652,Corporate,North,Technology,9,325.01,0.1,2632.58,263.89
ORD-103618,2023-12-22,CUST-0684,Consumer,Central,Technology,4,523.24,0.0,2092.96,293.05
ORD-101241,2023-12-22,CUST-0355,Consumer,East,Furniture,3,556.55,0.2,1335.72,-258.51
ORD-101293,2023-12-22,CUST-0465,Consumer,Central,Furniture,8,260.35,0.1,1874.52,39.6
ORD-101463,2023-12-22,CUST-0710,Home Office,South,Office Supplies,10,58.16,0.05,552.52,32.4
ORD-102966,2023-12-22,CUST-0636,Consumer,West,Office Supplies,8,112.21,0.3,628.38,-69.31
ORD-102237,2023-12-22,CUST-0691,Corporate,Central,Office Supplies,8,88.67,0.0,709.36,61.68
ORD-102548,2023-12-22,CUST-0056,Home Office,East,Technology,5,527.86,0.0,2639.3,684.53
ORD-104381,2023-12-22,CUST-0422,Consumer,South,Technology,6,760.28,0.0,4561.68,1046.96
ORD-104509,2023-12-23,CUST-0431,Consumer,North,Office Supplies,3,9.48,0.2,22.75,-1.55
ORD-103239,2023-12-23,CUST-0214,Consumer,North,Office Supplies,2,17.27,0.0,34.54,5.99
ORD-100974,2023-12-23,CUST-0656,Home Office,Central,Technology,10,1147.77,0.0,11477.7,3207.86
ORD-103676,2023-12-23,CUST-0279,Consumer,North,Furniture,10,561.42,,5614.2,462.21
ORD-102936,2023-12-23,CUST-0495,Consumer,Central,Office Supplies,6,147.21,0.0,883.26,54.05
ORD-101275,2023-12-23,CUST-0570,Home Office,Central,Furniture,10,469.84,0.05,4463.48,-1.58
ORD-101877,2023-12-23,CUST-0525,Consumer,Central,Technology,4,151.67,0.3,424.68,-14.82
ORD-102853,2023-12-23,CUST-0092,Home Office,East,Furniture,3,584.1,,1752.3,68.6
ORD-104110,2023-12-23,CUST-0060,Home Office,East,Office Supplies,5,129.88,0.3,454.58,-14.44
ORD-104605,2023-12-23,CUST-0704,Corporate,Central,Furniture,8,464.5,0.0,3716.0,308.89
ORD-101145,2023-12-23,CUST-0401,Consumer,Central,Office Supplies,8,29.31,0.2,187.58,-17.92
ORD-103574,2023-12-24,CUST-0513,Corporate,South,Office Supplies,6,23.12,0.2,110.98,-2.42
ORD-104095,2023-12-24,CUST-0261,Consumer,North,Office Supplies,2,79.29,0.05,150.65,31.71
ORD-100701,2023-12-24,CUST-0731,Consumer,East,Office Supplies,5,45.63,0.0,228.15,39.46
ORD-103437,2023-12-24,CUST-0501,Corporate,South,Office Supplies,3,32.48,0.05,92.57,8.19
ORD-102204,2023-12-24,CUST-0438,Consumer,East,Furniture,3,507.48,0.0,1522.44,194.41
ORD-101075,2023-12-24,CUST-0486,Consumer,South,Furniture,3,124.61,0.2,299.06,-35.73
ORD-104614,2023-12-24,CUST-0650,Consumer,South,Furniture,10,102.14,0.05,970.33,23.28
ORD-102433,2023-12-24,CUST-0427,Consumer,South,Office Supplies,1,33.9,0.0,33.9,7.48
ORD-100751,2023-12-24,CUST-0546,Consumer,Central,Technology,1,1102.57,0.0,1102.57,351.22
ORD-104914,2023-12-25,CUST-0500,Home Office,West,Office Supplies,5,85.16,0.0,425.8,75.36
ORD-102054,2023-12-25,CUST-0582,Corporate,East,Office Supplies,4,73.0,0.0,292.0,57.49
ORD-102946,2023-12-25,CUST-0546,Consumer,Central,Office Supplies,1,107.23,0.0,107.23,16.8
ORD-103993,2023-12-25,CUST-0588,Consumer,East,Technology,4,715.82,0.2,2290.62,81.48
ORD-103865,2023-12-25,CUST-0460,Home Office,South,Furniture,4,273.17,0.05,1038.05,69.3
ORD-103791,2023-12-25,CUST-0100,Corporate,North,Technology,6,897.37,0.1,4845.8,713.44
ORD-101262,2023-12-25,CUST-0581,Consumer,North,Furniture,9,108.69,0.05,929.3,30.93
ORD-103278,2023-12-25,CUST-0044,Home Office,East,Technology,8,1096.48,0.2,7017.47,-132.45
ORD-102305,2023-12-25,CUST-0287,Corporate,East,Furniture,4,578.9,0.1,2084.04,157.55
ORD-101846,2023-12-26,CUST-0658,Consumer,East,Office Supplies,4,85.26,0.0,341.04,60.16
ORD-100693,2023-12-26,CUST-0579,Home Office,Central,Furniture,6,544.59,0.0,3267.54,521.12
ORD-103018,2023-12-26,CUST-0712,Home Office,South,Office Supplies,7,96.21,0.0,673.47,157.87
ORD-104632,2023-12-26,CUST-0667,Corporate,Central,Technology,1,483.74,0.0,483.74,158.99
ORD-100032,2023-12-26,CUST-0686,Home Office,North,Technology,5,577.74,0.0,2888.7,581.6
ORD-102371,2023-12-27,CUST-0583,Consumer,,Furniture,1,303.17,0.2,242.54,3.58
ORD-104462,2023-12-27,CUST-0077,Home Office,North,Office Supplies,5,148.37,0.1,667.67,92.43
ORD-103761,2023-12-27,CUST-0051,Home Office,West,Technology,2,375.12,0.0,750.24,163.2
ORD-103611,2023-12-27,CUST-0619,Consumer,Central,Technology,8,318.1,0.0,2544.8,549.71
ORD-100315,2023-12-27,CUST-0472,Consumer,South,Office Supplies,10,65.29,0.05,620.26,58.36
ORD-101045,2023-12-27,CUST-0344,Corporate,Central,Office Supplies,4,123.62,0.0,494.48,94.26
ORD-103436,2023-12-28,CUST-0421,Corporate,South,Technology,4,824.39,0.0,3297.56,611.99
ORD-103448,2023-12-28,CUST-0260,Corporate,East,Furniture,9,203.19,0.05,1737.27,91.25
ORD-103591,2023-12-28,CUST-0445,Corporate,West,Office Supplies,9,33.12,0.1,268.27,6.08
ORD-103353,2023-12-28,CUST-0349,Consumer,North,Technology,9,416.61,0.0,3749.49,829.56
ORD-102127,2023-12-28,CUST-0322,Corporate,Central,Office Supplies,9,132.32,0.0,1190.88,302.62
ORD-102168,2023-12-28,CUST-0754,Home Office,West,Office Supplies,5,62.29,0.2,249.16,-3.1
ORD-100322,2023-12-28,CUST-0389,Corporate,Central,Office Supplies,3,108.17,0.05,308.28,22.4
ORD-103827,2023-12-28,CUST-0592,Consumer,West,Furniture,3,536.01,0.1,1447.23,-47.32
ORD-102806,2023-12-28,CUST-0066,Home Office,North,Technology,8,410.82,0.0,3286.56,687.41
ORD-102408,2023-12-29,CUST-0231,Corporate,South,Technology,8,1056.42,0.1,7606.22,759.21
ORD-101786,2023-12-29,CUST-0429,Consumer,East,Furniture,6,141.52,0.0,849.12,85.18
ORD-103544,2023-12-29,CUST-0715,Consumer,West,Office Supplies,8,123.85,0.0,990.8,190.76
ORD-103365,2023-12-29,CUST-0476,Home Office,Central,Technology,2,421.67,0.0,843.34,221.66
ORD-102883,2023-12-29,CUST-0729,Home Office,Central,Technology,1,991.01,0.0,991.01,151.94
ORD-100126,2023-12-29,CUST-0348,Consumer,North,Office Supplies,1,54.61,0.1,49.15,1.18
ORD-101287,2023-12-29,CUST-0301,Consumer,Central,Office Supplies,9,54.89,0.05,469.31,54.14
ORD-100146,2023-12-30,CUST-0754,Home Office,West,Office Supplies,10,115.4,0.1,1038.6,56.51
ORD-101885,2023-12-30,CUST-0119,Corporate,North,Office Supplies,3,95.63,0.0,286.89,59.6
ORD-103106,2023-12-30,CUST-0741,Consumer,North,Office Supplies,3,95.6,0.0,286.8,68.26
ORD-103706,2023-12-30,CUST-0372,Consumer,Central,Office Supplies,3,40.71,0.0,122.13,24.03
ORD-103122,2023-12-30,CUST-0378,Corporate,West,Office Supplies,2,104.6,0.1,188.28,16.67
ORD-104598,2023-12-30,CUST-0320,Consumer,East,Office Supplies,5,122.76,0.0,613.8,97.25
ORD-104627,2023-12-30,CUST-0495,Consumer,Central,Technology,3,711.83,0.1,1921.94,324.5
ORD-103219,2023-12-30,CUST-0009,Corporate,West,Technology,3,224.58,0.2,538.99,14.96
ORD-101324,2023-12-30,CUST-0233,Consumer,West,Furniture,2,504.06,0.1,907.31,-37.3
ORD-100756,2023-12-30,CUST-0130,Home Office,East,Furniture,9,217.08,0.05,1856.03,165.34
ORD-101760,2023-12-31,CUST-0164,Home Office,East,Office Supplies,1,102.7,0.05,97.56,8.49
ORD-103121,2023-12-31,CUST-0363,Consumer,Central,Technology,8,1197.59,0.05,9101.68,1189.35
ORD-103155,2023-12-31,CUST-0607,Consumer,South,Technology,2,532.81,0.0,1065.62,175.77
ORD-104834,2023-12-31,CUST-0093,Home Office,South,Office Supplies,5,52.64,0.0,263.2,54.81
ORD-104985,2023-12-31,CUST-0610,Corporate,West,Furniture,4,200.8,0.0,803.2,51.25
ORD-100368,2024-01-01,CUST-0274,Home Office,East,Office Supplies,8,98.63,0.1,710.14,77.67
ORD-100746,2024-01-01,CUST-0474,Consumer,North,Office Supplies,9,107.05,0.3,674.42,-5.11
ORD-101884,2024-01-01,CUST-0640,Consumer,West,Technology,1,981.13,0.0,981.13,246.32
ORD-102733,2024-01-02,CUST-0347,Corporate,West,Office Supplies,5,136.14,0.1,612.63,111.61
ORD-104455,2024-01-02,CUST-0256,Home Office,South,Office Supplies,6,48.88,0.1,263.95,45.62
ORD-100514,2024-01-02,CUST-0282,Consumer,West,Furniture,2,248.51,0.1,447.32,-14.69
ORD-101079,2024-01-02,CUST-0001,Corporate,Central,Office Supplies,7,5.81,0.3,28.47,-2.47
ORD-102586,2024-01-02,CUST-0759,Corporate,West,Office Supplies,2,72.15,0.05,137.08,37.18
ORD-104222,2024-01-02,CUST-0451,Corporate,North,Furniture,10,562.47,0.05,5343.46,120.72
ORD-101997,2024-01-03,CUST-0689,Corporate,South,Office Supplies,1,7.44,0.0,7.44,1.39
ORD-102955,2024-01-05,CUST-0339,Corporate,West,Office Supplies,9,119.0,0.0,1071.0,229.53
ORD-104725,2024-01-05,CUST-0718,Corporate,East,Technology,5,207.4,0.0,1037.0,228.15
ORD-103445,2024-01-05,CUST-0335,Corporate,North,Furniture,8,566.61,0.3,3173.02,-566.07
ORD-101101,2024-01-05,CUST-0231,Corporate,South,Office Supplies,5,103.15,0.0,515.75,44.82
ORD-101716,2024-01-05,CUST-0357,Consumer,North,Technology,4,572.38,0.2,1831.62,77.77
ORD-102049,2024-01-05,CUST-0671,Home Office,North,Furniture,3,264.86,0.2,635.66,-56.62
ORD-103076,2024-01-06,CUST-0028,Corporate,South,Furniture,7,431.08,0.3,2112.29,-102.73
ORD-103767,2024-01-06,CUST-0642,Consumer,Central,Furniture,2,268.72,0.2,429.95,-66.37
ORD-102483,2024-01-07,CUST-0142,Home Office,East,Office Supplies,7,11.83,0.0,82.81,15.57
ORD-100587,2024-01-08,CUST-0535,Consumer,Central,Office Supplies,9,19.52,0.05,166.9,20.37
ORD-100570,2024-01-08,CUST-0627,Consumer,Central,Furniture,10,555.28,0.3,3886.96,-499.37
ORD-102230,2024-01-08,CUST-0060,Home Office,East,Technology,9,799.25,0.1,6473.92,902.71
ORD-103264,2024-01-08,CUST-0502,Home Office,West,Technology,7,758.49,0.0,5309.43,1377.52
ORD-102469,2024-01-08,CUST-0282,Consumer,West,Office Supplies,8,140.36,0.0,1122.88,309.46
ORD-102282,2024-01-08,CUST-0603,Corporate,West,Furniture,8,448.32,0.3,2510.59,-377.58
ORD-102126,2024-01-08,CUST-0740,Consumer,Central,Office Supplies,1,67.95,0.3,47.56,-3.91
ORD-102542,2024-01-09,CUST-0055,Corporate,North,Office Supplies,9,131.02,0.05,1120.22,63.33
ORD-100890,2024-01-09,CUST-0381,Consumer,South,Office Supplies,4,139.36,0.1,501.7,14.64
ORD-103998,2024-01-09,CUST-0415,Home Office,West,Office Supplies,7,109.66,0.0,767.62,107.85
ORD-101992,2024-01-09,CUST-0612,Consumer,East,Furniture,5,307.93,0.0,1539.65,122.56
ORD-100949,2024-01-09,CUST-0547,Corporate,East,Technology,9,816.35,0.1,6612.44,843.46
ORD-104636,2024-01-10,CUST-0019,Consumer,North,Furniture,9,238.88,0.05,2042.42,118.65
ORD-104250,2024-01-10,CUST-0780,Consumer,Central,Technology,9,1161.73,0.0,10455.57,2785.67
ORD-104883,2024-01-10,CUST-0656,Home Office,Central,Office Supplies,10,149.39,0.0,1493.9,319.36
ORD-100579,2024-01-10,CUST-0487,Home Office,Central,Office Supplies,2,67.07,0.05,127.43,12.99
ORD-104667,2024-01-10,CUST-0527,Consumer,North,Technology,8,674.21,0.2,4314.94,95.82
ORD-103340,2024-01-10,CUST-0009,Corporate,West,Furniture,7,316.3,0.0,2214.1,220.15
ORD-104925,2024-01-11,CUST-0031,Consumer,East,Office Supplies,5,53.07,0.0,265.35,54.39
ORD-100986,2024-01-11,CUST-0671,Home Office,North,Office Supplies,2,37.68,0.0,75.36,11.09
ORD-102679,2024-01-11,CUST-0572,Corporate,South,Technology,4,484.6,0.3,1356.88,8.86
ORD-102108,2024-01-12,CUST-0211,Consumer,Central,Furniture,10,108.44,0.3,759.08,-139.99
ORD-100664,2024-01-12,CUST-0227,Consumer,West,Office Supplies,10,42.58,0.1,383.22,40.47
ORD-103421,2024-01-13,CUST-0124,Consumer,Central,Office Supplies,1,44.15,0.0,44.15,6.8
ORD-102095,2024-01-13,CUST-0077,Home Office,North,Office Supplies,4,104.59,0.1,376.52,31.08
ORD-104702,2024-01-13,CUST-0500,Home Office,West,Technology,8,212.06,0.1,1526.83,240.4
ORD-103936,2024-01-13,CUST-0420,Consumer,Central,Furniture,8,181.86,0.1,1309.39,87.73
ORD-101036,2024-01-13,CUST-0355,Consumer,East,Furniture,8,468.07,0.1,3370.1,194.7
ORD-101014,2024-01-13,CUST-0382,Consumer,South,Furniture,4,422.73,0.0,1690.92,17.04
ORD-100988,2024-01-13,CUST-0369,Corporate,South,Furniture,6,478.14,0.0,2868.84,307.9
ORD-102627,2024-01-13,CUST-0123,Consumer,West,Furniture,6,410.56,0.05,2340.19,137.23
ORD-103863,2024-01-14,CUST-0579,Home Office,Central,Office Supplies,6,94.41,,566.46,139.07
ORD-100685,2024-01-14,CUST-0695,Home Office,North,Office Supplies,8,97.99,0.0,783.92,151.14
ORD-104732,2024-01-14,CUST-0765,Corporate,West,Technology,8,697.9,0.05,5304.04,956.97
ORD-103755,2024-01-15,CUST-0263,Consumer,South,Office Supplies,7,138.61,0.1,873.24,-23.3
ORD-101369,2024-01-15,CUST-0337,Consumer,West,Furniture,1,315.83,0.0,315.83,19.29
ORD-103552,2024-01-15,CUST-0665,Consumer,South,Office Supplies,10,149.19,0.1,1342.71,189.35
ORD-104307,2024-01-15,CUST-0463,Corporate,East,Technology,7,566.81,0.2,3174.14,77.43
ORD-103964,2024-01-16,CUST-0458,Consumer,West,Furniture,3,190.51,0.2,457.22,-18.22
ORD-101586,2024-01-16,CUST-0137,Consumer,East,Office Supplies,9,140.78,0.0,1267.02,196.38
ORD-102032,2024-01-16,CUST-0793,Consumer,South,Office Supplies,7,29.73,0.3,145.68,-13.61
ORD-104716,2024-01-16,CUST-0014,Corporate,West,Office Supplies,6,43.63,0.05,248.69,31.32
ORD-102249,2024-01-17,CUST-0054,Consumer,West,Furniture,3,477.47,0.1,1289.17,93.0
ORD-103673,2024-01-17,CUST-0045,Corporate,Central,Furniture,6,338.25,0.05,1928.02,115.73
ORD-103246,2024-01-17,CUST-0012,Corporate,North,Furniture,8,554.03,0.2,3545.79,-5.62
ORD-101294,2024-01-17,CUST-0660,Consumer,Central,Technology,2,947.33,0.3,1326.26,-103.86
ORD-100795,2024-01-18,CUST-0261,Consumer,North,Furniture,5,413.51,0.0,2067.55,187.15
ORD-103922,2024-01-18,CUST-0268,Consumer,West,Office Supplies,7,123.16,0.2,689.7,-31.8
ORD-103361,2024-01-18,CUST-0529,Home Office,East,Office Supplies,7,25.61,0.0,179.27,17.82
ORD-101778,2024-01-18,CUST-0769,Corporate,East,Furniture,6,137.45,0.0,824.7,145.63
ORD-104709,2024-01-18,CUST-0392,Home Office,East,Furniture,1,403.98,0.3,282.79,-42.4
ORD-100617,2024-01-18,CUST-0148,Consumer,East,Technology,1,891.98,0.2,713.58,63.58
ORD-100133,2024-01-19,CUST-0499,Consumer,West,Office Supplies,3,126.81,0.3,266.3,-38.23
ORD-100655,2024-01-20,CUST-0737,Home Office,South,Technology,2,953.84,0.2,1526.14,55.8
ORD-101454,2024-01-20,CUST-0798,Consumer,North,Technology,8,759.5,0.2,4860.8,299.66
ORD-103686,2024-01-20,CUST-0113,Corporate,North,Furniture,8,465.24,0.1,3349.73,46.98
ORD-101498,2024-01-20,CUST-0040,Consumer,East,Office Supplies,2,26.81,0.0,53.62,8.12
ORD-104685,2024-01-20,CUST-0703,Consumer,West,Technology,9,398.81,0.0,3589.29,963.12
ORD-103788,2024-01-21,CUST-0179,Home Office,East,Office Supplies,8,86.45,0.0,691.6,110.33
ORD-101726,2024-01-21,CUST-0556,Corporate,South,Furniture,3,537.81,0.0,1613.43,226.86
ORD-102087,2024-01-21,CUST-0798,Consumer,North,Furniture,3,252.7,0.0,758.1,75.6
ORD-101754,2024-01-22,CUST-0352,Home Office,South,Technology,4,330.87,0.05,1257.31,183.99
ORD-104303,2024-01-23,CUST-0588,Consumer,East,Technology,9,496.43,0.2,3574.3,495.4
ORD-103646,2024-01-23,CUST-0371,Consumer,West,Furniture,9,421.14,0.1,3411.23,121.65
ORD-102609,2024-01-24,CUST-0579,Home Office,Central,Furniture,6,577.36,0.3,2424.91,-341.89
ORD-102174,2024-01-25,CUST-0088,Home Office,South,Office Supplies,9,145.02,0.05,1239.92,70.58
ORD-101702,2024-01-25,CUST-0678,Corporate,East,Office Supplies,2,28.9,0.0,57.8,11.48
ORD-103335,2024-01-25,CUST-0382,Consumer,South,Office Supplies,1,114.27,0.0,114.27,18.35
ORD-103210,2024-01-25,CUST-0063,Consumer,North,Office Supplies,7,72.07,0.1,454.04,61.45
ORD-102783,2024-01-25,CUST-0501,Corporate,South,Office Supplies,8,36.63,0.3,205.13,8.77
ORD-103290,2024-01-26,CUST-0075,Consumer,South,Office Supplies,7,65.06,0.1,409.88,53.87
ORD-101926,2024-01-26,CUST-0127,Home Office,East,Furniture,9,314.1,0.0,2826.9,325.06
ORD-102314,2024-01-26,CUST-0410,Consumer,West,Office Supplies,8,81.32,0.0,650.56,128.61
ORD-101140,2024-01-27,CUST-0050,Consumer,Central,Office Supplies,5,14.46,0.0,72.3,18.61
ORD-102797,2024-01-27,CUST-0446,Consumer,Central,Office Supplies,2,120.07,0.1,216.13,-4.64
ORD-104998,2024-01-27,CUST-0376,Consumer,,Furniture,10,271.13,0.2,2169.04,-108.28
ORD-103152,2024-01-28,CUST-0159,Consumer,South,Technology,3,158.6,0.1,428.22,34.06
ORD-104031,2024-01-29,CUST-0775,Consumer,West,Furniture,1,121.1,0.05,115.04,0.35
ORD-102775,2024-01-29,CUST-0103,Corporate,East,Furniture,2,487.24,0.0,974.48,98.78
ORD-103216,2024-01-29,CUST-0437,Consumer,Central,Office Supplies,7,43.8,0.3,214.62,-14.51
ORD-100021,2024-01-29,CUST-0188,Corporate,West,Technology,5,361.15,0.0,1805.75,335.64
ORD-102086,2024-01-30,CUST-0657,Home Office,South,Office Supplies,8,149.92,0.0,1199.36,216.12
ORD-104544,2024-01-30,CUST-0277,Consumer,East,Technology,9,296.59,0.0,2669.31,602.4
ORD-102220,2024-01-30,CUST-0494,Home Office,West,Office Supplies,8,5.27,0.0,42.16,8.73
ORD-102722,2024-01-30,CUST-0109,Consumer,East,Office Supplies,2,93.25,0.05,177.18,28.74
ORD-104281,2024-01-30,CUST-0338,Corporate,East,Furniture,5,365.38,0.0,1826.9,209.04
ORD-103238,2024-01-30,CUST-0014,Corporate,West,Technology,3,1036.15,0.1,2797.61,382.58
ORD-104993,2024-01-30,CUST-0266,Consumer,Central,Furniture,3,325.23,0.0,975.69,154.65
ORD-103355,2024-01-31,CUST-0714,Corporate,North,Office Supplies,8,34.08,0.2,218.11,22.61
ORD-104001,2024-02-01,CUST-0595,Consumer,Central,Office Supplies,10,145.04,0.2,1160.32,-150.39
ORD-101244,2024-02-01,CUST-0437,Consumer,Central,Technology,5,976.35,0.05,4637.66,595.63
ORD-104211,2024-02-01,CUST-0036,Home Office,Central,Technology,10,905.36,0.2,7242.88,-394.54
ORD-101526,2024-02-02,CUST-0275,Corporate,South,Office Supplies,3,50.43,0.0,151.29,16.93
ORD-104495,2024-02-02,CUST-0158,Corporate,East,Office Supplies,8,64.2,0.0,513.6,126.5
ORD-101280,2024-02-03,CUST-0135,Consumer,South,Technology,4,128.14,0.2,410.05,26.93
ORD-104394,2024-02-04,CUST-0323,Consumer,East,Technology,10,549.22,0.0,5492.2,745.35
ORD-102392,2024-02-04,CUST-0379,Home Office,North,Office Supplies,2,30.26,0.0,60.52,10.41
ORD-101923,2024-02-05,CUST-0125,Consumer,East,Office Supplies,9,112.47,0.1,911.01,5.33
ORD-103670,2024-02-05,CUST-0733,Home Office,East,Office Supplies,8,73.23,0.0,585.84,88.03
ORD-100498,2024-02-06,CUST-0559,Corporate,North,Technology,5,1129.95,0.05,5367.26,1130.65
ORD-104958,2024-02-06,CUST-0293,Consumer,North,Office Supplies,6,56.75,0.0,340.5,30.56
ORD-102744,2024-02-06,CUST-0250,Home Office,South,Technology,8,313.61,0.05,2383.44,131.64
ORD-101242,2024-02-06,CUST-0222,Home Office,West,Office Supplies,8,99.14,0.1,713.81,99.5
ORD-101542,2024-02-06,CUST-0127,Home Office,East,Furniture,2,126.95,0.3,177.73,-32.18
ORD-100785,2024-02-07,CUST-0783,Consumer,East,Technology,1,844.57,0.0,844.57,166.61
ORD-102090,2024-02-07,CUST-0373,Consumer,East,Office Supplies,1,108.35,0.0,108.35,17.81
ORD-101424,2024-02-07,CUST-0257,Consumer,East,Furniture,1,335.43,0.0,335.43,13.09
ORD-100096,2024-02-07,CUST-0774,Corporate,West,Technology,4,153.18,0.05,582.08,127.97
ORD-100372,2024-02-10,CUST-0264,Consumer,North,Office Supplies,6,76.98,0.1,415.69,48.24
ORD-104573,2024-02-10,CUST-0638,Consumer,North,Furniture,8,279.15,0.0,2233.2,413.66
ORD-104752,2024-02-10,CUST-0051,Home Office,West,Technology,7,798.38,0.1,5029.79,342.46
ORD-104879,2024-02-10,CUST-0734,Corporate,East,Technology,10,468.59,0.0,4685.9,804.16
ORD-104936,2024-02-10,CUST-0748,Consumer,North,Furniture,9,493.95,0.0,4445.55,670.27
ORD-100525,2024-02-11,CUST-0124,Consumer,Central,Office Supplies,8,146.09,0.0,1168.72,215.02
ORD-103177,2024-02-11,CUST-0692,Home Office,South,Furniture,8,111.04,0.1,799.49,19.61
ORD-103443,2024-02-11,CUST-0304,Consumer,North,Furniture,6,113.01,0.1,610.25,23.78
ORD-100679,2024-02-12,CUST-0222,Home Office,West,Furniture,8,335.34,0.1,2414.45,-165.4
ORD-102928,2024-02-12,CUST-0034,Consumer,Central,Technology,5,222.47,0.0,1112.35,316.05
ORD-103616,2024-02-12,CUST-0545,Home Office,Central,Office Supplies,4,109.48,0.05,416.02,52.91
ORD-102374,2024-02-12,CUST-0104,Corporate,Central,Office Supplies,8,101.97,0.0,815.76,202.69
ORD-104539,2024-02-13,CUST-0287,Corporate,East,Furniture,1,94.65,0.0,94.65,7.51
ORD-101027,2024-02-13,CUST-0262,Home Office,North,Technology,5,223.23,0.1,1004.53,152.61
ORD-100314,2024-02-13,CUST-0422,Consumer,South,Office Supplies,10,120.46,0.05,1144.37,72.31
ORD-100568,2024-02-14,CUST-0759,Corporate,West,Office Supplies,3,96.5,0.3,202.65,-2.12
ORD-104048,2024-02-14,CUST-0476,Home Office,Central,Technology,4,694.93,0.0,2779.72,347.59
ORD-103852,2024-02-14,CUST-0273,Consumer,South,Office Supplies,10,57.59,0.05,547.1,88.75
ORD-103334,2024-02-14,CUST-0763,Home Office,South,Technology,1,485.09,0.1,436.58,48.9
ORD-102368,2024-02-14,CUST-0549,Corporate,East,Technology,2,409.62,0.0,819.24,105.44
ORD-100313,2024-02-15,CUST-0260,Corporate,East,Technology,6,1150.87,0.0,6905.22,2055.13
ORD-101177,2024-02-15,CUST-0392,Home Office,East,Office Supplies,3,75.98,0.2,182.35,10.34
ORD-102474,2024-02-16,CUST-0661,Consumer,South,Office Supplies,5,137.7,0.05,654.07,96.56
ORD-102522,2024-02-16,CUST-0360,Corporate,Central,Furniture,1,347.59,0.0,347.59,51.75
ORD-102238,2024-02-16,CUST-0372,Consumer,Central,Technology,9,906.37,0.05,7749.46,1126.04
ORD-104080,2024-02-17,CUST-0091,Consumer,South,Furniture,4,190.26,0.05,722.99,24.2
ORD-101553,2024-02-17,CUST-0567,Consumer,South,Technology,7,364.61,0.05,2424.66,255.68
ORD-101973,2024-02-17,CUST-0035,Consumer,North,Office Supplies,5,82.64,0.05,392.54,65.77
ORD-102242,2024-02-17,CUST-0401,Consumer,Central,Technology,6,376.06,0.3,1579.45,-30.92
ORD-101347,2024-02-18,CUST-0440,Corporate,North,Technology,7,472.46,0.0,3307.22,907.1
ORD-102337,2024-02-18,CUST-0277,Consumer,East,Technology,10,434.45,0.0,4344.5,685.36
ORD-104966,2024-02-19,CUST-0136,Consumer,West,Office Supplies,7,47.42,0.3,232.36,-11.44
ORD-100010,2024-02-19,CUST-0523,Home Office,East,Office Supplies,7,34.2,0.1,215.46,10.12
ORD-100165,2024-02-19,CUST-0334,Corporate,South,Technology,2,237.48,0.2,379.97,-4.39
ORD-103870,2024-02-19,CUST-0037,Corporate,West,Office Supplies,8,73.16,0.0,585.28,61.03
ORD-101502,2024-02-19,CUST-0607,Consumer,South,Technology,5,787.01,0.0,3935.05,1092.27
ORD-100033,2024-02-19,CUST-0406,Consumer,North,Technology,6,933.8,0.05,5322.66,1294.0
ORD-101626,2024-02-20,CUST-0407,Corporate,Central,Furniture,4,223.2,0.05,848.16,68.81
ORD-100931,2024-02-20,CUST-0648,Consumer,West,Office Supplies,5,11.63,0.05,55.24,13.36
ORD-102838,2024-02-20,CUST-0492,Home Office,East,Office Supplies,4,62.97,0.2,201.5,-2.38
ORD-104410,2024-02-20,CUST-0799,Consumer,South,Technology,5,897.01,0.1,4036.54,948.03
ORD-103984,2024-02-21,CUST-0611,Consumer,West,Furniture,3,394.55,0.2,946.92,4.62
ORD-104433,2024-02-21,CUST-0553,Home Office,West,Office Supplies,9,56.71,0.2,408.31,10.77
ORD-100521,2024-02-21,CUST-0521,Consumer,Central,Technology,2,449.6,0.05,854.24,195.13
ORD-100633,2024-02-22,CUST-0033,Consumer,South,Office Supplies,7,9.94,0.0,69.58,13.42
ORD-101326,2024-02-22,CUST-0101,Home Office,West,Office Supplies,8,41.86,0.1,301.39,14.36
ORD-102019,2024-02-23,CUST-0686,Home Office,North,Office Supplies,9,102.51,0.0,922.59,210.35
ORD-100287,2024-02-23,CUST-0744,Consumer,South,Office Supplies,2,149.77,0.05,284.56,13.43
ORD-103064,2024-02-23,CUST-0246,Corporate,West,Office Supplies,7,139.17,0.3,681.93,-84.98
ORD-102478,2024-02-23,CUST-0397,Corporate,North,Office Supplies,9,46.35,0.0,417.15,34.99
ORD-104703,2024-02-23,CUST-0127,Home Office,East,Office Supplies,3,12.7,0.05,36.19,4.29
ORD-100186,2024-02-23,CUST-0361,Corporate,North,Furniture,3,595.29,0.2,1428.7,-158.44
ORD-100248,2024-02-24,CUST-0638,Consumer,North,Technology,10,1142.57,0.1,10283.13,1667.36
ORD-101339,2024-02-24,CUST-0666,Corporate,North,Office Supplies,7,121.03,0.3,593.05,-32.01
ORD-103904,2024-02-24,CUST-0305,Consumer,Central,Furniture,7,116.38,0.0,814.66,137.95
ORD-102545,2024-02-25,CUST-0475,Corporate,South,Technology,10,470.61,0.1,4235.49,551.48
ORD-104407,2024-02-25,CUST-0786,Consumer,North,Technology,8,592.61,0.3,3318.62,-128.36
ORD-100384,2024-02-26,CUST-0595,Consumer,Central,Furniture,4,447.6,0.0,1790.4,185.85
ORD-102331,2024-02-27,CUST-0522,Consumer,South,Technology,5,1014.05,0.2,4056.2,154.71
ORD-102849,2024-02-27,CUST-0065,Consumer,Central,Office Supplies,8,74.34,0.0,594.72,70.95
ORD-101361,2024-02-27,CUST-0695,Home Office,North,Technology,1,1173.72,0.05,1115.03,229.24
ORD-103139,2024-02-27,CUST-0719,Consumer,Central,Furniture,4,533.91,0.05,2028.86,126.88
ORD-102027,2024-02-28,CUST-0501,Corporate,South,Office Supplies,3,100.91,0.0,302.73,62.39
ORD-100873,2024-02-28,CUST-0664,Consumer,East,Office Supplies,9,38.28,0.1,310.07,2.69
ORD-102537,2024-02-28,CUST-0030,Consumer,South,Office Supplies,7,76.74,0.0,537.18,65.66
ORD-100885,2024-02-28,CUST-0655,Corporate,West,Office Supplies,3,49.53,0.05,141.16,19.56
ORD-102124,2024-02-29,CUST-0226,Consumer,West,Technology,9,504.41,0.05,4312.71,913.02
ORD-101459,2024-02-29,CUST-0239,Consumer,North,Office Supplies,10,26.33,0.2,210.64,3.48
ORD-101613,2024-02-29,CUST-0565,Home Office,South,Office Supplies,7,111.79,0.1,704.28,86.04
ORD-101295,2024-02-29,CUST-0066,Home Office,North,Technology,1,1062.48,0.1,956.23,110.83
ORD-101981,2024-02-29,CUST-0087,Consumer,Central,Office Supplies,7,64.38,0.0,450.66,77.58
ORD-103029,2024-02-29,CUST-0120,Home Office,North,Furniture,8,504.27,0.1,3630.74,-244.8
ORD-102904,2024-03-01,CUST-0739,Corporate,South,Furniture,3,405.25,0.1,1094.18,68.67
ORD-104425,2024-03-01,CUST-0527,Consumer,North,Furniture,5,345.24,0.0,1726.2,220.41
ORD-104038,2024-03-01,CUST-0028,Corporate,South,Technology,2,612.59,0.05,1163.92,218.22
ORD-102252,2024-03-01,CUST-0407,Corporate,Central,Technology,2,724.94,0.0,1449.88,303.88
ORD-100858,2024-03-01,CUST-0118,Corporate,Central,Office Supplies,6,26.2,0.1,141.48,18.06
ORD-103040,2024-03-02,CUST-0053,Consumer,Central,Office Supplies,7,110.22,0.2,617.23,-5.86
ORD-100316,2024-03-02,CUST-0247,Corporate,West,Office Supplies,9,59.78,0.1,484.22,13.03
ORD-103668,2024-03-02,CUST-0217,Corporate,Central,Office Supplies,8,92.37,0.0,738.96,122.88
ORD-102850,2024-03-03,CUST-0731,Consumer,East,Furniture,9,199.3,0.0,1793.7,294.68
ORD-101271,2024-03-03,CUST-0535,Consumer,Central,Furniture,2,450.1,0.0,900.2,140.21
ORD-103523,2024-03-04,CUST-0473,Corporate,Central,Office Supplies,6,43.07,0.05,245.5,47.18
ORD-100093,2024-03-04,CUST-0184,Home Office,East,Office Supplies,5,97.44,0.0,487.2,89.32
ORD-103689,2024-03-04,CUST-0481,Consumer,North,Office Supplies,2,146.55,0.0,293.1,65.48
ORD-104446,2024-03-04,CUST-0635,Consumer,South,Office Supplies,6,121.97,0.1,658.64,-10.51
ORD-102691,2024-03-04,CUST-0511,Home Office,Central,Technology,7,1095.44,0.0,7668.08,1852.04
ORD-104143,2024-03-06,CUST-0174,Consumer,Central,Furniture,3,356.72,0.0,1070.16,148.17
ORD-101711,2024-03-06,CUST-0657,Home Office,South,Furniture,3,453.07,0.0,1359.21,84.88
ORD-102485,2024-03-07,CUST-0030,Consumer,South,Technology,2,251.95,0.0,503.9,107.45
ORD-102900,2024-03-07,CUST-0091,Consumer,South,Office Supplies,3,53.04,0.0,159.12,32.21
ORD-100378,2024-03-07,CUST-0251,Home Office,South,Furniture,5,302.84,0.1,1362.78,140.29
ORD-100733,2024-03-08,CUST-0343,Consumer,South,Technology,6,1065.34,0.0,6392.04,1385.37
ORD-102312,2024-03-08,CUST-0439,Consumer,North,Office Supplies,6,109.17,0.05,622.27,82.95
ORD-104236,2024-03-08,CUST-0710,Home Office,South,Technology,5,226.07,0.0,1130.35,240.1
ORD-100306,2024-03-09,CUST-0521,Consumer,Central,Furniture,6,533.6,0.0,3201.6,294.0
ORD-101213,2024-03-09,CUST-0047,Corporate,West,Technology,3,543.16,0.2,1303.58,-1.45
ORD-102789,2024-03-09,CUST-0481,Consumer,North,Office Supplies,2,59.45,0.1,107.01,0.79
ORD-104123,2024-03-09,CUST-0010,Corporate,West,Office Supplies,9,128.07,0.0,1152.63,232.9
ORD-102125,2024-03-09,CUST-0124,Consumer,Central,Office Supplies,6,94.26,0.0,565.56,110.31
ORD-102244,2024-03-10,CUST-0106,Home Office,Central,Office Supplies,7,38.87,0.0,272.09,61.16
ORD-101423,2024-03-11,CUST-0441,Consumer,East,Furniture,2,495.46,0.0,990.92,109.97
ORD-103913,2024-03-11,CUST-0231,Corporate,South,Office Supplies,8,92.76,0.1,667.87,93.46
ORD-100046,2024-03-12,CUST-0375,Corporate,West,Office Supplies,8,129.66,0.3,726.1,-88.36
ORD-104912,2024-03-12,CUST-0403,Home Office,Central,Office Supplies,3,64.38,0.3,135.2,-20.39
ORD-104878,2024-03-12,CUST-0338,Corporate,East,Office Supplies,5,136.99,0.05,650.7,74.48
ORD-103575,2024-03-12,CUST-0576,Consumer,East,Technology,3,783.56,0.0,2350.68,641.53
ORD-100532,2024-03-13,CUST-0586,Home Office,Central,Office Supplies,10,120.37,0.2,962.96,21.21
ORD-102248,2024-03-13,CUST-0791,Corporate,East,Technology,10,371.41,0.1,3342.69,551.45
ORD-102702,2024-03-13,CUST-0498,Consumer,West,Furniture,9,504.76,0.0,4542.84,293.79
ORD-103195,2024-03-13,CUST-0214,Consumer,North,Furniture,10,479.61,0.05,4556.3,401.91
ORD-101299,2024-03-14,CUST-0147,Consumer,Central,Technology,9,1042.73,0.0,9384.57,2111.46
ORD-104920,2024-03-15,CUST-0436,Consumer,North,Office Supplies,2,32.12,0.2,51.39,0.1
ORD-103647,2024-03-15,CUST-0027,Corporate,North,Furniture,3,316.62,0.0,949.86,119.5
ORD-102074,2024-03-15,CUST-0139,Corporate,South,Furniture,8,318.14,0.05,2417.86,107.17
ORD-103586,2024-03-16,CUST-0530,Corporate,East,Office Supplies,1,86.4,0.0,86.4,21.0
ORD-101107,2024-03-16,CUST-0141,Consumer,South,Furniture,4,82.94,0.3,232.23,-11.79
ORD-103097,2024-03-16,CUST-0578,Consumer,East,Technology,1,579.69,0.2,463.75,3.1
ORD-104140,2024-03-16,CUST-0074,Consumer,Central,Office Supplies,4,15.83,0.1,56.99,8.04
ORD-103815,2024-03-16,CUST-0647,Consumer,West,Office Supplies,3,43.78,0.1,118.21,7.92
ORD-101425,2024-03-17,CUST-0787,Consumer,West,Technology,5,723.11,0.0,3615.55,971.15
ORD-101286,2024-03-17,CUST-0042,Consumer,North,Office Supplies,5,129.89,0.0,649.45,110.23
ORD-103853,2024-03-17,CUST-0209,Consumer,West,Office Supplies,1,63.03,0.0,63.03,14.39
ORD-101545,2024-03-18,CUST-0195,Consumer,West,Office Supplies,5,144.64,0.05,687.04,84.05
ORD-102080,2024-03-18,CUST-0324,Consumer,West,Technology,8,121.46,0.05,923.1,133.78
ORD-103498,2024-03-18,CUST-0090,Consumer,Central,Office Supplies,3,62.05,0.0,186.15,32.92
ORD-101005,2024-03-19,CUST-0091,Consumer,South,Furniture,4,93.81,0.1,337.72,8.62
ORD-101191,2024-03-19,CUST-0507,Corporate,East,Office Supplies,3,56.85,0.2,136.44,6.07
ORD-103349,2024-03-19,CUST-0547,Corporate,East,Office Supplies,7,7.43,0.2,41.61,0.35
ORD-101310,2024-03-19,CUST-0769,Corporate,East,Office Supplies,1,27.2,0.05,25.84,6.85
ORD-100675,2024-03-19,CUST-0533,Corporate,West,Furniture,2,305.59,0.2,488.94,-39.23
ORD-100546,2024-03-19,CUST-0682,Corporate,South,Technology,3,742.35,0.05,2115.7,320.01
ORD-104070,2024-03-19,CUST-0401,Consumer,Central,Office Supplies,4,136.67,0.3,382.68,-42.3
ORD-102162,2024-03-19,CUST-0139,Corporate,South,Technology,5,548.96,0.1,2470.32,385.37
ORD-104035,2024-03-19,CUST-0022,Consumer,Central,Office Supplies,8,148.64,0.1,1070.21,193.34
ORD-102728,2024-03-20,CUST-0756,Consumer,West,Furniture,7,145.53,0.2,814.97,-100.42
ORD-103020,2024-03-20,CUST-0609,Corporate,East,Furniture,10,194.78,0.0,1947.8,207.07
ORD-100275,2024-03-20,CUST-0032,Consumer,East,Furniture,6,505.65,0.0,3033.9,338.07
ORD-102698,2024-03-20,CUST-0592,Consumer,West,Furniture,10,363.88,0.0,3638.8,366.04
ORD-102656,2024-03-21,CUST-0210,Corporate,Central,Office Supplies,10,115.49,0.05,1097.15,85.59
ORD-102025,2024-03-21,CUST-0009,Corporate,West,Office Supplies,7,38.87,0.0,272.09,67.09
ORD-100886,2024-03-21,CUST-0002,Corporate,West,Technology,1,904.07,0.0,904.07,233.57
ORD-104888,2024-03-21,CUST-0574,Consumer,North,Office Supplies,8,18.8,0.0,150.4,37.72
ORD-101170,2024-03-21,CUST-0359,Home Office,Central,Furniture,8,367.29,0.0,2938.32,342.89
ORD-102662,2024-03-21,CUST-0065,Consumer,Central,Office Supplies,10,133.41,0.2,1067.28,33.61
ORD-100738,2024-03-21,CUST-0019,Consumer,North,Office Supplies,9,58.89,0.0,530.01,122.46
ORD-104058,2024-03-22,CUST-0787,Consumer,West,Technology,2,367.38,0.1,661.28,104.01
ORD-100846,2024-03-22,CUST-0023,Consumer,South,Office Supplies,4,77.86,0.0,311.44,55.82
ORD-100876,2024-03-22,CUST-0037,Corporate,West,Furniture,7,417.22,0.2,2336.43,-271.92
ORD-101689,2024-03-22,CUST-0370,Corporate,West,Furniture,2,144.41,0.0,288.82,16.21
ORD-104844,2024-03-22,CUST-0103,Corporate,East,Furniture,8,505.85,0.05,3844.46,299.27
ORD-101624,2024-03-22,CUST-0516,Consumer,West,Furniture,10,561.42,0.0,5614.2,492.16
ORD-102565,2024-03-23,CUST-0312,Corporate,North,Furniture,7,225.32,0.2,1261.79,-140.42
ORD-103914,2024-03-23,CUST-0776,Consumer,South,Furniture,4,261.65,0.0,1046.6,88.41
ORD-103959,2024-03-23,CUST-0565,Home Office,South,Furniture,4,109.88,0.2,351.62,-22.28
ORD-104163,2024-03-24,CUST-0672,Corporate,East,Furniture,6,360.65,0.05,2055.7,-121.66
ORD-100832,2024-03-24,CUST-0268,Consumer,West,Office Supplies,4,89.52,0.2,286.46,11.25
ORD-101729,2024-03-24,CUST-0539,Consumer,North,Office Supplies,2,119.48,0.05,227.01,22.39
ORD-102661,2024-03-24,CUST-0350,Corporate,South,Technology,2,444.36,0.0,888.72,276.62
ORD-100219,2024-03-25,CUST-0670,Consumer,North,Office Supplies,6,143.19,0.3,601.4,32.14
ORD-104505,2024-03-25,CUST-0683,Corporate,East,Technology,10,490.82,0.3,3435.74,-3.07
ORD-104771,2024-03-25,CUST-0632,Home Office,West,Office Supplies,4,115.74,0.0,462.96,91.19
ORD-100659,2024-03-25,CUST-0276,Consumer,West,Furniture,9,316.43,0.3,1993.51,-454.09
ORD-104599,2024-03-25,CUST-0515,Consumer,Central,Office Supplies,3,33.36,0.0,100.08,27.42
ORD-101272,2024-03-25,CUST-0411,Home Office,South,Office Supplies,5,67.67,0.05,321.43,54.59
ORD-104319,2024-03-25,CUST-0133,Home Office,Central,Furniture,1,361.84,0.0,361.84,45.27
ORD-101399,2024-03-25,CUST-0043,Corporate,North,Furniture,5,194.23,0.1,874.04,-27.53
ORD-102672,2024-03-27,CUST-0213,Consumer,South,Furniture,4,543.47,0.3,1521.72,-273.87
ORD-100583,2024-03-27,CUST-0359,Home Office,Central,Furniture,6,442.93,0.1,2391.82,-323.03
ORD-101186,2024-03-27,CUST-0460,Home Office,South,Office Supplies,3,86.48,0.05,246.47,43.43
ORD-101658,2024-03-28,CUST-0415,Home Office,West,Office Supplies,2,102.06,0.1,183.71,16.89
ORD-101066,2024-03-28,CUST-0671,Home Office,North,Technology,9,183.82,0.1,1488.94,196.21
ORD-104696,2024-03-29,CUST-0451,Corporate,North,Furniture,7,328.57,0.0,2299.99,367.52
ORD-103897,2024-03-29,CUST-0573,Consumer,East,Technology,6,1139.73,0.05,6496.46,950.22
ORD-101069,2024-03-29,CUST-0672,Corporate,East,Furniture,10,246.17,0.05,2338.61,210.92
ORD-104694,2024-03-29,CUST-0589,Consumer,South,Furniture,2,262.57,0.1,472.63,-30.6
ORD-100977,2024-03-29,CUST-0330,Consumer,West,Office Supplies,7,109.46,0.0,766.22,73.06
ORD-102877,2024-03-30,CUST-0684,Consumer,Central,Furniture,6,123.27,0.0,739.62,40.17
ORD-100650,2024-03-30,CUST-0427,Consumer,South,Office Supplies,6,5.83,0.2,27.98,1.06
ORD-101261,2024-03-30,CUST-0338,Corporate,East,Technology,8,246.76,0.1,1776.67,238.55
ORD-104825,2024-03-31,CUST-0077,Home Office,North,Furniture,4,288.73,0.05,1097.17,105.04
ORD-101655,2024-03-31,CUST-0199,Consumer,Central,Office Supplies,8,63.12,0.0,504.96,84.72
ORD-102491,2024-03-31,CUST-0073,Consumer,South,Furniture,7,108.13,0.1,681.22,3.4
ORD-101582,2024-03-31,CUST-0094,Home Office,West,Technology,4,1141.84,0.3,3197.15,-184.02
ORD-103582,2024-03-31,CUST-0631,Corporate,Central,Office Supplies,4,146.45,0.05,556.51,57.75
ORD-101593,2024-04-01,CUST-0416,Home Office,South,Technology,1,663.1,0.05,629.94,45.85
ORD-103423,2024-04-01,CUST-0686,Home Office,North,Office Supplies,2,148.16,0.1,266.69,19.78
ORD-102589,2024-04-01,CUST-0106,Home Office,Central,Furniture,9,340.33,0.0,3062.97,547.77
ORD-104295,2024-04-02,CUST-0612,Consumer,East,Technology,7,190.13,0.0,1330.91,280.18
ORD-101636,2024-04-02,CUST-0268,Consumer,West,Office Supplies,7,94.81,0.2,530.94,-4.61
ORD-102322,2024-04-02,CUST-0005,Corporate,Central,Office Supplies,3,142.46,0.0,427.38,80.75
ORD-101029,2024-04-02,CUST-0089,Corporate,East,Office Supplies,6,76.33,0.3,320.59,-45.87
ORD-102447,2024-04-03,CUST-0117,Consumer,East,Furniture,6,183.63,0.3,771.25,-143.71
ORD-104167,2024-04-03,CUST-0167,Corporate,Central,Office Supplies,5,33.21,0.1,149.45,12.37
ORD-100470,2024-04-03,CUST-0476,Home Office,,Furniture,3,515.56,0.0,1546.68,150.31
ORD-100932,2024-04-04,CUST-0115,Consumer,Central,Furniture,2,515.91,0.05,980.23,50.91
ORD-101372,2024-04-04,CUST-0607,Consumer,South,Technology,8,291.3,0.0,2330.4,491.52
ORD-104276,2024-04-04,CUST-0216,Consumer,West,Office Supplies,5,92.22,0.0,461.1,87.1
ORD-104075,2024-04-06,CUST-0591,Consumer,South,Furniture,5,220.23,0.1,991.03,-1.9
ORD-103326,2024-04-06,CUST-0661,Consumer,South,Office Supplies,10,137.31,0.0,1373.1,161.38
ORD-100081,2024-04-06,CUST-0193,Consumer,West,Furniture,8,592.61,0.05,4503.84,213.45
ORD-102597,2024-04-07,CUST-0224,Consumer,East,Office Supplies,7,144.47,0.05,960.73,52.69
ORD-101570,2024-04-07,CUST-0073,Consumer,South,Office Supplies,8,51.19,0.0,409.52,81.29
ORD-100843,2024-04-08,CUST-0392,Home Office,East,Office Supplies,3,132.6,0.0,397.8,61.13
ORD-100669,2024-04-08,CUST-0287,Corporate,East,Office Supplies,10,136.31,0.05,1294.94,111.97
ORD-104919,2024-04-08,CUST-0523,Home Office,East,Office Supplies,3,122.72,0.05,349.75,-4.28
ORD-101037,2024-04-08,CUST-0117,Consumer,East,Furniture,10,342.6,0.0,3426.0,340.18
ORD-100071,2024-04-09,CUST-0159,Consumer,South,Office Supplies,1,62.31,0.3,43.62,-7.72
ORD-101882,2024-04-09,CUST-0502,Home Office,West,Office Supplies,5,105.67,0.0,528.35,88.76
ORD-104806,2024-04-09,CUST-0598,Corporate,East,Furniture,9,471.0,0.3,2967.3,-475.95
ORD-101281,2024-04-09,CUST-0314,Consumer,Central,Furniture,7,455.75,0.0,3190.25,569.44
ORD-100480,2024-04-09,CUST-0219,Corporate,West,Technology,3,636.03,0.0,1908.09,449.8
ORD-104665,2024-04-09,CUST-0289,Corporate,Central,Furniture,1,276.16,0.2,220.93,-17.74
ORD-103473,2024-04-10,CUST-0012,Corporate,North,Office Supplies,9,42.44,0.3,267.37,-24.56
ORD-101808,2024-04-10,CUST-0660,Consumer,Central,Furniture,8,136.85,0.1,985.32,37.19
ORD-103066,2024-04-10,CUST-0615,Consumer,North,Office Supplies,2,23.42,0.05,44.5,4.34
ORD-100880,2024-04-10,CUST-0060,Home Office,East,Office Supplies,3,117.73,,317.87,48.24
ORD-102723,2024-04-11,CUST-0512,Corporate,North,Furniture,1,330.34,0.05,313.82,18.28
ORD-102866,2024-04-11,CUST-0475,Corporate,South,Technology,2,274.64,0.05,521.82,97.24
ORD-104729,2024-04-11,CUST-0148,Consumer,East,Office Supplies,4,78.89,0.1,284.0,19.13
ORD-101629,2024-04-11,CUST-0419,Home Office,East,Office Supplies,3,43.52,0.0,130.56,23.44
ORD-101095,2024-04-11,CUST-0498,Consumer,West,Office Supplies,6,99.21,0.05,565.5,107.61
ORD-102600,2024-04-12,CUST-0654,Home Office,South,Office Supplies,10,32.58,0.1,293.22,11.12
ORD-104824,2024-04-12,CUST-0582,Corporate,East,Technology,3,700.27,0.0,2100.81,183.32
ORD-104506,2024-04-13,CUST-0286,Home Office,South,Technology,2,1018.89,0.0,2037.78,496.09
ORD-100625,2024-04-13,CUST-0278,Home Office,Central,Office Supplies,6,97.21,0.0,583.26,93.01
ORD-100479,2024-04-13,CUST-0452,Corporate,Central,Furniture,10,122.08,0.05,1159.76,96.95
ORD-104975,2024-04-13,CUST-0016,Corporate,West,Office Supplies,9,8.42,0.0,75.78,12.54
ORD-101635,2024-04-13,CUST-0162,Home Office,East,Office Supplies,2,7.23,0.0,14.46,3.34
ORD-100247,2024-04-14,CUST-0444,Corporate,South,Office Supplies,6,8.32,0.1,44.93,2.44
ORD-101707,2024-04-14,CUST-0202,Corporate,East,Office Supplies,2,29.68,0.0,59.36,13.48
ORD-103875,2024-04-14,CUST-0451,Corporate,North,Technology,2,682.63,0.1,1228.73,178.29
ORD-101848,2024-04-14,CUST-0249,Consumer,North,Office Supplies,5,113.44,0.2,453.76,14.03
ORD-100943,2024-04-15,CUST-0051,Home Office,West,Furniture,8,455.07,0.0,3640.56,434.6
ORD-102176,2024-04-15,CUST-0681,Consumer,North,Furniture,9,547.48,0.2,3941.86,-260.58
ORD-100791,2024-04-16,CUST-0330,Consumer,West,Office Supplies,5,107.23,0.0,536.15,102.8
ORD-102158,2024-04-16,CUST-0086,Consumer,West,Office Supplies,10,106.81,0.05,1014.69,66.61
ORD-101942,2024-04-16,CUST-0311,Consumer,East,Office Supplies,10,55.11,0.05,523.54,28.53
ORD-103500,2024-04-16,CUST-0150,Corporate,West,Office Supplies,3,133.59,0.0,400.77,79.54
ORD-104521,2024-04-16,CUST-0708,Consumer,North,Office Supplies,6,118.09,0.2,566.83,-0.52
ORD-104827,2024-04-16,CUST-0476,Home Office,Central,Furniture,7,232.36,0.0,1626.52,106.65
ORD-103832,2024-04-16,CUST-0739,Corporate,South,Technology,4,304.45,0.1,1096.02,32.48
ORD-102864,2024-04-17,CUST-0254,Home Office,West,Furniture,7,588.15,0.1,3705.34,-476.16
ORD-102860,2024-04-17,CUST-0742,Home Office,North,Office Supplies,5,114.44,0.0,572.2,111.11
ORD-102014,2024-04-17,CUST-0786,Consumer,North,Office Supplies,3,92.64,0.05,264.02,28.84
ORD-104461,2024-04-17,CUST-0243,Home Office,North,Furniture,8,465.42,0.1,3351.02,51.42
ORD-100123,2024-04-18,CUST-0129,Consumer,South,Office Supplies,1,127.69,0.0,127.69,18.9
ORD-103798,2024-04-18,CUST-0417,Home Office,South,Furniture,8,135.92,0.0,1087.36,64.04
ORD-104149,2024-04-18,CUST-0638,Consumer,North,Office Supplies,8,81.63,0.2,522.43,24.98
ORD-104756,2024-04-18,CUST-0342,Consumer,East,Furniture,3,469.02,0.1,1266.35,-31.18
ORD-103633,2024-04-18,CUST-0508,Home Office,West,Technology,2,1024.14,0.0,2048.28,498.16
ORD-100739,2024-04-19,CUST-0253,Home Office,East,Furniture,6,448.05,0.05,2553.89,27.27
ORD-102222,2024-04-19,CUST-0413,Consumer,South,Office Supplies,7,17.65,0.1,111.2,17.86
ORD-100285,2024-04-19,CUST-0256,Home Office,South,Office Supplies,5,59.7,0.1,268.65,23.5
ORD-103657,2024-04-20,CUST-0496,Consumer,East,Furniture,4,354.37,0.0,1417.48,73.17
ORD-101144,2024-04-20,CUST-0549,Corporate,East,Furniture,4,99.71,0.0,398.84,23.88
ORD-101961,2024-04-20,CUST-0401,Consumer,Central,Office Supplies,2,89.76,0.0,179.52,21.74
ORD-100311,2024-04-20,CUST-0003,Consumer,North,Office Supplies,5,69.96,0.05,332.31,39.66
ORD-104654,2024-04-20,CUST-0308,Consumer,Central,Office Supplies,5,51.22,0.05,243.3,52.35
ORD-103205,2024-04-20,CUST-0218,Home Office,Central,Office Supplies,5,33.85,0.0,169.25,19.03
ORD-102412,2024-04-20,CUST-0311,Consumer,East,Furniture,5,490.19,0.2,1960.76,-114.15
ORD-102170,2024-04-21,CUST-0550,Corporate,Central,Technology,6,355.42,0.0,2132.52,264.06
ORD-101348,2024-04-21,CUST-0184,Home Office,East,Office Supplies,5,100.61,0.2,402.44,16.02
ORD-102367,2024-04-22,CUST-0529,Home Office,East,Technology,5,1012.97,0.05,4811.61,745.53
ORD-100365,2024-04-22,CUST-0003,Consumer,North,Office Supplies,4,91.77,0.1,330.37,48.89
ORD-101209,2024-04-22,CUST-0439,Consumer,North,Office Supplies,10,98.16,0.05,932.52,174.88
ORD-102945,2024-04-22,CUST-0794,Consumer,North,Furniture,7,265.69,0.1,1673.85,27.64
ORD-100485,2024-04-22,CUST-0245,Corporate,East,Office Supplies,4,27.57,0.3,77.2,-6.81
ORD-103879,2024-04-22,CUST-0217,Corporate,Central,Technology,6,550.66,0.05,3138.76,537.16
ORD-100231,2024-04-23,CUST-0742,Home Office,North,Technology,10,708.92,0.2,5671.36,138.3
ORD-101034,2024-04-23,CUST-0387,Consumer,North,Furniture,8,430.39,0.05,3270.96,-53.38
ORD-100838,2024-04-23,CUST-0036,Home Office,Central,Office Supplies,10,143.21,0.05,1360.5,231.26
ORD-104072,2024-04-24,CUST-0144,Corporate,East,Office Supplies,3,99.48,0.1,268.6,51.35
ORD-102511,2024-04-24,CUST-0736,Consumer,West,Office Supplies,10,77.87,0.0,778.7,108.61
ORD-102899,2024-04-24,CUST-0609,Corporate,East,Furniture,10,446.61,0.2,3572.88,-248.95
ORD-102651,2024-04-24,CUST-0148,Consumer,East,Technology,4,642.19,0.05,2440.32,352.43
ORD-102280,2024-04-24,CUST-0554,Corporate,North,Technology,3,136.8,0.0,410.4,64.66
ORD-103665,2024-04-24,CUST-0206,Corporate,East,Office Supplies,4,11.61,0.1,41.8,3.48
ORD-100686,2024-04-24,CUST-0567,Consumer,South,Office Supplies,2,82.56,0.2,132.1,0.78
ORD-104460,2024-04-25,CUST-0768,Consumer,Central,Furniture,5,488.58,0.0,2442.9,248.36
ORD-103287,2024-04-25,CUST-0272,Consumer,West,Furniture,3,321.71,0.05,916.87,93.02
ORD-102033,2024-04-26,CUST-0126,Consumer,East,Office Supplies,9,105.63,0.0,950.67,195.81
ORD-101480,2024-04-26,CUST-0191,Consumer,North,Office Supplies,10,71.58,0.1,644.22,101.38
ORD-102625,2024-04-27,CUST-0762,Consumer,North,Technology,4,646.56,0.05,2456.93,267.23
ORD-103991,2024-04-28,CUST-0671,Home Office,North,Office Supplies,6,7.82,0.0,46.92,7.08
ORD-101237,2024-04-28,CUST-0485,Corporate,South,Technology,7,164.16,0.0,1149.12,243.66
ORD-101111,2024-04-28,CUST-0704,Corporate,Central,Technology,1,394.04,0.3,275.83,-27.61
ORD-104266,2024-04-28,CUST-0788,Home Office,North,Office Supplies,8,137.78,0.3,771.57,-3.82
ORD-101124,2024-04-29,CUST-0504,Consumer,West,Technology,9,628.07,0.1,5087.37,986.74
ORD-102064,2024-04-29,CUST-0208,Consumer,Central,Office Supplies,6,61.04,0.0,366.24,95.09
ORD-103695,2024-04-29,CUST-0335,Corporate,North,Technology,5,1092.67,0.1,4917.02,686.86
ORD-103850,2024-04-29,CUST-0179,Home Office,East,Office Supplies,6,61.32,0.0,367.92,44.53
ORD-101137,2024-04-30,CUST-0156,Corporate,Central,Technology,6,460.84,0.0,2765.04,573.51
ORD-103375,2024-04-30,CUST-0709,Corporate,South,Office Supplies,1,84.43,0.0,84.43,20.87
ORD-103950,2024-05-01,CUST-0658,Consumer,East,Furniture,5,107.77,0.0,538.85,-11.4
ORD-101503,2024-05-01,CUST-0306,Corporate,North,Technology,1,958.6,0.1,862.74,86.52
ORD-104841,2024-05-01,CUST-0085,Corporate,South,Office Supplies,1,107.63,0.0,107.63,22.48
ORD-103682,2024-05-01,CUST-0408,Home Office,East,Office Supplies,1,139.89,0.1,125.9,19.88
ORD-102163,2024-05-01,CUST-0027,Corporate,North,Furniture,8,585.09,0.3,3276.5,-532.27
ORD-101346,2024-05-01,CUST-0505,Corporate,South,Office Supplies,2,18.58,0.0,37.16,7.06
ORD-102354,2024-05-02,CUST-0474,Consumer,North,Technology,3,565.99,0.1,1528.17,161.81
ORD-100249,2024-05-02,CUST-0443,Corporate,South,Furniture,2,311.87,0.05,592.55,17.29
ORD-102167,2024-05-02,CUST-0067,Consumer,West,Furniture,3,105.86,0.05,301.7,11.3
ORD-103130,2024-05-03,CUST-0746,Consumer,Central,Furniture,2,222.88,0.0,445.76,-5.67
ORD-104132,2024-05-04,CUST-0707,Consumer,East,Furniture,6,350.09,0.3,1470.38,-375.19
ORD-103816,2024-05-04,CUST-0647,Consumer,West,Office Supplies,9,87.5,0.1,708.75,39.61
ORD-100476,2024-05-04,CUST-0564,Corporate,South,Technology,2,703.43,0.2,1125.49,55.92
ORD-104707,2024-05-04,CUST-0461,Consumer,East,Office Supplies,7,70.85,0.0,495.95,70.57
ORD-104814,2024-05-05,CUST-0599,Consumer,North,Furniture,4,286.93,0.05,1090.33,73.92
ORD-102635,2024-05-05,CUST-0566,Consumer,East,Furniture,4,251.72,0.05,956.54,13.33
ORD-102334,2024-05-05,CUST-0589,Consumer,South,Office Supplies,4,42.79,0.2,136.93,6.63
ORD-101494,2024-05-05,CUST-0748,Consumer,North,Furniture,1,388.46,0.1,349.61,-2.34
ORD-104843,2024-05-06,CUST-0159,Consumer,South,Technology,3,694.72,0.3,1458.91,-46.48
ORD-102259,2024-05-06,CUST-0094,Home Office,West,Office Supplies,9,23.06,0.2,166.03,-0.74
ORD-101379,2024-05-06,CUST-0714,Corporate,North,Office Supplies,4,18.09,0.2,57.89,3.17
ORD-101608,2024-05-07,CUST-0493,Consumer,Central,Office Supplies,2,97.55,0.0,195.1,45.75
ORD-103699,2024-05-07,CUST-0763,Home Office,South,Office Supplies,10,20.38,0.1,183.42,8.89
ORD-103814,2024-05-08,CUST-0666,Corporate,North,Office Supplies,10,93.42,0.0,934.2,107.7
ORD-104776,2024-05-08,CUST-0383,Consumer,East,Technology,8,1128.57,0.3,6319.99,-225.04
ORD-103919,2024-05-08,CUST-0728,Consumer,Central,Office Supplies,7,34.62,0.0,242.34,27.5
ORD-101282,2024-05-09,CUST-0100,Corporate,North,Office Supplies,3,139.71,0.1,377.22,38.6
ORD-104516,2024-05-09,CUST-0718,Corporate,East,Office Supplies,1,102.19,0.0,102.19,15.29
ORD-102857,2024-05-09,CUST-0374,Consumer,Central,Office Supplies,1,82.1,0.0,82.1,19.61
ORD-102307,2024-05-09,CUST-0227,Consumer,West,Office Supplies,9,40.52,0.0,364.68,46.27
ORD-103723,2024-05-09,CUST-0725,Consumer,Central,Furniture,9,92.27,0.0,830.43,4.23
ORD-100747,2024-05-09,CUST-0478,Home Office,North,Office Supplies,10,104.35,0.05,991.32,49.85
ORD-100496,2024-05-09,CUST-0440,Corporate,North,Office Supplies,2,32.58,0.0,65.16,12.35
ORD-102851,2024-05-09,CUST-0019,Consumer,North,Office Supplies,10,95.22,0.3,666.54,-73.01
ORD-101380,2024-05-09,CUST-0202,Corporate,East,Office Supplies,3,58.18,0.0,174.54,33.13
ORD-103525,2024-05-10,CUST-0728,Consumer,Central,Furniture,8,229.13,0.0,1833.04,274.35
ORD-101609,2024-05-10,CUST-0408,Home Office,East,Furniture,10,229.87,0.05,2183.76,15.69
ORD-103475,2024-05-10,CUST-0478,Home Office,North,Technology,8,495.12,0.0,3960.96,824.84
ORD-103968,2024-05-10,CUST-0797,Corporate,East,Technology,7,665.08,0.0,4655.56,1126.23
ORD-100118,2024-05-10,CUST-0407,Corporate,Central,Office Supplies,3,43.07,0.1,116.29,18.21
ORD-104369,2024-05-10,CUST-0054,Consumer,West,Office Supplies,7,43.14,0.0,301.98,51.64
ORD-101837,2024-05-10,CUST-0696,Corporate,South,Office Supplies,3,10.07,0.1,27.19,1.11
ORD-102841,2024-05-11,CUST-0273,Consumer,South,Furniture,9,339.83,0.0,3058.47,287.75
ORD-100721,2024-05-11,CUST-0516,Consumer,West,Furniture,5,374.53,0.0,1872.65,314.23
ORD-103321,2024-05-12,CUST-0266,Consumer,Central,Technology,1,139.18,0.0,139.18,22.16
ORD-104870,2024-05-12,CUST-0341,Home Office,South,Technology,9,938.63,0.2,6758.14,247.27
ORD-103289,2024-05-12,CUST-0503,Consumer,South,Office Supplies,9,109.83,0.0,988.47,280.96
ORD-100549,2024-05-12,CUST-0306,Corporate,North,Office Supplies,7,70.19,0.05,466.76,91.06
ORD-102141,2024-05-13,CUST-0735,Home Office,East,Office Supplies,2,92.3,0.0,184.6,34.28
ORD-101466,2024-05-13,CUST-0614,Corporate,South,Office Supplies,3,33.15,0.05,94.48,13.42
ORD-102818,2024-05-13,CUST-0105,Home Office,West,Furniture,9,331.81,0.0,2986.29,147.56
ORD-104596,2024-05-13,CUST-0496,Consumer,East,Technology,10,394.72,0.0,3947.2,911.21
ORD-100961,2024-05-13,CUST-0021,Consumer,Central,Office Supplies,6,73.6,0.05,419.52,57.57
ORD-100176,2024-05-14,CUST-0600,Home Office,East,Office Supplies,1,29.93,0.3,20.95,-0.22
ORD-104148,2024-05-14,CUST-0200,Corporate,West,Furniture,10,127.41,0.05,1210.39,116.4
ORD-102304,2024-05-15,CUST-0160,Corporate,East,Office Supplies,2,19.75,0.3,27.65,-2.72
ORD-101158,2024-05-15,CUST-0579,Home Office,Central,Office Supplies,2,40.12,0.1,72.22,4.31
ORD-104808,2024-05-15,CUST-0178,Home Office,East,Technology,9,541.41,0.05,4629.06,880.41
ORD-101476,2024-05-16,CUST-0052,Corporate,South,Furniture,2,219.7,0.0,439.4,10.79
ORD-104800,2024-05-16,CUST-0749,Consumer,South,Office Supplies,9,57.51,0.0,517.59,109.1
ORD-102541,2024-05-16,CUST-0370,Corporate,West,Furniture,10,537.93,0.2,4303.44,-434.73
ORD-100069,2024-05-16,CUST-0492,Home Office,East,Furniture,10,262.8,0.0,2628.0,326.87
ORD-102438,2024-05-17,CUST-0432,Corporate,East,Technology,10,289.87,0.05,2753.76,310.3
ORD-103857,2024-05-17,CUST-0248,Corporate,Central,Technology,8,1076.41,0.2,6889.02,423.81
ORD-100040,2024-05-17,CUST-0477,Home Office,West,Furniture,3,362.7,0.0,1088.1,64.19
ORD-101457,2024-05-17,CUST-0726,Consumer,Central,Office Supplies,4,56.29,0.0,225.16,58.78
ORD-104764,2024-05-18,CUST-0504,Consumer,West,Office Supplies,5,118.29,0.1,532.31,-1.22
ORD-104152,2024-05-18,CUST-0652,Corporate,North,Furniture,10,199.11,0.1,1791.99,-146.5
ORD-102842,2024-05-18,CUST-0497,Consumer,Central,Technology,5,476.61,0.1,2144.75,377.73
ORD-100377,2024-05-18,CUST-0716,Consumer,East,Office Supplies,7,56.51,0.1,356.01,61.89
ORD-100995,2024-05-18,CUST-0246,Corporate,West,Technology,7,870.76,0.2,4876.26,-211.21
ORD-103599,2024-05-18,CUST-0127,Home Office,East,Furniture,3,93.43,0.0,280.29,61.29
ORD-100708,2024-05-18,CUST-0624,Consumer,West,Office Supplies,5,59.91,0.1,269.59,11.7
ORD-101929,2024-05-19,CUST-0556,Corporate,South,Office Supplies,3,52.12,0.0,156.36,15.33
ORD-101551,2024-05-19,CUST-0031,Consumer,East,Office Supplies,9,27.28,0.1,220.97,38.93
ORD-103708,2024-05-19,CUST-0264,Consumer,North,Office Supplies,10,139.97,0.0,1399.7,267.54
ORD-100148,2024-05-19,CUST-0479,Home Office,North,Office Supplies,6,132.14,0.05,753.2,57.3
ORD-103388,2024-05-19,CUST-0296,Corporate,West,Furniture,2,348.03,0.0,696.06,161.56
ORD-100001,2024-05-19,CUST-0175,Consumer,South,Office Supplies,6,49.31,0.0,295.86,40.24
ORD-103230,2024-05-19,CUST-0579,Home Office,Central,Office Supplies,9,134.86,0.05,1153.05,56.27
ORD-104395,2024-05-19,CUST-0708,Consumer,North,Office Supplies,7,23.32,0.0,163.24,29.24
ORD-103470,2024-05-19,CUST-0490,Home Office,South,Office Supplies,1,105.19,0.1,94.67,14.1
ORD-103835,2024-05-20,CUST-0523,Home Office,East,Office Supplies,10,115.3,0.1,1037.7,91.98
ORD-101871,2024-05-20,CUST-0443,Corporate,South,Office Supplies,9,143.01,0.3,900.96,-135.73
ORD-101038,2024-05-20,CUST-0496,Consumer,East,Office Supplies,4,55.55,0.05,211.09,40.86
ORD-100609,2024-05-20,CUST-0010,Corporate,West,Office Supplies,6,58.87,0.0,353.22,71.34
ORD-103981,2024-05-22,CUST-0103,Corporate,East,Technology,10,563.76,0.0,5637.6,1392.44
ORD-102013,2024-05-22,CUST-0525,Consumer,Central,Furniture,8,450.56,0.0,3604.48,634.6
ORD-103369,2024-05-22,CUST-0179,Home Office,East,Office Supplies,5,29.63,0.1,133.34,-1.31
ORD-103739,2024-05-22,CUST-0451,Corporate,North,Technology,10,1063.48,0.05,10103.06,1881.8
ORD-101677,2024-05-22,CUST-0379,Home Office,North,Technology,1,140.12,0.0,140.12,26.11
ORD-101811,2024-05-22,CUST-0706,Consumer,Central,Office Supplies,6,92.25,0.0,553.5,84.77
ORD-103480,2024-05-23,CUST-0232,Consumer,Central,Technology,2,899.21,0.05,1708.5,418.97
ORD-104040,2024-05-23,CUST-0409,Corporate,East,Office Supplies,6,31.04,0.2,148.99,-6.71
ORD-104892,2024-05-23,CUST-0606,Consumer,South,Office Supplies,8,67.36,0.2,431.1,-14.85
ORD-100399,2024-05-23,CUST-0435,Corporate,South,Office Supplies,6,81.71,0.2,392.21,-4.8
ORD-103061,2024-05-23,CUST-0220,Consumer,West,Technology,2,935.17,0.2,1496.27,1.68
ORD-104746,2024-05-24,CUST-0057,Consumer,,Office Supplies,4,76.07,0.0,304.28,50.71
ORD-104868,2024-05-24,CUST-0704,Corporate,Central,Technology,9,992.18,0.0,8929.62,1275.14
ORD-101906,2024-05-24,CUST-0666,Corporate,North,Technology,2,363.0,0.0,726.0,186.3
ORD-102207,2024-05-24,CUST-0669,Consumer,East,Furniture,7,166.66,0.0,1166.62,275.87
ORD-100014,2024-05-25,CUST-0550,Corporate,Central,Furniture,8,417.3,0.1,3004.56,-103.06
ORD-101072,2024-05-25,CUST-0363,Consumer,Central,Office Supplies,7,71.12,0.0,497.84,89.21
ORD-104701,2024-05-26,CUST-0030,Consumer,South,Technology,6,566.82,0.0,3400.92,502.04
ORD-101905,2024-05-26,CUST-0367,Consumer,West,Furniture,6,300.53,0.05,1713.02,75.67
ORD-104296,2024-05-27,CUST-0282,Consumer,West,Office Supplies,1,97.49,0.0,97.49,17.54
ORD-102766,2024-05-27,CUST-0346,Consumer,East,Technology,1,863.62,0.05,820.44,164.8
ORD-102046,2024-05-27,CUST-0515,Consumer,Central,Technology,5,685.46,0.1,3084.57,503.17
ORD-102585,2024-05-27,CUST-0727,Corporate,South,Technology,7,843.64,0.1,5314.93,819.78
ORD-101400,2024-05-27,CUST-0277,Consumer,East,Office Supplies,7,96.75,0.1,609.52,24.15
ORD-103065,2024-05-28,CUST-0564,Corporate,South,Furniture,7,595.85,0.0,4170.95,357.74
ORD-100092,2024-05-28,CUST-0480,Consumer,South,Technology,2,388.61,0.0,777.22,169.0
ORD-103573,2024-05-28,CUST-0363,Consumer,Central,Furniture,10,419.19,0.0,4191.9,224.73
ORD-101429,2024-05-28,CUST-0084,Corporate,East,Technology,3,562.88,0.0,1688.64,434.24
ORD-101889,2024-05-29,CUST-0030,Consumer,South,Office Supplies,1,120.65,0.0,120.65,23.25
ORD-102001,2024-05-29,CUST-0365,Corporate,East,Technology,2,1128.84,0.1,2031.91,336.72
ORD-102470,2024-05-29,CUST-0078,Consumer,East,Furniture,10,491.81,0.0,4918.1,531.84
ORD-101807,2024-05-29,CUST-0639,Corporate,Central,Furniture,6,437.79,0.0,2626.74,238.56
ORD-104618,2024-05-29,CUST-0137,Consumer,East,Office Supplies,10,55.79,0.0,557.9,154.2
ORD-104773,2024-05-29,CUST-0440,Corporate,North,Furniture,6,345.8,0.05,1971.06,114.72
ORD-104720,2024-05-29,CUST-0459,Consumer,West,Technology,6,1109.07,0.05,6321.7,1262.34
ORD-102671,2024-05-30,CUST-0304,Consumer,North,Technology,5,806.69,0.1,3630.11,231.68
ORD-104631,2024-05-30,CUST-0139,Corporate,South,Technology,4,959.51,0.1,3454.24,647.54
ORD-103471,2024-05-30,CUST-0782,Corporate,East,Office Supplies,6,109.11,0.2,523.73,-8.23
ORD-101777,2024-05-30,CUST-0675,Consumer,West,Technology,4,980.75,0.0,3923.0,671.04
ORD-103043,2024-05-30,CUST-0359,Home Office,Central,Technology,8,774.75,0.0,6198.0,1284.67
ORD-100545,2024-05-31,CUST-0661,Consumer,South,Office Supplies,1,93.44,0.3,65.41,-4.63
ORD-101539,2024-05-31,CUST-0598,Corporate,East,Technology,4,412.76,0.0,1651.04,185.52
ORD-100591,2024-05-31,CUST-0467,Corporate,Central,Office Supplies,9,65.26,0.05,557.97,74.97
ORD-102160,2024-05-31,CUST-0055,Corporate,North,Technology,4,510.62,0.0,2042.48,419.25
ORD-102071,2024-05-31,CUST-0702,Home Office,South,Technology,6,103.11,0.2,494.93,31.34
ORD-103069,2024-05-31,CUST-0359,Home Office,Central,Furniture,3,157.23,0.05,448.11,-6.89
ORD-104208,2024-06-01,CUST-0638,Consumer,North,Technology,1,929.08,0.1,836.17,70.71
ORD-104053,2024-06-01,CUST-0480,Consumer,South,Furniture,5,211.49,0.05,1004.58,33.26
ORD-101190,2024-06-01,CUST-0194,Consumer,East,Office Supplies,9,149.46,0.0,1345.14,317.46
ORD-101019,2024-06-02,CUST-0474,Consumer,North,Furniture,10,253.51,0.0,2535.1,363.06
ORD-100944,2024-06-02,CUST-0484,Home Office,North,Office Supplies,10,26.03,0.2,208.24,-4.15
ORD-100106,2024-06-02,CUST-0618,Consumer,South,Furniture,2,98.71,0.2,157.94,-24.3
ORD-101749,2024-06-02,CUST-0133,Home Office,Central,Technology,9,392.23,0.2,2824.06,63.46
ORD-104212,2024-06-02,CUST-0764,Home Office,West,Technology,10,379.17,0.2,3033.36,170.58
ORD-103752,2024-06-03,CUST-0754,Home Office,West,Office Supplies,9,142.51,0.05,1218.46,81.07
ORD-104079,2024-06-03,CUST-0742,Home Office,North,Office Supplies,4,51.35,0.1,184.86,12.88
ORD-101832,2024-06-03,CUST-0517,Corporate,East,Technology,7,205.18,0.0,1436.26,268.49
ORD-100009,2024-06-03,CUST-0036,Home Office,Central,Technology,2,274.87,0.0,549.74,116.83
ORD-103622,2024-06-04,CUST-0507,Corporate,East,Furniture,9,588.97,0.1,4770.66,67.04
ORD-104158,2024-06-04,CUST-0228,Consumer,South,Office Supplies,7,17.08,0.1,107.6,8.24
ORD-102831,2024-06-04,CUST-0126,Consumer,East,Furniture,4,160.85,,643.4,76.32
ORD-101288,2024-06-04,CUST-0215,Consumer,South,Technology,7,621.58,0.1,3915.95,561.06
ORD-103114,2024-06-04,CUST-0560,Home Office,North,Technology,5,1111.1,0.1,4999.95,976.14
ORD-103460,2024-06-04,CUST-0533,Corporate,West,Furniture,8,494.01,0.0,3952.08,455.08
ORD-102588,2024-06-04,CUST-0515,Consumer,Central,Technology,6,147.53,0.0,885.18,235.61
ORD-102221,2024-06-06,CUST-0068,Corporate,East,Office Supplies,4,112.46,0.0,449.84,47.61
ORD-102052,2024-06-06,CUST-0632,Home Office,West,Office Supplies,8,77.09,0.0,616.72,89.5
ORD-104017,2024-06-06,CUST-0002,Corporate,West,Office Supplies,10,86.6,0.1,779.4,48.06
ORD-102654,2024-06-06,CUST-0599,Consumer,North,Technology,2,882.65,0.0,1765.3,292.72
ORD-104687,2024-06-07,CUST-0044,Home Office,East,Office Supplies,2,49.56,0.05,94.16,13.05
ORD-103997,2024-06-07,CUST-0692,Home Office,South,Office Supplies,10,120.27,0.2,962.16,2.74
ORD-100683,2024-06-07,CUST-0034,Consumer,Central,Office Supplies,4,19.6,0.2,62.72,1.54
ORD-103087,2024-06-07,CUST-0415,Home Office,West,Technology,7,130.73,0.1,823.6,181.52
ORD-100782,2024-06-08,CUST-0351,Corporate,South,Office Supplies,8,128.66,0.3,720.5,12.9
ORD-100395,2024-06-08,CUST-0276,Consumer,West,Office Supplies,9,60.21,0.0,541.89,86.24
ORD-100252,2024-06-08,CUST-0516,Consumer,West,Technology,9,1090.72,0.1,8834.83,1663.5
ORD-103123,2024-06-08,CUST-0283,Corporate,,Office Supplies,2,136.72,0.0,273.44,32.47
ORD-101941,2024-06-09,CUST-0309,Home Office,East,Office Supplies,2,64.53,0.05,122.61,18.08
ORD-104501,2024-06-09,CUST-0428,Consumer,Central,Furniture,10,239.39,0.0,2393.9,237.54
ORD-103378,2024-06-09,CUST-0367,Consumer,West,Furniture,3,509.26,0.0,1527.78,249.98
ORD-104662,2024-06-09,CUST-0066,Home Office,North,Technology,9,149.25,0.1,1208.92,281.32
ORD-100728,2024-06-09,CUST-0386,Consumer,East,Office Supplies,3,62.8,0.05,178.98,8.97
ORD-102211,2024-06-10,CUST-0774,Corporate,West,Office Supplies,8,96.89,0.05,736.36,52.53
ORD-100110,2024-06-10,CUST-0439,Consumer,North,Office Supplies,1,18.16,0.2,14.53,1.55
ORD-102914,2024-06-11,CUST-0079,Consumer,East,Office Supplies,1,57.03,0.0,57.03,14.68
ORD-101422,2024-06-11,CUST-0712,Home Office,South,Furniture,4,155.4,0.0,621.6,52.02
ORD-102024,2024-06-11,CUST-0737,Home Office,South,Office Supplies,2,142.29,0.0,284.58,46.28
ORD-101089,2024-06-11,CUST-0441,Consumer,East,Office Supplies,6,85.91,0.2,412.37,10.72
ORD-102602,2024-06-11,CUST-0750,Consumer,North,Office Supplies,3,68.24,0.05,194.48,15.46
ORD-101001,2024-06-13,CUST-0137,Consumer,East,Furniture,8,421.45,0.3,2360.12,-419.55
ORD-102262,2024-06-13,CUST-0267,Corporate,East,Office Supplies,3,95.3,0.0,285.9,53.04
ORD-102871,2024-06-13,CUST-0311,Consumer,East,Office Supplies,3,109.58,0.05,312.3,69.86
ORD-104445,2024-06-13,CUST-0420,Consumer,Central,Furniture,6,225.12,,1283.18,125.35
ORD-102859,2024-06-13,CUST-0110,Home Office,East,Office Supplies,2,7.08,0.2,11.33,1.15
ORD-100398,2024-06-14,CUST-0167,Corporate,Central,Office Supplies,4,139.12,0.05,528.66,85.98
ORD-100457,2024-06-14,CUST-0155,Consumer,North,Furniture,8,522.84,0.05,3973.58,267.9
ORD-100056,2024-06-14,CUST-0585,Consumer,South,Technology,5,1133.35,0.0,5666.75,1015.99
ORD-101507,2024-06-15,CUST-0603,Corporate,West,Furniture,2,527.0,0.0,1054.0,158.64
ORD-104169,2024-06-15,CUST-0507,Corporate,East,Furniture,7,481.05,0.3,2357.14,-512.55
ORD-104480,2024-06-15,CUST-0763,Home Office,South,Technology,7,544.83,0.0,3813.81,642.54
ORD-104503,2024-06-16,CUST-0412,Consumer,South,Technology,10,210.82,0.0,2108.2,387.92
ORD-102735,2024-06-16,CUST-0165,Consumer,South,Office Supplies,7,107.79,0.05,716.8,64.41
ORD-101009,2024-06-17,CUST-0700,Consumer,West,Office Supplies,4,105.02,0.1,378.07,16.07
ORD-103046,2024-06-17,CUST-0723,Consumer,South,Technology,2,213.12,0.05,404.93,74.01
ORD-100759,2024-06-17,CUST-0664,Consumer,East,Office Supplies,4,58.09,0.1,209.12,6.23
ORD-101136,2024-06-17,CUST-0590,Consumer,North,Furniture,4,388.38,0.0,1553.52,130.13
ORD-101565,2024-06-17,CUST-0372,Consumer,Central,Technology,10,120.79,0.1,1087.11,27.01
ORD-101290,2024-06-18,CUST-0658,Consumer,East,Technology,3,1101.44,0.1,2973.89,451.42
ORD-101364,2024-06-18,CUST-0691,Corporate,Central,Office Supplies,1,77.94,0.1,70.15,10.56
ORD-100087,2024-06-18,CUST-0319,Home Office,West,Office Supplies,10,39.24,0.05,372.78,75.02
ORD-104803,2024-06-19,CUST-0204,Corporate,North,Furniture,5,141.2,0.1,635.4,-12.71
ORD-102832,2024-06-19,CUST-0077,Home Office,North,Furniture,3,500.53,0.1,1351.43,-53.21
ORD-102370,2024-06-19,CUST-0071,Corporate,South,Office Supplies,6,10.87,0.3,45.65,-5.33
ORD-100305,2024-06-19,CUST-0380,Home Office,West,Office Supplies,7,125.74,0.0,880.18,104.99
ORD-102510,2024-06-19,CUST-0465,Consumer,Central,Office Supplies,2,111.85,0.1,201.33,18.63
ORD-103883,2024-06-20,CUST-0396,Corporate,Central,Office Supplies,10,53.61,0.1,482.49,45.76
ORD-101357,2024-06-20,CUST-0604,Corporate,North,Technology,7,1000.43,0.3,4902.11,-60.31
ORD-104856,2024-06-20,CUST-0248,Corporate,Central,Office Supplies,7,95.84,0.1,603.79,82.05
ORD-104649,2024-06-21,CUST-0585,Consumer,South,Office Supplies,6,51.97,0.3,218.27,-31.3
ORD-102636,2024-06-21,CUST-0705,Consumer,Central,Furniture,3,138.09,0.05,393.56,-0.81
ORD-102558,2024-06-21,CUST-0338,Corporate,East,Technology,1,1005.35,0.0,1005.35,161.29
ORD-101976,2024-06-21,CUST-0428,Consumer,Central,Technology,9,991.22,0.0,8920.98,1504.97
ORD-101645,2024-06-21,CUST-0577,Consumer,East,Office Supplies,1,144.11,0.1,129.7,10.09
ORD-100976,2024-06-22,CUST-0501,Corporate,South,Office Supplies,8,88.63,0.2,567.23,-15.22
ORD-104257,2024-06-22,CUST-0682,Corporate,South,Technology,4,1132.42,0.0,4529.68,950.66
ORD-104976,2024-06-22,CUST-0376,Consumer,North,Technology,2,789.25,0.2,1262.8,20.36
ORD-102826,2024-06-22,CUST-0391,Corporate,West,Furniture,9,182.74,0.0,1644.66,232.61
ORD-103754,2024-06-22,CUST-0719,Consumer,Central,Office Supplies,5,44.28,0.05,210.33,22.8
ORD-100623,2024-06-22,CUST-0201,Consumer,East,Office Supplies,7,53.77,0.05,357.57,48.82
ORD-101176,2024-06-22,CUST-0460,Home Office,South,Office Supplies,9,138.86,0.05,1187.25,224.35
ORD-103094,2024-06-23,CUST-0042,Consumer,North,Office Supplies,1,105.78,0.05,100.49,19.29
ORD-101321,2024-06-23,CUST-0335,Corporate,North,Technology,9,1091.44,0.3,6876.07,-487.1
ORD-104911,2024-06-23,CUST-0431,Consumer,North,Technology,2,854.62,0.1,1538.32,138.53
ORD-100354,2024-06-24,CUST-0483,Home Office,East,Office Supplies,3,62.53,0.0,187.59,46.52
ORD-100026,2024-06-24,CUST-0775,Consumer,West,Office Supplies,9,71.61,0.05,612.27,120.55
ORD-102089,2024-06-24,CUST-0423,Home Office,South,Furniture,3,488.08,0.0,1464.24,166.11
ORD-101544,2024-06-25,CUST-0674,Corporate,South,Technology,7,1081.08,0.3,5297.29,237.66
ORD-103869,2024-06-25,CUST-0516,Consumer,West,Technology,3,839.45,0.0,2518.35,503.11
ORD-104613,2024-06-25,CUST-0059,Home Office,West,Office Supplies,3,35.1,0.1,94.77,7.58
ORD-102669,2024-06-25,CUST-0598,Corporate,East,Office Supplies,8,45.23,0.05,343.75,38.31
ORD-100236,2024-06-25,CUST-0760,Corporate,West,Furniture,2,523.01,0.05,993.72,102.35
ORD-103987,2024-06-25,CUST-0415,Home Office,West,Technology,9,369.55,0.1,2993.36,517.9
ORD-100883,2024-06-26,CUST-0650,Consumer,South,Office Supplies,10,100.21,0.0,1002.1,92.74
ORD-101779,2024-06-26,CUST-0068,Corporate,East,Office Supplies,5,48.66,0.0,243.3,37.81
ORD-101642,2024-06-26,CUST-0243,Home Office,North,Furniture,6,364.15,0.1,1966.41,44.1
ORD-101830,2024-06-27,CUST-0447,Home Office,East,Office Supplies,4,143.27,0.3,401.16,-36.76
ORD-102705,2024-06-27,CUST-0611,Consumer,West,Technology,9,429.35,0.0,3864.15,863.26
ORD-100983,2024-06-27,CUST-0531,Corporate,East,Technology,6,892.64,0.0,5355.84,771.76
ORD-100900,2024-06-27,CUST-0052,Corporate,South,Office Supplies,8,109.62,0.2,701.57,-0.69
ORD-101487,2024-06-27,CUST-0718,Corporate,East,Technology,6,1001.37,0.3,4205.75,-21.23
ORD-104404,2024-06-27,CUST-0704,Corporate,Central,Technology,9,328.95,0.0,2960.55,803.9
ORD-100550,2024-06-28,CUST-0788,Home Office,North,Furniture,1,464.22,0.3,324.95,-43.7
ORD-102970,2024-06-28,CUST-0589,Consumer,South,Technology,4,1150.27,0.0,4601.08,1507.3
ORD-100034,2024-06-28,CUST-0628,Corporate,North,Office Supplies,6,125.85,0.05,717.34,91.41
ORD-103833,2024-06-29,CUST-0280,Corporate,North,Technology,5,365.15,0.05,1734.46,374.1
ORD-100855,2024-06-29,CUST-0654,Home Office,South,Furniture,3,430.37,0.0,1291.11,184.66
ORD-101226,2024-06-29,CUST-0740,Consumer,Central,Office Supplies,6,73.14,0.1,394.96,51.28
ORD-103860,2024-06-29,CUST-0561,Corporate,East,Technology,6,203.05,0.2,974.64,-22.83
ORD-103545,2024-06-30,CUST-0372,Consumer,Central,Office Supplies,4,51.14,0.1,184.1,14.81
ORD-100061,2024-06-30,CUST-0006,Corporate,South,Furniture,9,350.18,0.0,3151.62,352.13
ORD-104997,2024-06-30,CUST-0530,Corporate,East,Technology,7,839.83,0.0,5878.81,1573.71
ORD-102302,2024-07-01,CUST-0232,Consumer,Central,Office Supplies,1,37.93,0.0,37.93,5.43
ORD-104300,2024-07-01,CUST-0168,Consumer,South,Technology,5,250.39,0.3,876.36,-70.92
ORD-104383,2024-07-01,CUST-0217,Corporate,Central,Office Supplies,3,104.61,0.0,313.83,62.47
ORD-102673,2024-07-01,CUST-0342,Consumer,East,Office Supplies,5,99.2,0.0,496.0,68.25
ORD-104690,2024-07-01,CUST-0582,Corporate,East,Office Supplies,3,19.27,0.3,40.47,-1.11
ORD-102935,2024-07-01,CUST-0589,Consumer,South,Office Supplies,2,63.04,0.05,119.78,11.18
ORD-101817,2024-07-02,CUST-0234,Consumer,Central,Office Supplies,3,87.5,0.1,236.25,28.55
ORD-101968,2024-07-02,CUST-0500,Home Office,West,Furniture,10,206.58,0.0,2065.8,161.18
ORD-103249,2024-07-02,CUST-0011,Corporate,Central,Technology,10,301.19,0.3,2108.33,-3.88
ORD-101012,2024-07-02,CUST-0025,Consumer,South,Office Supplies,2,137.96,0.0,275.92,70.77
ORD-102676,2024-07-02,CUST-0369,Corporate,South,Office Supplies,10,28.95,0.2,231.6,9.28
ORD-103532,2024-07-03,CUST-0020,Consumer,Central,Furniture,6,519.28,0.0,3115.68,56.21
ORD-102995,2024-07-03,CUST-0378,Corporate,West,Office Supplies,1,66.87,0.1,60.18,12.22
ORD-100144,2024-07-03,CUST-0183,Consumer,North,Office Supplies,3,113.17,0.2,271.61,-0.75
ORD-104333,2024-07-04,CUST-0575,Home Office,South,Furniture,3,553.9,0.1,1495.53,26.4
ORD-100486,2024-07-04,CUST-0722,Corporate,South,Office Supplies,5,52.4,0.1,235.8,20.34
ORD-103022,2024-07-04,CUST-0008,Home Office,East,Office Supplies,4,62.12,0.2,198.78,14.15
ORD-104153,2024-07-04,CUST-0183,Consumer,North,Furniture,6,197.53,0.0,1185.18,201.54
ORD-100471,2024-07-04,CUST-0502,Home Office,West,Office Supplies,7,43.44,0.05,288.88,47.22
ORD-101704,2024-07-04,CUST-0081,Consumer,East,Furniture,3,369.82,0.05,1053.99,16.46
ORD-104642,2024-07-04,CUST-0582,Corporate,East,Furniture,2,179.56,0.2,287.3,-34.59
ORD-101936,2024-07-05,CUST-0279,Consumer,North,Office Supplies,7,109.46,0.1,689.6,54.92
ORD-104144,2024-07-05,CUST-0490,Home Office,South,Furniture,8,469.92,0.05,3571.39,252.96
ORD-103911,2024-07-05,CUST-0382,Consumer,South,Furniture,5,358.71,0.0,1793.55,122.77
ORD-102057,2024-07-05,CUST-0740,Consumer,Central,Technology,1,169.85,0.2,135.88,-5.84
ORD-104924,2024-07-05,CUST-0593,Consumer,Central,Furniture,8,286.36,0.1,2061.79,32.03
ORD-100037,2024-07-06,CUST-0481,Consumer,North,Technology,2,508.26,0.05,965.69,149.44
ORD-103719,2024-07-06,CUST-0090,Consumer,Central,Furniture,4,362.8,0.0,1451.2,82.02
ORD-101489,2024-07-06,CUST-0545,Home Office,Central,Furniture,2,171.64,0.1,308.95,-7.1
ORD-104366,2024-07-06,CUST-0300,Consumer,West,Office Supplies,8,30.74,0.0,245.92,43.76
ORD-101994,2024-07-06,CUST-0750,Consumer,North,Office Supplies,9,133.23,0.0,1199.07,272.94
ORD-100709,2024-07-07,CUST-0724,Home Office,South,Office Supplies,1,106.08,0.0,106.08,26.15
ORD-101748,2024-07-07,CUST-0062,Consumer,North,Furniture,10,560.29,0.05,5322.75,164.06
ORD-104242,2024-07-07,CUST-0515,Consumer,Central,Office Supplies,6,6.56,0.05,37.39,3.69
ORD-101227,2024-07-07,CUST-0522,Consumer,South,Furniture,7,500.89,0.2,2804.98,-120.95
ORD-103830,2024-07-07,CUST-0650,Consumer,South,Furniture,5,431.85,0.2,1727.4,-13.36
ORD-103263,2024-07-08,CUST-0049,Consumer,East,Furniture,3,540.59,0.0,1621.77,245.98
ORD-101922,2024-07-08,CUST-0064,Consumer,West,Office Supplies,8,48.76,0.0,390.08,83.31
ORD-101568,2024-07-08,CUST-0416,Home Office,South,Office Supplies,6,8.92,0.05,50.84,6.96
ORD-100600,2024-07-09,CUST-0592,Consumer,West,Office Supplies,1,143.81,0.05,136.62,12.68
ORD-102362,2024-07-09,CUST-0779,Home Office,North,Furniture,8,389.61,0.0,3116.88,500.08
ORD-101479,2024-07-09,CUST-0305,Consumer,Central,Office Supplies,3,37.53,0.1,101.33,7.74
ORD-100310,2024-07-09,CUST-0284,Consumer,South,Technology,2,1083.7,0.3,1517.18,-85.59
ORD-101527,2024-07-10,CUST-0746,Consumer,Central,Furniture,1,467.46,0.3,327.22,-49.17
ORD-104697,2024-07-10,CUST-0212,Corporate,Central,Technology,2,602.94,0.2,964.7,-13.81
ORD-104271,2024-07-10,CUST-0542,Consumer,West,Technology,8,784.21,0.05,5960.0,297.57
ORD-100383,2024-07-11,CUST-0546,Consumer,Central,Furniture,7,275.62,0.05,1832.87,85.28
ORD-104496,2024-07-11,CUST-0678,Corporate,East,Office Supplies,4,10.9,0.3,30.52,-2.09
ORD-104797,2024-07-11,CUST-0800,Consumer,North,Technology,9,805.4,0.0,7248.6,1119.49
ORD-101630,2024-07-11,CUST-0484,Home Office,North,Technology,8,1027.14,0.1,7395.41,690.35
ORD-103298,2024-07-11,CUST-0139,Corporate,South,Office Supplies,2,34.16,0.05,64.9,2.75
ORD-104127,2024-07-11,CUST-0050,Consumer,Central,Furniture,10,308.75,0.1,2778.75,-141.52
ORD-102055,2024-07-12,CUST-0094,Home Office,West,Technology,4,391.88,0.1,1410.77,239.11
ORD-103546,2024-07-12,CUST-0730,Corporate,North,Office Supplies,6,16.89,0.0,101.34,20.17
ORD-100753,2024-07-12,CUST-0205,Consumer,West,Office Supplies,5,87.87,0.0,439.35,87.52
ORD-104028,2024-07-12,CUST-0599,Consumer,North,Technology,8,1189.75,0.2,7614.4,362.75
ORD-104895,2024-07-13,CUST-0296,Corporate,West,Technology,4,178.28,0.05,677.46,171.21
ORD-104044,2024-07-13,CUST-0646,Corporate,North,Office Supplies,1,70.83,0.0,70.83,15.54
ORD-101088,2024-07-13,CUST-0033,Consumer,South,Furniture,3,339.14,0.0,1017.42,145.51
ORD-101535,2024-07-13,CUST-0494,Home Office,West,Furniture,10,554.5,0.05,5267.75,179.68
ORD-103357,2024-07-13,CUST-0029,Consumer,Central,Office Supplies,6,139.19,0.0,835.14,152.01
ORD-100321,2024-07-13,CUST-0793,Consumer,South,Office Supplies,8,41.23,0.3,230.89,-18.71
ORD-101342,2024-07-14,CUST-0467,Corporate,Central,Office Supplies,5,19.54,0.1,87.93,7.34
ORD-102444,2024-07-14,CUST-0221,Consumer,Central,Furniture,9,453.98,0.05,3881.53,110.18
ORD-101827,2024-07-14,CUST-0219,Corporate,West,Office Supplies,4,120.71,0.1,434.56,29.9
ORD-100903,2024-07-14,CUST-0460,Home Office,South,Technology,9,1118.98,0.1,9063.74,1986.26
ORD-104533,2024-07-14,CUST-0257,Consumer,East,Office Supplies,7,113.6,0.0,795.2,150.22
ORD-100572,2024-07-15,CUST-0143,Consumer,East,Office Supplies,1,132.95,0.05,126.3,23.21
ORD-102213,2024-07-15,CUST-0784,Corporate,South,Office Supplies,2,98.21,0.0,196.42,32.94
ORD-100965,2024-07-15,CUST-0281,Corporate,West,Office Supplies,3,74.99,0.0,224.97,34.81
ORD-104753,2024-07-15,CUST-0064,Consumer,West,Office Supplies,4,127.24,0.0,508.96,83.2
ORD-100137,2024-07-15,CUST-0221,Consumer,Central,Office Supplies,7,58.93,0.05,391.88,51.53
ORD-101421,2024-07-16,CUST-0618,Consumer,South,Furniture,9,375.79,0.0,3382.11,-113.66
ORD-103567,2024-07-16,CUST-0049,Consumer,East,Furniture,4,226.8,0.3,635.04,-96.72
ORD-104119,2024-07-17,CUST-0326,Consumer,West,Office Supplies,1,58.57,0.0,58.57,10.14
ORD-103276,2024-07-17,CUST-0262,Home Office,North,Furniture,10,101.38,0.05,963.11,71.3
ORD-103229,2024-07-17,CUST-0789,Consumer,North,Office Supplies,10,27.23,0.2,217.84,-1.93
ORD-104183,2024-07-18,CUST-0460,Home Office,South,Office Supplies,6,5.4,0.0,32.4,4.73
ORD-103529,2024-07-18,CUST-0254,Home Office,West,Office Supplies,1,120.18,0.0,120.18,24.32
ORD-103587,2024-07-18,CUST-0466,Home Office,North,Office Supplies,10,103.33,0.0,1033.3,146.05
ORD-104927,2024-07-18,CUST-0725,Consumer,Central,Technology,1,345.95,0.0,345.95,50.87
ORD-104358,2024-07-20,CUST-0470,Consumer,,Technology,10,1051.91,0.0,10519.1,3348.56
ORD-104962,2024-07-20,CUST-0211,Consumer,Central,Office Supplies,3,83.11,0.0,249.33,78.55
ORD-101478,2024-07-20,CUST-0135,Consumer,South,Technology,4,718.64,0.05,2730.83,524.37
ORD-102303,2024-07-20,CUST-0577,Consumer,East,Office Supplies,9,17.12,0.0,154.08,23.38
ORD-101207,2024-07-20,CUST-0729,Home Office,Central,Office Supplies,10,19.94,0.1,179.46,5.59
ORD-103683,2024-07-21,CUST-0793,Consumer,South,Technology,4,983.21,0.2,3146.27,72.39
ORD-103294,2024-07-21,CUST-0240,Consumer,North,Furniture,2,220.62,0.1,397.12,27.06
ORD-102414,2024-07-21,CUST-0064,Consumer,West,Office Supplies,10,8.39,0.2,67.12,0.57
ORD-100140,2024-07-21,CUST-0302,Home Office,Central,Furniture,5,138.87,0.2,555.48,-21.54
ORD-100221,2024-07-23,CUST-0138,Home Office,South,Office Supplies,8,78.52,0.05,596.75,87.75
ORD-104578,2024-07-24,CUST-0693,Consumer,West,Technology,9,294.42,0.2,2119.82,51.84
ORD-102356,2024-07-24,CUST-0778,Corporate,North,Furniture,3,545.78,0.1,1473.61,-29.49
ORD-102006,2024-07-24,CUST-0444,Corporate,South,Office Supplies,6,92.4,0.05,526.68,69.51
ORD-103253,2024-07-24,CUST-0514,Consumer,West,Office Supplies,2,128.0,0.0,256.0,39.46
ORD-100745,2024-07-24,CUST-0025,Consumer,South,Technology,10,470.45,0.2,3763.6,86.95
ORD-104447,2024-07-24,CUST-0109,Consumer,East,Furniture,4,520.81,0.0,2083.24,297.65
ORD-100557,2024-07-25,CUST-0143,Consumer,East,Office Supplies,2,71.38,0.05,135.62,22.91
ORD-101077,2024-07-25,CUST-0296,Corporate,West,Office Supplies,5,41.01,0.2,164.04,-4.05
ORD-100621,2024-07-25,CUST-0341,Home Office,South,Technology,1,858.5,0.05,815.58,59.14
ORD-100141,2024-07-26,CUST-0236,Consumer,Central,Furniture,5,391.03,0.0,1955.15,155.44
ORD-100958,2024-07-26,CUST-0528,Corporate,South,Office Supplies,5,55.71,0.0,278.55,47.32
ORD-103182,2024-07-27,CUST-0596,Home Office,,Office Supplies,3,94.6,0.05,269.61,28.31
ORD-102664,2024-07-27,CUST-0215,Consumer,South,Office Supplies,4,51.09,0.3,143.05,-17.63
ORD-101148,2024-07-27,CUST-0680,Consumer,North,Technology,6,371.52,0.2,1783.3,-20.89
ORD-103293,2024-07-27,CUST-0058,Consumer,Central,Technology,7,852.65,0.0,5968.55,1439.06
ORD-104790,2024-07-27,CUST-0766,Home Office,West,Furniture,2,230.41,0.1,414.74,33.13
ORD-103775,2024-07-27,CUST-0212,Corporate,Central,Office Supplies,6,100.03,0.2,480.14,7.15
ORD-101821,2024-07-28,CUST-0769,Corporate,East,Office Supplies,2,95.34,0.05,181.15,15.72
ORD-102801,2024-07-28,CUST-0129,Consumer,South,Office Supplies,1,29.95,0.05,28.45,1.6
ORD-100358,2024-07-28,CUST-0778,Corporate,North,Furniture,8,143.95,0.1,1036.44,-83.38
ORD-100559,2024-07-29,CUST-0586,Home Office,Central,Technology,8,1026.07,0.2,6566.85,487.83
ORD-102612,2024-07-29,CUST-0062,Consumer,North,Office Supplies,5,135.37,0.0,676.85,85.95
ORD-104189,2024-07-29,CUST-0541,Consumer,South,Technology,1,513.93,0.2,411.14,19.18
ORD-104497,2024-07-30,CUST-0630,Consumer,North,Office Supplies,2,14.57,0.1,26.23,1.18
ORD-101920,2024-07-30,CUST-0689,Corporate,South,Technology,1,1079.84,0.3,755.89,5.4
ORD-101829,2024-07-30,CUST-0212,Corporate,Central,Office Supplies,4,46.43,0.0,185.72,36.48
ORD-104543,2024-07-30,CUST-0735,Home Office,East,Furniture,5,321.32,0.05,1526.27,151.97
ORD-101269,2024-07-30,CUST-0091,Consumer,South,Office Supplies,8,144.42,0.05,1097.59,295.59
ORD-100125,2024-07-30,CUST-0242,Consumer,South,Office Supplies,8,103.27,0.1,743.54,90.05
ORD-103978,2024-07-30,CUST-0457,Consumer,Central,Furniture,9,409.65,0.0,3686.85,536.9
ORD-102097,2024-07-31,CUST-0213,Consumer,South,Technology,3,888.64,0.0,2665.92,545.53
ORD-102615,2024-07-31,CUST-0679,Corporate,North,Furniture,6,598.62,0.0,3591.72,422.05
ORD-100508,2024-07-31,CUST-0356,Corporate,East,Furniture,9,105.47,0.0,949.23,54.47
ORD-101569,2024-07-31,CUST-0195,Consumer,West,Furniture,4,133.55,0.1,480.78,27.48
ORD-103055,2024-08-01,CUST-0022,Consumer,Central,Office Supplies,8,77.4,0.05,588.24,94.85
ORD-104006,2024-08-01,CUST-0152,Consumer,East,Furniture,10,363.09,0.0,3630.9,350.01
ORD-100906,2024-08-01,CUST-0716,Consumer,East,Office Supplies,8,38.28,0.05,290.93,59.14
ORD-103354,2024-08-01,CUST-0797,Corporate,East,Office Supplies,1,74.85,0.3,52.4,-6.3
ORD-104474,2024-08-02,CUST-0424,Corporate,East,Furniture,10,277.2,0.0,2772.0,452.84
ORD-102318,2024-08-02,CUST-0242,Consumer,South,Furniture,10,447.78,0.05,4253.91,306.2
ORD-101724,2024-08-02,CUST-0230,Consumer,North,Office Supplies,7,78.78,0.05,523.89,16.27
ORD-100677,2024-08-03,CUST-0664,Consumer,East,Furniture,6,400.18,0.0,2401.08,210.49
ORD-103506,2024-08-03,CUST-0480,Consumer,South,Technology,7,1084.71,0.0,7592.97,2213.33
ORD-102748,2024-08-03,CUST-0675,Consumer,West,Office Supplies,7,23.26,0.0,162.82,19.25
ORD-102631,2024-08-03,CUST-0405,Home Office,West,Office Supplies,3,93.02,0.05,265.11,27.64
ORD-104591,2024-08-03,CUST-0788,Home Office,North,Office Supplies,7,55.91,0.1,352.23,32.95
ORD-101331,2024-08-03,CUST-0557,Corporate,South,Office Supplies,9,73.71,0.1,597.05,83.4
ORD-101320,2024-08-03,CUST-0594,Home Office,West,Furniture,7,524.64,0.0,3672.48,718.9
ORD-103297,2024-08-03,CUST-0734,Corporate,East,Technology,3,930.82,0.0,2792.46,444.63
ORD-103934,2024-08-03,CUST-0682,Corporate,South,Furniture,10,599.77,0.2,4798.16,-335.0
ORD-101473,2024-08-04,CUST-0491,Corporate,East,Furniture,7,519.95,0.1,3275.69,228.73
ORD-103938,2024-08-04,CUST-0649,Home Office,West,Office Supplies,5,144.12,0.1,648.54,31.88
ORD-102499,2024-08-05,CUST-0303,Consumer,East,Furniture,10,234.43,0.0,2344.3,103.01
ORD-102329,2024-08-05,CUST-0714,Corporate,North,Office Supplies,9,77.07,0.05,658.95,124.27
ORD-103556,2024-08-05,CUST-0162,Home Office,East,Office Supplies,4,76.55,0.2,244.96,14.59
ORD-103966,2024-08-05,CUST-0310,Consumer,North,Furniture,10,257.05,0.1,2313.45,-81.3
ORD-103489,2024-08-05,CUST-0076,Home Office,North,Furniture,3,150.93,0.1,407.51,45.07
ORD-101557,2024-08-05,CUST-0580,Home Office,West,Technology,3,304.82,0.2,731.57,-11.77
ORD-101818,2024-08-06,CUST-0614,Corporate,South,Office Supplies,7,38.32,0.1,241.42,32.27
ORD-100580,2024-08-06,CUST-0592,Consumer,West,Office Supplies,9,70.34,0.05,601.41,45.24
ORD-104900,2024-08-06,CUST-0430,Corporate,South,Office Supplies,7,138.72,0.0,971.04,153.52
ORD-101268,2024-08-06,CUST-0686,Home Office,North,Furniture,3,495.43,0.0,1486.29,88.53
ORD-102551,2024-08-06,CUST-0582,Corporate,East,Office Supplies,4,106.69,0.0,426.76,43.7
ORD-102357,2024-08-08,CUST-0298,Home Office,North,Technology,2,913.96,0.0,1827.92,423.32
ORD-101126,2024-08-08,CUST-0215,Consumer,South,Office Supplies,6,127.99,0.2,614.35,14.43
ORD-104113,2024-08-08,CUST-0686,Home Office,North,Technology,9,571.69,0.0,5145.21,784.01
ORD-100202,2024-08-08,CUST-0656,Home Office,Central,Office Supplies,6,98.92,0.05,563.84,56.29
ORD-104817,2024-08-08,CUST-0472,Consumer,South,Furniture,5,582.68,0.0,2913.4,434.81
ORD-101852,2024-08-08,CUST-0401,Consumer,Central,Office Supplies,1,91.9,0.1,82.71,14.2
ORD-104760,2024-08-09,CUST-0436,Consumer,North,Furniture,10,221.26,0.0,2212.6,121.67
ORD-102675,2024-08-09,CUST-0270,Corporate,West,Furniture,4,504.77,0.2,1615.26,-258.9
ORD-103602,2024-08-09,CUST-0255,Consumer,East,Office Supplies,1,80.45,0.1,72.4,6.18
ORD-100089,2024-08-09,CUST-0197,Consumer,Central,Office Supplies,5,96.12,0.05,456.57,24.13
ORD-102066,2024-08-10,CUST-0221,Consumer,Central,Furniture,5,83.04,0.05,394.44,0.88
ORD-102716,2024-08-11,CUST-0083,Consumer,South,Office Supplies,2,74.5,0.0,149.0,26.08
ORD-102169,2024-08-11,CUST-0077,Home Office,North,Office Supplies,1,137.73,0.0,137.73,27.68
ORD-103344,2024-08-11,CUST-0512,Corporate,North,Furniture,2,442.93,0.05,841.57,106.9
ORD-104136,2024-08-11,CUST-0281,Corporate,West,Office Supplies,3,7.9,0.0,23.7,3.99
ORD-101686,2024-08-11,CUST-0515,Consumer,Central,Office Supplies,6,37.39,0.0,224.34,43.2
ORD-104534,2024-08-11,CUST-0262,Home Office,North,Office Supplies,10,97.84,0.0,978.4,195.74
ORD-102172,2024-08-11,CUST-0417,Home Office,South,Office Supplies,9,19.49,0.05,166.64,15.26
ORD-100503,2024-08-12,CUST-0050,Consumer,Central,Technology,4,900.25,0.05,3420.95,364.82
ORD-103561,2024-08-12,CUST-0305,Consumer,Central,Technology,5,450.35,0.3,1576.22,-105.02
ORD-104761,2024-08-12,CUST-0286,Home Office,South,Technology,5,524.35,0.2,2097.4,180.22
ORD-100277,2024-08-13,CUST-0182,Corporate,West,Office Supplies,1,141.84,0.0,141.84,22.12
ORD-102062,2024-08-13,CUST-0039,Consumer,West,Furniture,1,280.62,0.05,266.59,30.39
ORD-102069,2024-08-13,CUST-0796,Consumer,South,Office Supplies,7,109.38,0.3,535.96,-43.78
ORD-101174,2024-08-13,CUST-0056,Home Office,East,Furniture,4,297.4,0.0,1189.6,100.28
ORD-102134,2024-08-13,CUST-0636,Consumer,West,Technology,8,130.34,0.0,1042.72,251.51
ORD-100437,2024-08-13,CUST-0235,Home Office,Central,Office Supplies,1,146.3,0.1,131.67,22.09
ORD-101687,2024-08-14,CUST-0454,Consumer,Central,Office Supplies,6,36.2,0.0,217.2,46.51
ORD-102480,2024-08-14,CUST-0773,Home Office,East,Furniture,4,559.84,0.3,1567.55,-150.37
ORD-100575,2024-08-14,CUST-0444,Corporate,South,Furniture,4,452.81,0.0,1811.24,226.9
ORD-104860,2024-08-14,CUST-0747,Consumer,East,Furniture,4,293.64,0.05,1115.83,70.73
ORD-104586,2024-08-15,CUST-0638,Consumer,North,Office Supplies,2,70.19,0.2,112.3,-5.44
ORD-103524,2024-08-15,CUST-0476,Home Office,Central,Furniture,6,451.07,0.0,2706.42,197.8
ORD-103408,2024-08-15,CUST-0274,Home Office,East,Technology,6,580.96,0.05,3311.47,620.48
ORD-101880,2024-08-15,CUST-0183,Consumer,North,Office Supplies,3,16.1,0.05,45.89,9.47
ORD-101505,2024-08-15,CUST-0608,Home Office,Central,Office Supplies,8,101.86,0.3,570.42,-7.69
ORD-102974,2024-08-15,CUST-0012,Corporate,North,Furniture,9,348.72,0.0,3138.48,345.0
ORD-104718,2024-08-16,CUST-0267,Corporate,East,Furniture,1,492.47,0.2,393.98,17.24
ORD-104897,2024-08-16,CUST-0379,Home Office,North,Office Supplies,7,50.91,0.0,356.37,76.63
ORD-103328,2024-08-16,CUST-0748,Consumer,North,Technology,5,740.62,0.0,3703.1,1145.68
ORD-100209,2024-08-16,CUST-0661,Consumer,South,Furniture,5,269.81,0.05,1281.6,26.86
ORD-103374,2024-08-17,CUST-0643,Consumer,North,Office Supplies,8,64.22,0.0,513.76,93.77
ORD-100808,2024-08-17,CUST-0097,Consumer,North,Office Supplies,8,96.03,0.05,729.83,74.4
ORD-102540,2024-08-17,CUST-0652,Corporate,North,Office Supplies,2,84.64,0.2,135.42,-10.76
ORD-104812,2024-08-17,CUST-0017,Home Office,West,Office Supplies,8,148.09,0.2,947.78,-29.49
ORD-103179,2024-08-17,CUST-0411,Home Office,South,Office Supplies,4,94.27,0.05,358.23,54.43
ORD-104763,2024-08-17,CUST-0304,Consumer,North,Technology,8,612.82,0.0,4902.56,1048.75
ORD-102267,2024-08-17,CUST-0211,Consumer,Central,Office Supplies,4,39.11,0.2,125.15,10.12
ORD-100469,2024-08-18,CUST-0570,Home Office,Central,Technology,8,955.3,0.05,7260.28,821.34
ORD-100744,2024-08-18,CUST-0659,Consumer,Central,Office Supplies,1,94.1,0.0,94.1,14.05
ORD-103845,2024-08-18,CUST-0337,Consumer,West,Office Supplies,7,24.78,0.3,121.42,-8.7
ORD-101475,2024-08-18,CUST-0535,Consumer,Central,Office Supplies,7,134.53,0.0,941.71,189.55
ORD-104243,2024-08-19,CUST-0006,Corporate,South,Office Supplies,2,35.81,0.0,71.62,8.24
ORD-101032,2024-08-19,CUST-0497,Consumer,Central,Office Supplies,4,24.89,0.2,79.65,0.99
ORD-101969,2024-08-20,CUST-0534,Consumer,Central,Furniture,5,253.23,0.1,1139.53,27.79
ORD-102539,2024-08-20,CUST-0023,Consumer,South,Furniture,3,575.3,0.0,1725.9,223.19
ORD-104134,2024-08-20,CUST-0418,Consumer,Central,Technology,1,792.12,0.2,633.7,48.71
ORD-103932,2024-08-21,CUST-0183,Consumer,North,Office Supplies,10,30.96,0.0,309.6,62.1
ORD-103743,2024-08-21,CUST-0454,Consumer,Central,Furniture,1,445.2,0.0,445.2,70.29
ORD-104419,2024-08-21,CUST-0499,Consumer,West,Office Supplies,7,106.87,0.0,748.09,192.64
ORD-104133,2024-08-21,CUST-0576,Consumer,East,Furniture,9,152.16,0.05,1300.97,-65.84
ORD-103910,2024-08-22,CUST-0027,Corporate,North,Office Supplies,2,10.11,0.1,18.2,0.39
ORD-103751,2024-08-22,CUST-0401,Consumer,Central,Office Supplies,1,7.45,0.2,5.96,-0.46
ORD-104030,2024-08-22,CUST-0659,Consumer,Central,Office Supplies,5,63.21,0.2,252.84,-5.77
ORD-102689,2024-08-22,CUST-0228,Consumer,South,Technology,4,639.34,0.0,2557.36,482.03
ORD-104338,2024-08-22,CUST-0372,Consumer,Central,Furniture,9,532.07,0.05,4549.2,419.47
ORD-103412,2024-08-22,CUST-0350,Corporate,South,Office Supplies,7,14.5,0.0,101.5,21.1
ORD-104372,2024-08-23,CUST-0797,Corporate,East,Office Supplies,9,57.29,0.0,515.61,103.04
ORD-104619,2024-08-23,CUST-0316,Consumer,Central,Furniture,8,83.42,0.05,633.99,45.85
ORD-102720,2024-08-23,CUST-0453,Home Office,North,Office Supplies,6,148.07,0.0,888.42,126.82
ORD-104265,2024-08-23,CUST-0105,Home Office,West,Office Supplies,2,114.7,0.0,229.4,14.13
ORD-102197,2024-08-23,CUST-0511,Home Office,Central,Office Supplies,7,31.4,0.1,197.82,15.23
ORD-100499,2024-08-24,CUST-0658,Consumer,East,Technology,8,757.99,0.05,5760.72,1474.46
ORD-103766,2024-08-24,CUST-0075,Consumer,South,Technology,8,257.41,0.0,2059.28,449.69
ORD-100720,2024-08-24,CUST-0333,Consumer,North,Furniture,5,559.72,0.0,2798.6,422.53
ORD-102777,2024-08-26,CUST-0781,Consumer,West,Office Supplies,5,74.43,0.0,372.15,118.74
ORD-103559,2024-08-26,CUST-0579,Home Office,Central,Office Supplies,7,103.06,0.1,649.28,36.6
ORD-100303,2024-08-26,CUST-0071,Corporate,South,Furniture,5,205.83,0.1,926.24,-9.28
ORD-100839,2024-08-27,CUST-0283,Corporate,West,Furniture,3,484.88,0.3,1018.25,-87.71
ORD-100647,2024-08-27,CUST-0033,Consumer,South,Office Supplies,6,133.51,0.0,801.06,81.39
ORD-103721,2024-08-27,CUST-0174,Consumer,Central,Technology,10,799.56,0.0,7995.6,1324.92
ORD-100171,2024-08-27,CUST-0331,Home Office,East,Office Supplies,2,66.66,0.05,126.65,17.3
ORD-102031,2024-08-27,CUST-0047,Corporate,West,Furniture,3,360.4,0.1,973.08,77.67
ORD-101826,2024-08-28,CUST-0442,Consumer,West,Office Supplies,6,68.8,0.0,412.8,88.72
ORD-104511,2024-08-28,CUST-0040,Consumer,East,Technology,10,942.92,0.0,9429.2,1834.94
ORD-103892,2024-08-28,CUST-0681,Consumer,North,Office Supplies,3,21.01,0.05,59.88,8.68
ORD-101437,2024-08-28,CUST-0079,Consumer,East,Office Supplies,4,41.22,,156.64,17.84
ORD-100729,2024-08-28,CUST-0708,Consumer,North,Office Supplies,4,106.45,0.1,383.22,45.69
ORD-103406,2024-08-28,CUST-0048,Consumer,Central,Office Supplies,1,131.68,0.1,118.51,11.95
ORD-102563,2024-08-29,CUST-0215,Consumer,South,Technology,6,147.81,0.0,886.86,230.1
ORD-101131,2024-08-29,CUST-0198,Home Office,Central,Furniture,10,373.88,0.0,3738.8,302.25
ORD-100859,2024-08-30,CUST-0481,Consumer,North,Office Supplies,7,48.88,0.1,307.94,48.79
ORD-104810,2024-08-30,CUST-0648,Consumer,West,Technology,8,730.8,0.1,5261.76,1167.5
ORD-103232,2024-08-31,CUST-0242,Consumer,South,Furniture,10,256.87,0.0,2568.7,344.1
ORD-102954,2024-08-31,CUST-0209,Consumer,West,Furniture,7,125.63,0.0,879.41,130.52
ORD-100957,2024-08-31,CUST-0459,Consumer,West,Furniture,8,252.76,0.0,2022.08,276.4
ORD-104109,2024-09-01,CUST-0101,Home Office,West,Technology,7,960.76,0.3,4707.72,-135.85
ORD-104392,2024-09-01,CUST-0493,Consumer,Central,Technology,4,478.48,0.05,1818.22,251.11
ORD-103916,2024-09-01,CUST-0113,Corporate,North,Office Supplies,10,138.18,0.0,1381.8,224.27
ORD-104126,2024-09-01,CUST-0115,Consumer,Central,Office Supplies,8,38.72,0.0,309.76,40.44
ORD-101621,2024-09-01,CUST-0412,Consumer,South,Office Supplies,4,93.13,0.1,335.27,37.71
ORD-100182,2024-09-01,CUST-0015,Corporate,East,Office Supplies,6,74.38,0.0,446.28,100.13
ORD-102473,2024-09-02,CUST-0337,Consumer,West,Office Supplies,5,14.86,0.3,52.01,0.81
ORD-104348,2024-09-02,CUST-0670,Consumer,North,Office Supplies,1,95.61,0.0,95.61,27.01
ORD-104195,2024-09-02,CUST-0269,Home Office,Central,Office Supplies,2,141.93,0.05,269.67,25.33
ORD-103553,2024-09-02,CUST-0316,Consumer,Central,Furniture,10,185.33,0.1,1667.97,95.99
ORD-104874,2024-09-02,CUST-0381,Consumer,South,Office Supplies,2,88.37,0.2,141.39,9.84
ORD-101474,2024-09-02,CUST-0771,Consumer,West,Furniture,2,108.89,0.0,217.78,38.58
ORD-102110,2024-09-02,CUST-0292,Corporate,North,Technology,2,820.74,0.0,1641.48,300.59
ORD-100842,2024-09-03,CUST-0800,Consumer,North,Technology,7,760.5,0.0,5323.5,1118.4
ORD-104310,2024-09-03,CUST-0115,Consumer,Central,Technology,2,939.52,0.2,1503.23,88.17
ORD-100504,2024-09-03,CUST-0312,Corporate,North,Furniture,4,538.77,0.0,2155.08,31.26
ORD-101999,2024-09-03,CUST-0656,Home Office,Central,Office Supplies,7,21.87,0.0,153.09,14.14
ORD-101356,2024-09-03,CUST-0230,Consumer,North,Furniture,7,497.18,0.1,3132.23,322.19
ORD-102634,2024-09-04,CUST-0281,Corporate,West,Furniture,5,467.77,0.05,2221.91,-61.62
ORD-103339,2024-09-04,CUST-0676,Home Office,South,Office Supplies,5,111.54,0.1,501.93,29.54
ORD-103520,2024-09-04,CUST-0775,Consumer,West,Office Supplies,1,117.15,0.1,105.44,7.63
ORD-100147,2024-09-04,CUST-0405,Home Office,West,Office Supplies,6,35.18,0.3,147.76,-8.55
ORD-100899,2024-09-05,CUST-0357,Consumer,North,Office Supplies,2,112.59,0.0,225.18,51.92
ORD-102255,2024-09-05,CUST-0005,Corporate,Central,Office Supplies,2,133.79,0.0,267.58,43.03
ORD-102495,2024-09-05,CUST-0771,Consumer,West,Office Supplies,1,88.46,0.05,84.04,18.61
ORD-104380,2024-09-05,CUST-0281,Corporate,West,Technology,1,1081.59,0.1,973.43,137.35
ORD-101215,2024-09-05,CUST-0479,Home Office,North,Technology,2,344.88,0.1,620.78,93.24
ORD-102306,2024-09-05,CUST-0748,Consumer,North,Office Supplies,6,119.33,0.1,644.38,25.72
ORD-102369,2024-09-05,CUST-0159,Consumer,South,Technology,4,131.52,0.0,526.08,141.77
ORD-102015,2024-09-05,CUST-0684,Consumer,Central,Technology,9,432.19,0.2,3111.77,-17.29
ORD-101775,2024-09-05,CUST-0127,Home Office,East,Furniture,3,356.89,0.1,963.6,33.65
ORD-103972,2024-09-05,CUST-0154,Consumer,West,Furniture,1,284.85,0.05,270.61,-24.12
ORD-100355,2024-09-06,CUST-0004,Consumer,South,Office Supplies,1,13.2,0.1,11.88,-0.14
ORD-101365,2024-09-06,CUST-0139,Corporate,South,Office Supplies,5,98.64,0.0,493.2,136.69
ORD-103402,2024-09-07,CUST-0240,Consumer,North,Technology,2,1046.27,0.05,1987.91,301.2
ORD-101695,2024-09-07,CUST-0176,Corporate,East,Technology,6,1119.11,0.0,6714.66,2383.27
ORD-103893,2024-09-07,CUST-0579,Home Office,Central,Technology,9,712.74,0.0,6414.66,1738.62
ORD-100288,2024-09-08,CUST-0208,Consumer,Central,Furniture,1,515.9,0.0,515.9,29.51
ORD-104160,2024-09-08,CUST-0608,Home Office,Central,Office Supplies,2,132.53,0.1,238.55,31.72
ORD-100536,2024-09-09,CUST-0103,Corporate,East,Technology,9,1139.43,0.0,10254.87,2534.19
ORD-103336,2024-09-09,CUST-0061,Home Office,South,Office Supplies,4,144.78,0.05,550.16,89.95
ORD-102759,2024-09-09,CUST-0371,Consumer,West,Furniture,1,255.7,0.0,255.7,33.05
ORD-103784,2024-09-09,CUST-0781,Consumer,West,Office Supplies,1,139.44,0.3,97.61,-11.27
ORD-104490,2024-09-09,CUST-0561,Corporate,East,Technology,5,1125.39,0.05,5345.6,1043.06
ORD-104698,2024-09-09,CUST-0256,Home Office,South,Office Supplies,9,136.0,0.0,1224.0,130.36
ORD-102861,2024-09-10,CUST-0329,Home Office,South,Office Supplies,4,56.88,0.1,204.77,17.41
ORD-101258,2024-09-11,CUST-0514,Consumer,West,Technology,1,1064.52,0.0,1064.52,196.25
ORD-102184,2024-09-11,CUST-0041,Home Office,Central,Office Supplies,1,103.25,0.3,72.27,-9.75
ORD-101679,2024-09-12,CUST-0159,Consumer,South,Furniture,6,531.08,0.05,3027.16,385.3
ORD-102459,2024-09-12,CUST-0347,Corporate,West,Technology,10,1155.78,0.05,10979.91,1574.54
ORD-101863,2024-09-12,CUST-0199,Consumer,Central,Furniture,10,557.75,0.1,5019.75,352.88
ORD-104454,2024-09-13,CUST-0190,Consumer,North,Office Supplies,1,76.79,0.1,69.11,8.29
ORD-102544,2024-09-13,CUST-0494,Home Office,West,Office Supplies,5,43.4,0.05,206.15,27.61
ORD-102417,2024-09-13,CUST-0026,Consumer,North,Technology,10,1196.45,0.2,9571.6,264.5
ORD-104141,2024-09-14,CUST-0533,Corporate,West,Technology,1,546.62,0.0,546.62,113.72
ORD-101868,2024-09-14,CUST-0076,Home Office,North,Technology,4,499.66,0.0,1998.64,555.07
ORD-103425,2024-09-14,CUST-0250,Home Office,South,Office Supplies,5,142.5,0.0,712.5,130.69
ORD-101822,2024-09-14,CUST-0454,Consumer,Central,Furniture,5,301.36,0.1,1356.12,-29.6
ORD-102878,2024-09-15,CUST-0196,Corporate,West,Office Supplies,8,71.35,0.05,542.26,54.82
ORD-100959,2024-09-15,CUST-0800,Consumer,North,Technology,3,376.68,0.1,1017.04,162.86
ORD-100695,2024-09-15,CUST-0599,Consumer,North,Office Supplies,3,36.82,0.1,99.41,6.82
ORD-101521,2024-09-15,CUST-0065,Consumer,Central,Office Supplies,1,98.79,0.1,88.91,3.12
ORD-102737,2024-09-15,CUST-0443,Corporate,South,Furniture,5,557.86,0.0,2789.3,335.49
ORD-102028,2024-09-16,CUST-0433,Consumer,West,Office Supplies,3,139.24,0.2,334.18,17.26
ORD-103903,2024-09-16,CUST-0774,Corporate,West,Furniture,4,138.83,0.0,555.32,45.79
ORD-104751,2024-09-16,CUST-0117,Consumer,East,Office Supplies,2,140.0,0.2,224.0,2.8
ORD-102075,2024-09-17,CUST-0228,Consumer,South,Technology,10,1031.46,0.0,10314.6,2328.88
ORD-104253,2024-09-17,CUST-0254,Home Office,West,Office Supplies,8,68.38,0.0,547.04,111.35
ORD-100950,2024-09-17,CUST-0046,Consumer,North,Office Supplies,4,91.75,0.2,293.6,-23.91
ORD-100243,2024-09-17,CUST-0246,Corporate,West,Office Supplies,7,35.01,0.1,220.56,16.17
ORD-100581,2024-09-18,CUST-0266,Consumer,Central,Office Supplies,6,31.12,0.05,177.38,15.92
ORD-101023,2024-09-18,CUST-0430,Corporate,South,Technology,3,773.46,0.0,2320.38,598.04
ORD-104944,2024-09-18,CUST-0291,Corporate,West,Furniture,10,396.28,0.0,3962.8,155.83
ORD-103930,2024-09-18,CUST-0746,Consumer,Central,Technology,10,712.3,0.0,7123.0,1377.83
ORD-101738,2024-09-18,CUST-0173,Home Office,North,Office Supplies,6,143.29,0.1,773.77,103.67
ORD-101747,2024-09-18,CUST-0124,Consumer,Central,Furniture,6,329.2,0.05,1876.44,189.67
ORD-100978,2024-09-18,CUST-0504,Consumer,West,Technology,6,240.39,0.0,1442.34,374.68
ORD-102135,2024-09-18,CUST-0181,Home Office,North,Furniture,4,461.87,0.0,1847.48,431.39
ORD-102701,2024-09-19,CUST-0619,Consumer,Central,Office Supplies,3,45.25,0.0,135.75,20.96
ORD-102508,2024-09-19,CUST-0237,Corporate,North,Office Supplies,5,97.11,0.2,388.44,35.82
ORD-100327,2024-09-19,CUST-0333,Consumer,North,Office Supplies,9,110.82,0.2,797.9,-23.68
ORD-104298,2024-09-20,CUST-0246,Corporate,West,Office Supplies,10,129.5,0.05,1230.25,165.81
ORD-103277,2024-09-20,CUST-0636,Consumer,West,Technology,6,923.82,0.1,4988.63,117.14
ORD-102111,2024-09-20,CUST-0031,Consumer,East,Office Supplies,7,95.47,0.1,601.46,5.69
ORD-102912,2024-09-20,CUST-0590,Consumer,North,Furniture,8,141.68,0.2,906.75,-59.63
ORD-102250,2024-09-21,CUST-0199,Consumer,Central,Technology,2,726.68,0.1,1308.02,181.98
ORD-101154,2024-09-21,CUST-0478,Home Office,North,Furniture,7,524.31,0.2,2936.14,-366.8
ORD-104489,2024-09-21,CUST-0373,Consumer,East,Office Supplies,9,125.44,0.3,790.27,-63.67
ORD-101396,2024-09-22,CUST-0534,Consumer,Central,Furniture,1,450.12,0.0,450.12,26.5
ORD-101382,2024-09-22,CUST-0069,Home Office,North,Furniture,5,249.1,0.3,871.85,-144.53
ORD-103639,2024-09-22,CUST-0776,Consumer,South,Office Supplies,7,26.61,0.0,186.27,57.26
ORD-104416,2024-09-22,CUST-0718,Corporate,East,Office Supplies,7,45.25,0.0,316.75,42.43
ORD-100323,2024-09-23,CUST-0752,Consumer,West,Technology,2,517.34,0.3,724.28,-22.43
ORD-100817,2024-09-24,CUST-0182,Corporate,West,Technology,9,146.65,0.0,1319.85,264.87
ORD-101332,2024-09-24,CUST-0759,Corporate,West,Office Supplies,2,30.81,0.1,55.46,6.47
ORD-100960,2024-09-24,CUST-0608,Home Office,Central,Technology,7,810.62,0.0,5674.34,1307.92
ORD-104476,2024-09-24,CUST-0659,Consumer,Central,Office Supplies,8,10.61,0.3,59.42,-4.24
ORD-100302,2024-09-24,CUST-0117,Consumer,East,Technology,10,844.86,0.1,7603.74,813.45
ORD-104168,2024-09-24,CUST-0751,Consumer,East,Furniture,6,436.17,0.0,2617.02,263.97
ORD-102239,2024-09-25,CUST-0001,Corporate,Central,Office Supplies,10,27.14,0.05,257.83,70.86
ORD-101447,2024-09-25,CUST-0712,Home Office,South,Furniture,10,579.96,0.0,5799.6,716.46
ORD-103926,2024-09-25,CUST-0350,Corporate,South,Office Supplies,10,64.83,0.0,648.3,70.85
ORD-104238,2024-09-25,CUST-0235,Home Office,Central,Office Supplies,10,61.68,0.0,616.8,73.18
ORD-102455,2024-09-26,CUST-0250,Home Office,South,Furniture,6,511.19,0.0,3067.14,304.9
ORD-102413,2024-09-26,CUST-0317,Corporate,East,Technology,7,1118.99,0.2,6266.34,268.5
ORD-104151,2024-09-26,CUST-0370,Corporate,West,Office Supplies,9,97.58,0.0,878.22,169.64
ORD-103822,2024-09-27,CUST-0190,Consumer,North,Office Supplies,5,95.13,0.1,428.08,46.25
ORD-104004,2024-09-27,CUST-0413,Consumer,South,Technology,9,1003.6,0.1,8129.16,1137.98
ORD-104086,2024-09-28,CUST-0366,Consumer,Central,Office Supplies,10,61.74,0.1,555.66,55.74
ORD-100569,2024-09-28,CUST-0160,Corporate,East,Office Supplies,9,83.06,0.05,710.16,111.44
ORD-102787,2024-09-28,CUST-0107,Corporate,West,Office Supplies,1,147.66,0.0,147.66,20.6
ORD-101167,2024-09-28,CUST-0574,Consumer,North,Office Supplies,3,5.44,0.0,16.32,1.77
ORD-102443,2024-09-28,CUST-0173,Home Office,North,Furniture,9,597.53,0.0,5377.77,852.33
ORD-104084,2024-09-29,CUST-0324,Consumer,West,Office Supplies,4,76.39,0.05,290.28,27.34
ORD-100689,2024-09-30,CUST-0239,Consumer,North,Furniture,3,106.94,0.2,256.66,-18.27
ORD-101461,2024-09-30,CUST-0221,Consumer,Central,Office Supplies,4,41.22,0.05,156.64,7.1
ORD-104818,2024-09-30,CUST-0417,Home Office,South,Technology,7,819.73,0.05,5451.2,1424.9
ORD-103126,2024-10-01,CUST-0424,Corporate,East,Technology,4,883.79,0.0,3535.16,577.25
ORD-100923,2024-10-01,CUST-0089,Corporate,East,Office Supplies,8,113.54,0.0,908.32,145.87
ORD-104361,2024-10-01,CUST-0208,Consumer,Central,Office Supplies,5,6.07,0.0,30.35,6.97
ORD-101058,2024-10-01,CUST-0707,Consumer,East,Furniture,7,97.1,0.0,679.7,45.67
ORD-103518,2024-10-02,CUST-0718,Corporate,East,Office Supplies,6,16.99,0.05,96.84,19.18
ORD-103693,2024-10-02,CUST-0178,Home Office,East,Furniture,7,94.77,0.2,530.71,-56.03
ORD-102965,2024-10-02,CUST-0695,Home Office,North,Office Supplies,9,21.69,0.0,195.21,35.47
ORD-101417,2024-10-02,CUST-0047,Corporate,West,Office Supplies,7,138.97,0.05,924.15,164.82
ORD-102550,2024-10-02,CUST-0316,Consumer,Central,Technology,8,290.51,0.3,1626.86,-12.49
ORD-104721,2024-10-02,CUST-0384,Corporate,Central,Office Supplies,10,9.34,0.05,88.73,16.62
ORD-103917,2024-10-03,CUST-0292,Corporate,North,Technology,1,369.0,0.05,350.55,69.44
ORD-103541,2024-10-03,CUST-0279,Consumer,North,Furniture,8,394.96,0.0,3159.68,352.08
ORD-104755,2024-10-03,CUST-0766,Home Office,West,Office Supplies,2,139.88,0.3,195.83,11.71
ORD-101076,2024-10-03,CUST-0384,Corporate,Central,Furniture,10,478.51,0.0,4785.1,580.64
ORD-103825,2024-10-03,CUST-0534,Consumer,Central,Furniture,3,289.73,0.05,825.73,12.7
ORD-102574,2024-10-03,CUST-0169,Corporate,East,Furniture,8,221.98,0.0,1775.84,281.26
ORD-101416,2024-10-04,CUST-0622,Corporate,North,Office Supplies,1,14.48,0.05,13.76,2.37
ORD-103312,2024-10-04,CUST-0107,Corporate,West,Office Supplies,10,146.09,0.2,1168.72,7.92
ORD-101815,2024-10-04,CUST-0499,Consumer,West,Furniture,10,219.69,0.05,2087.05,129.39
ORD-104033,2024-10-04,CUST-0306,Corporate,North,Office Supplies,5,28.59,0.05,135.8,10.0
ORD-104052,2024-10-05,CUST-0217,Corporate,Central,Office Supplies,1,142.2,0.2,113.76,-2.36
ORD-103908,2024-10-05,CUST-0343,Consumer,South,Technology,9,870.68,0.05,7444.31,1992.3
ORD-101878,2024-10-05,CUST-0773,Home Office,East,Technology,8,740.28,0.05,5626.13,1109.21
ORD-103088,2024-10-05,CUST-0535,Consumer,Central,Office Supplies,2,112.82,0.2,180.51,-3.67
ORD-102047,2024-10-05,CUST-0703,Consumer,West,Office Supplies,4,105.71,0.2,338.27,8.74
ORD-102987,2024-10-06,CUST-0129,Consumer,South,Technology,6,397.34,0.1,2145.64,204.6
ORD-100495,2024-10-06,CUST-0162,Home Office,East,Furniture,3,484.31,0.1,1307.64,-23.62
ORD-103386,2024-10-06,CUST-0706,Consumer,Central,Office Supplies,6,75.78,0.0,454.68,74.42
ORD-102353,2024-10-06,CUST-0566,Consumer,East,Technology,10,881.08,0.05,8370.26,2524.89
ORD-102518,2024-10-06,CUST-0571,Consumer,East,Office Supplies,8,97.7,0.0,781.6,94.6
ORD-104617,2024-10-06,CUST-0102,Home Office,Central,Technology,6,1167.86,0.1,6306.44,1265.23
ORD-102993,2024-10-06,CUST-0354,Consumer,West,Technology,5,264.71,0.2,1058.84,76.83
ORD-102884,2024-10-06,CUST-0502,Home Office,West,Office Supplies,9,147.27,0.0,1325.43,301.47
ORD-104015,2024-10-06,CUST-0044,Home Office,East,Technology,2,841.54,0.0,1683.08,302.13
ORD-101956,2024-10-07,CUST-0669,Consumer,East,Office Supplies,3,37.74,0.0,113.22,23.17
ORD-102882,2024-10-07,CUST-0560,Home Office,North,Technology,6,114.71,0.05,653.85,112.21
ORD-101913,2024-10-07,CUST-0437,Consumer,Central,Furniture,8,96.48,0.0,771.84,29.26
ORD-101532,2024-10-07,CUST-0756,Consumer,West,Technology,5,386.16,0.0,1930.8,297.76
ORD-101201,2024-10-08,CUST-0426,Consumer,East,Furniture,8,289.38,0.05,2199.29,-225.44
ORD-104325,2024-10-08,CUST-0457,Consumer,Central,Furniture,2,563.73,0.0,1127.46,152.61
ORD-104321,2024-10-08,CUST-0470,Consumer,West,Technology,4,1015.63,0.1,3656.27,629.23
ORD-104529,2024-10-08,CUST-0450,Home Office,North,Office Supplies,8,109.18,0.2,698.75,40.82
ORD-101125,2024-10-09,CUST-0081,Consumer,East,Furniture,7,478.03,0.3,2342.35,-212.65
ORD-103551,2024-10-09,CUST-0309,Home Office,East,Furniture,8,531.3,0.0,4250.4,674.0
ORD-104819,2024-10-09,CUST-0170,Corporate,North,Office Supplies,3,50.4,0.0,151.2,11.82
ORD-100919,2024-10-09,CUST-0051,Home Office,West,Office Supplies,5,25.89,0.05,122.98,13.77
ORD-103251,2024-10-09,CUST-0728,Consumer,Central,Technology,9,1009.29,0.2,7266.89,318.57
ORD-104192,2024-10-09,CUST-0495,Consumer,Central,Technology,8,1159.37,0.0,9274.96,1977.26
ORD-100610,2024-10-09,CUST-0288,Home Office,East,Furniture,7,98.18,0.1,618.53,86.82
ORD-101572,2024-10-09,CUST-0650,Consumer,South,Office Supplies,2,14.71,0.0,29.42,5.31
ORD-103472,2024-10-09,CUST-0113,Corporate,North,Technology,10,488.68,0.1,4398.12,794.53
ORD-103192,2024-10-09,CUST-0625,Home Office,West,Office Supplies,6,56.82,0.0,340.92,54.86
ORD-100380,2024-10-09,CUST-0596,Home Office,West,Technology,6,649.86,0.05,3704.2,704.82
ORD-103474,2024-10-09,CUST-0734,Corporate,East,Office Supplies,1,59.09,0.0,59.09,14.46
ORD-102496,2024-10-09,CUST-0284,Consumer,South,Furniture,1,372.33,0.05,353.71,-3.83
ORD-104306,2024-10-10,CUST-0672,Corporate,East,Office Supplies,6,137.18,0.05,781.93,97.88
ORD-101798,2024-10-10,CUST-0769,Corporate,East,Office Supplies,3,55.99,0.05,159.57,18.32
ORD-100065,2024-10-10,CUST-0038,Home Office,South,Technology,9,783.97,0.05,6702.94,1671.22
ORD-104568,2024-10-10,CUST-0118,Corporate,Central,Technology,5,280.04,0.3,980.14,31.74
ORD-104875,2024-10-10,CUST-0287,Corporate,East,Office Supplies,10,79.05,0.0,790.5,191.46
ORD-101892,2024-10-10,CUST-0135,Consumer,South,Office Supplies,3,83.72,0.0,251.16,48.68
ORD-101292,2024-10-10,CUST-0616,Home Office,West,Technology,5,299.69,0.1,1348.6,189.15
ORD-100831,2024-10-10,CUST-0375,Corporate,West,Office Supplies,1,18.95,0.0,18.95,3.38
ORD-100968,2024-10-10,CUST-0025,Consumer,South,Office Supplies,4,21.48,0.3,60.14,-7.11
ORD-104448,2024-10-10,CUST-0410,Consumer,West,Office Supplies,2,128.14,0.05,243.47,49.14
ORD-100016,2024-10-10,CUST-0673,Corporate,West,Furniture,5,413.53,0.0,2067.65,282.45
ORD-100153,2024-10-10,CUST-0391,Corporate,West,Office Supplies,2,57.45,0.1,103.41,2.02
ORD-100164,2024-10-11,CUST-0348,Consumer,North,Furniture,6,161.76,0.1,873.5,70.81
ORD-102406,2024-10-11,CUST-0394,Consumer,North,Office Supplies,4,27.03,0.05,102.71,11.75
ORD-100541,2024-10-11,CUST-0766,Home Office,West,Technology,5,173.63,0.1,781.34,142.47
ORD-103196,2024-10-11,CUST-0323,Consumer,East,Technology,4,972.99,0.0,3891.96,899.67
ORD-100628,2024-10-11,CUST-0555,Home Office,West,Furniture,7,582.41,0.1,3669.18,105.53
ORD-104175,2024-10-11,CUST-0218,Home Office,Central,Technology,4,203.91,0.05,774.86,152.79
ORD-100227,2024-10-11,CUST-0749,Consumer,South,Office Supplies,1,52.06,0.2,41.65,-0.37
ORD-102732,2024-10-11,CUST-0501,Corporate,South,Office Supplies,5,125.64,0.1,565.38,35.77
ORD-102276,2024-10-11,CUST-0695,Home Office,North,Technology,4,615.47,0.0,2461.88,351.61
ORD-102399,2024-10-11,CUST-0792,Home Office,East,Technology,3,1169.44,0.05,3332.9,726.32
ORD-102719,2024-10-12,CUST-0378,Corporate,West,Office Supplies,10,24.99,0.05,237.4,33.34
ORD-100078,2024-10-12,CUST-0762,Consumer,North,Office Supplies,4,28.34,0.05,107.69,14.67
ORD-103245,2024-10-12,CUST-0003,Consumer,North,Office Supplies,8,127.63,0.05,969.99,104.95
ORD-103383,2024-10-12,CUST-0048,Consumer,Central,Office Supplies,9,140.78,0.1,1140.32,191.62
ORD-104228,2024-10-12,CUST-0622,Corporate,North,Furniture,1,409.12,0.0,409.12,18.61
ORD-102867,2024-10-12,CUST-0734,Corporate,East,Office Supplies,3,79.57,0.0,238.71,41.11
ORD-101587,2024-10-12,CUST-0092,Home Office,East,Office Supplies,4,27.58,0.0,110.32,19.38
ORD-102571,2024-10-13,CUST-0449,Consumer,South,Technology,5,1191.79,0.0,5958.95,1463.83
ORD-102815,2024-10-13,CUST-0168,Consumer,South,Technology,7,773.06,0.3,3787.99,-369.52
ORD-103431,2024-10-13,CUST-0672,Corporate,East,Furniture,7,165.24,0.2,925.34,-180.75
ORD-104525,2024-10-13,CUST-0438,Consumer,East,Technology,6,974.51,0.0,5847.06,865.08
ORD-103925,2024-10-14,CUST-0462,Consumer,West,Office Supplies,5,107.92,0.0,539.6,71.96
ORD-100066,2024-10-14,CUST-0626,Consumer,West,Office Supplies,9,101.0,0.1,818.1,151.51
ORD-103451,2024-10-14,CUST-0312,Corporate,North,Office Supplies,7,16.76,0.1,105.59,7.9
ORD-104102,2024-10-14,CUST-0265,Corporate,East,Furniture,7,301.59,0.1,1900.02,211.56
ORD-100705,2024-10-15,CUST-0527,Consumer,North,Office Supplies,7,132.87,0.05,883.59,99.46
ORD-101879,2024-10-15,CUST-0669,Consumer,East,Furniture,7,319.99,0.0,2239.93,236.97
ORD-103356,2024-10-15,CUST-0520,Corporate,Central,Technology,1,1010.91,0.0,1010.91,183.77
ORD-101212,2024-10-15,CUST-0054,Consumer,West,Office Supplies,2,93.99,0.2,150.38,2.61
ORD-102626,2024-10-15,CUST-0710,Home Office,South,Office Supplies,8,89.6,0.1,645.12,99.72
ORD-103625,2024-10-15,CUST-0271,Consumer,West,Furniture,7,364.45,0.05,2423.59,196.72
ORD-102264,2024-10-16,CUST-0249,Consumer,North,Office Supplies,10,55.51,0.0,555.1,67.57
ORD-103435,2024-10-16,CUST-0673,Corporate,West,Office Supplies,10,138.53,0.0,1385.3,178.33
ORD-103430,2024-10-16,CUST-0307,Corporate,South,Office Supplies,10,140.75,0.1,1266.75,132.85
ORD-101030,2024-10-16,CUST-0164,Home Office,East,Technology,1,919.59,0.1,827.63,124.09
ORD-103241,2024-10-16,CUST-0647,Consumer,West,Technology,3,749.0,0.0,2247.0,455.74
ORD-103483,2024-10-16,CUST-0290,Consumer,Central,Office Supplies,8,15.98,0.1,115.06,13.7
ORD-101316,2024-10-16,CUST-0128,Home Office,South,Office Supplies,8,60.14,0.1,433.01,68.4
ORD-101301,2024-10-16,CUST-0707,Consumer,East,Office Supplies,3,19.91,0.0,59.73,4.63
ORD-103794,2024-10-16,CUST-0468,Home Office,Central,Office Supplies,6,78.89,0.0,473.34,13.08
ORD-102994,2024-10-16,CUST-0203,Corporate,West,Technology,1,1055.05,,1002.3,121.86
ORD-100716,2024-10-16,CUST-0522,Consumer,South,Technology,8,1043.56,0.05,7931.06,1383.79
ORD-103866,2024-10-17,CUST-0217,Corporate,Central,Technology,2,374.42,0.05,711.4,130.87
ORD-103479,2024-10-17,CUST-0266,Consumer,Central,Technology,1,132.99,0.3,93.09,-8.35
ORD-102932,2024-10-17,CUST-0287,Corporate,East,Furniture,5,90.34,0.2,361.36,-50.16
ORD-101343,2024-10-17,CUST-0696,Corporate,South,Office Supplies,10,79.17,0.0,791.7,108.74
ORD-103812,2024-10-17,CUST-0214,Consumer,North,Technology,9,748.54,0.2,5389.49,216.19
ORD-102191,2024-10-17,CUST-0300,Consumer,West,Furniture,2,407.74,0.0,815.48,134.03
ORD-101217,2024-10-17,CUST-0344,Corporate,Central,Technology,7,373.35,0.0,2613.45,883.77
ORD-101723,2024-10-17,CUST-0025,Consumer,South,Technology,8,116.37,0.1,837.86,42.65
ORD-102521,2024-10-17,CUST-0708,Consumer,North,Office Supplies,7,80.22,0.3,393.08,-44.41
ORD-100062,2024-10-18,CUST-0681,Consumer,North,Technology,1,401.79,0.0,401.79,62.01
ORD-103258,2024-10-18,CUST-0301,Consumer,Central,Office Supplies,4,116.33,0.2,372.26,-7.33
ORD-102657,2024-10-18,CUST-0323,Consumer,East,Office Supplies,7,54.47,0.05,362.23,55.13
ORD-100352,2024-10-18,CUST-0198,Home Office,Central,Office Supplies,2,142.88,0.3,200.03,-29.93
ORD-104014,2024-10-18,CUST-0096,Home Office,North,Furniture,9,403.14,0.0,3628.26,196.12
ORD-101327,2024-10-18,CUST-0105,Home Office,West,Furniture,3,322.44,0.05,918.95,49.46
ORD-104714,2024-10-19,CUST-0214,Consumer,North,Furniture,8,88.15,0.0,705.2,86.94
ORD-103505,2024-10-19,CUST-0622,Corporate,North,Office Supplies,1,130.31,0.0,130.31,31.92
ORD-100835,2024-10-19,CUST-0768,Consumer,Central,Technology,3,774.75,0.05,2208.04,294.61
ORD-100489,2024-10-19,CUST-0369,Corporate,South,Office Supplies,4,126.18,0.05,479.48,51.73
ORD-102175,2024-10-19,CUST-0194,Consumer,East,Office Supplies,10,99.85,0.05,948.58,111.05
ORD-101200,2024-10-19,CUST-0786,Consumer,North,Furniture,6,512.57,0.05,2921.65,-25.85
ORD-102338,2024-10-20,CUST-0008,Home Office,East,Office Supplies,5,80.22,0.2,320.88,-8.16
ORD-101289,2024-10-20,CUST-0499,Consumer,West,Technology,7,1032.84,0.1,6506.89,697.6
ORD-104435,2024-10-20,CUST-0573,Consumer,East,Office Supplies,1,30.41,0.2,24.33,0.04
ORD-102909,2024-10-20,CUST-0534,Consumer,Central,Furniture,8,524.77,0.0,4198.16,685.87
ORD-104214,2024-10-20,CUST-0785,Consumer,North,Furniture,2,323.57,0.2,517.71,-24.41
ORD-101398,2024-10-20,CUST-0474,Consumer,North,Furniture,4,511.16,0.05,1942.41,160.49
ORD-101571,2024-10-20,CUST-0591,Consumer,South,Office Supplies,9,113.88,0.0,1024.92,185.41
ORD-103810,2024-10-20,CUST-0519,Consumer,Central,Furniture,3,505.43,0.0,1516.29,234.11
ORD-100057,2024-10-21,CUST-0474,Consumer,North,Furniture,5,301.48,0.3,1055.18,-191.23
ORD-101796,2024-10-21,CUST-0359,Home Office,Central,Technology,9,889.77,0.0,8007.93,1727.04
ORD-104767,2024-10-21,CUST-0051,Home Office,West,Office Supplies,9,17.67,0.05,151.08,15.87
ORD-101445,2024-10-21,CUST-0055,Corporate,North,Office Supplies,10,20.44,0.3,143.08,-22.66
ORD-100771,2024-10-21,CUST-0624,Consumer,West,Furniture,4,90.34,0.0,361.36,29.82
ORD-104342,2024-10-21,CUST-0209,Consumer,West,Furniture,4,373.98,0.0,1495.92,89.25
ORD-100863,2024-10-22,CUST-0355,Consumer,East,Office Supplies,9,118.49,0.0,1066.41,237.62
ORD-101841,2024-10-22,CUST-0373,Consumer,East,Technology,7,659.49,0.05,4385.61,701.88
ORD-103501,2024-10-22,CUST-0014,Corporate,West,Office Supplies,9,15.02,0.0,135.18,29.44
ORD-102624,2024-10-22,CUST-0034,Consumer,Central,Furniture,7,153.41,0.2,859.1,-67.07
ORD-100284,2024-10-22,CUST-0449,Consumer,South,Office Supplies,10,146.69,0.05,1393.56,147.43
ORD-103023,2024-10-22,CUST-0119,Corporate,North,Technology,7,273.37,0.2,1530.87,-72.39
ORD-101617,2024-10-22,CUST-0051,Home Office,West,Office Supplies,3,13.78,,39.27,4.46
ORD-104905,2024-10-23,CUST-0335,Corporate,North,Office Supplies,9,11.85,0.2,85.32,0.94
ORD-101962,2024-10-23,CUST-0108,Consumer,North,Office Supplies,10,136.13,0.05,1293.23,168.75
ORD-100143,2024-10-23,CUST-0275,Corporate,South,Office Supplies,5,93.59,0.05,444.55,63.49
ORD-100488,2024-10-23,CUST-0790,Consumer,West,Office Supplies,3,112.01,0.3,235.22,5.63
ORD-103677,2024-10-23,CUST-0787,Consumer,West,Office Supplies,6,120.12,0.05,684.68,122.01
ORD-100353,2024-10-23,CUST-0154,Consumer,West,Office Supplies,1,125.59,0.0,125.59,27.34
ORD-100460,2024-10-23,CUST-0780,Consumer,Central,Technology,3,648.09,0.05,1847.06,226.7
ORD-102445,2024-10-23,CUST-0453,Home Office,North,Office Supplies,9,36.59,0.05,312.84,25.34
ORD-102092,2024-10-23,CUST-0662,Corporate,East,Office Supplies,5,141.49,0.1,636.71,94.17
ORD-102328,2024-10-24,CUST-0224,Consumer,East,Technology,6,788.41,0.1,4257.41,446.61
ORD-102968,2024-10-24,CUST-0004,Consumer,South,Technology,3,643.13,0.0,1929.39,453.91
ORD-103732,2024-10-24,CUST-0227,Consumer,West,Furniture,10,173.21,0.0,1732.1,320.9
ORD-104077,2024-10-25,CUST-0710,Home Office,South,Furniture,8,236.13,0.2,1511.23,-35.46
ORD-103702,2024-10-25,CUST-0668,Home Office,West,Office Supplies,1,76.2,0.0,76.2,12.13
ORD-102642,2024-10-25,CUST-0192,Consumer,East,Technology,4,451.89,0.05,1717.18,313.76
ORD-100671,2024-10-25,CUST-0621,Consumer,South,Furniture,7,258.08,0.3,1264.59,-291.82
ORD-104658,2024-10-25,CUST-0508,Home Office,West,Technology,7,228.36,0.0,1598.52,453.47
ORD-102668,2024-10-25,CUST-0677,Corporate,North,Office Supplies,7,63.92,0.0,447.44,69.49
ORD-102739,2024-10-25,CUST-0562,Consumer,East,Office Supplies,1,59.94,0.0,59.94,17.24
ORD-104569,2024-10-26,CUST-0746,Consumer,Central,Office Supplies,4,103.55,0.0,414.2,49.98
ORD-103669,2024-10-26,CUST-0321,Corporate,North,Furniture,5,223.3,0.0,1116.5,182.6
ORD-104434,2024-10-26,CUST-0719,Consumer,Central,Furniture,7,582.31,0.1,3668.55,210.62
ORD-100464,2024-10-27,CUST-0165,Consumer,South,Technology,2,212.26,0.0,424.52,62.99
ORD-101264,2024-10-27,CUST-0779,Home Office,North,Furniture,2,359.12,0.0,718.24,134.93
ORD-104809,2024-10-28,CUST-0434,Consumer,Central,Office Supplies,8,144.21,0.1,1038.31,44.82
ORD-103292,2024-10-28,CUST-0013,Consumer,East,Office Supplies,8,101.52,,771.55,115.32
ORD-101312,2024-10-28,CUST-0566,Consumer,East,Furniture,4,503.64,0.05,1913.83,184.54
ORD-103733,2024-10-28,CUST-0415,Home Office,West,Office Supplies,6,52.97,0.2,254.26,15.97
ORD-100113,2024-10-28,CUST-0440,Corporate,North,Office Supplies,5,102.07,0.0,510.35,89.07
ORD-104664,2024-10-28,CUST-0346,Consumer,East,Technology,4,260.4,0.0,1041.6,222.02
ORD-101755,2024-10-28,CUST-0142,Home Office,East,Office Supplies,7,142.46,0.05,947.36,195.53
ORD-101770,2024-10-29,CUST-0305,Consumer,Central,Furniture,4,195.99,0.0,783.96,133.42
ORD-102330,2024-10-29,CUST-0680,Consumer,North,Technology,9,1109.4,0.1,8986.14,603.06
ORD-102795,2024-10-29,CUST-0125,Consumer,East,Technology,3,381.16,0.0,1143.48,216.94
ORD-100879,2024-10-30,CUST-0125,Consumer,East,Furniture,7,224.01,0.2,1254.46,-87.7
ORD-102674,2024-10-30,CUST-0450,Home Office,North,Furniture,9,416.0,0.05,3556.8,142.11
ORD-104389,2024-10-30,CUST-0637,Corporate,Central,Office Supplies,5,58.82,0.0,294.1,49.35
ORD-100211,2024-10-30,CUST-0361,Corporate,North,Office Supplies,6,7.02,0.1,37.91,3.32
ORD-101900,2024-10-30,CUST-0727,Corporate,South,Office Supplies,1,45.35,0.0,45.35,8.33
ORD-100132,2024-10-30,CUST-0786,Consumer,North,Furniture,5,302.18,0.3,1057.63,-196.91
ORD-104974,2024-10-30,CUST-0676,Home Office,South,Office Supplies,6,144.44,0.1,779.98,106.19
ORD-103982,2024-10-30,CUST-0058,Consumer,Central,Furniture,9,302.02,0.0,2718.18,75.26
ORD-104154,2024-10-30,CUST-0362,Consumer,North,Office Supplies,6,113.62,0.05,647.63,67.25
ORD-102683,2024-10-31,CUST-0725,Consumer,Central,Office Supplies,2,17.44,0.05,33.14,2.96
ORD-101688,2024-10-31,CUST-0121,Consumer,Central,Furniture,2,400.01,0.2,640.02,-53.47
ORD-102448,2024-10-31,CUST-0454,Consumer,Central,Furniture,2,208.83,0.0,417.66,58.51
ORD-101860,2024-10-31,CUST-0092,Home Office,East,Technology,10,166.81,0.0,1668.1,217.0
ORD-101273,2024-11-01,CUST-0211,Consumer,Central,Technology,8,1025.45,0.0,8203.6,2710.63
ORD-100813,2024-11-01,CUST-0284,Consumer,South,Office Supplies,7,96.83,0.0,677.81,133.62
ORD-104873,2024-11-01,CUST-0072,Home Office,West,Office Supplies,2,103.55,0.05,196.74,26.25
ORD-100928,2024-11-01,CUST-0236,Consumer,Central,Office Supplies,8,108.31,0.1,779.83,73.21
ORD-102187,2024-11-01,CUST-0486,Consumer,South,Office Supplies,1,17.89,0.0,17.89,2.68
ORD-104457,2024-11-01,CUST-0154,Consumer,West,Technology,5,894.69,0.05,4249.78,573.67
ORD-100120,2024-11-01,CUST-0447,Home Office,East,Technology,2,1196.2,0.1,2153.16,422.4
ORD-104783,2024-11-02,CUST-0012,Corporate,North,Furniture,10,434.72,0.05,4129.84,-17.51
ORD-102535,2024-11-02,CUST-0641,Consumer,North,Office Supplies,1,19.07,0.1,17.16,1.63
ORD-103931,2024-11-02,CUST-0452,Corporate,Central,Office Supplies,9,124.74,0.3,785.86,-65.7
ORD-101094,2024-11-02,CUST-0568,Consumer,North,Furniture,1,295.5,0.0,295.5,52.47
ORD-102449,2024-11-02,CUST-0408,Home Office,East,Office Supplies,1,21.11,0.0,21.11,4.66
ORD-101231,2024-11-02,CUST-0182,Corporate,West,Office Supplies,2,33.92,0.2,54.27,-1.09
ORD-103362,2024-11-02,CUST-0114,Consumer,West,Office Supplies,6,122.25,0.1,660.15,105.44
ORD-104063,2024-11-02,CUST-0184,Home Office,East,Office Supplies,3,66.35,0.3,139.33,-9.67
ORD-102432,2024-11-02,CUST-0532,Consumer,South,Furniture,1,255.73,0.3,179.01,-40.4
ORD-100558,2024-11-03,CUST-0454,Consumer,Central,Technology,2,555.2,0.05,1054.88,136.5
ORD-102253,2024-11-03,CUST-0196,Corporate,West,Office Supplies,10,37.69,0.1,339.21,66.45
ORD-102205,2024-11-03,CUST-0676,Home Office,South,Furniture,7,80.34,0.0,562.38,72.74
ORD-102436,2024-11-03,CUST-0302,Home Office,Central,Office Supplies,7,131.28,0.0,918.96,220.43
ORD-100577,2024-11-03,CUST-0246,Corporate,West,Furniture,6,170.55,0.05,972.14,183.4
ORD-100129,2024-11-04,CUST-0738,Corporate,East,Office Supplies,5,6.31,0.0,31.55,3.97
ORD-100482,2024-11-04,CUST-0779,Home Office,North,Technology,8,728.38,0.05,5535.69,1271.56
ORD-104510,2024-11-04,CUST-0490,Home Office,South,Office Supplies,6,28.03,0.3,117.73,-8.9
ORD-103490,2024-11-04,CUST-0287,Corporate,East,Office Supplies,5,98.42,0.1,442.89,77.29
ORD-102845,2024-11-04,CUST-0536,Home Office,East,Office Supplies,10,77.04,0.0,770.4,169.5
ORD-104367,2024-11-04,CUST-0286,Home Office,South,Office Supplies,1,79.73,0.0,79.73,20.27
ORD-102927,2024-11-04,CUST-0214,Consumer,North,Office Supplies,8,83.56,0.0,668.48,75.47
ORD-100392,2024-11-04,CUST-0538,Consumer,West,Furniture,4,565.39,0.0,2261.56,284.53
ORD-104717,2024-11-05,CUST-0221,Consumer,Central,Technology,8,855.16,0.0,6841.28,1406.6
ORD-101279,2024-11-05,CUST-0451,Corporate,North,Furniture,8,394.61,0.05,2999.04,395.15
ORD-104293,2024-11-05,CUST-0272,Consumer,West,Furniture,7,227.49,0.0,1592.43,19.62
ORD-104297,2024-11-05,CUST-0583,Consumer,East,Technology,2,754.35,0.3,1056.09,-123.21
ORD-103006,2024-11-05,CUST-0427,Consumer,South,Office Supplies,1,53.87,0.05,51.18,6.28
ORD-104116,2024-11-05,CUST-0756,Consumer,West,Office Supplies,5,95.09,0.0,475.45,90.62
ORD-103213,2024-11-05,CUST-0693,Consumer,West,Technology,3,945.24,0.1,2552.15,500.21
ORD-103634,2024-11-05,CUST-0469,Consumer,North,Furniture,6,93.98,0.0,563.88,-17.39
ORD-102925,2024-11-05,CUST-0573,Consumer,East,Technology,5,868.5,0.0,4342.5,810.78
ORD-103347,2024-11-05,CUST-0349,Consumer,North,Technology,5,1050.77,0.0,5253.85,1514.5
ORD-100658,2024-11-05,CUST-0118,Corporate,Central,Office Supplies,6,23.3,0.05,132.81,32.23
ORD-100772,2024-11-05,CUST-0530,Corporate,East,Furniture,4,153.65,0.0,614.6,78.75
ORD-100348,2024-11-05,CUST-0595,Consumer,Central,Office Supplies,3,67.38,0.0,202.14,53.69
ORD-104374,2024-11-06,CUST-0513,Corporate,South,Furniture,5,315.33,0.0,1576.65,234.99
ORD-104096,2024-11-06,CUST-0334,Corporate,South,Office Supplies,1,141.2,0.0,141.2,26.24
ORD-100134,2024-11-06,CUST-0034,Consumer,Central,Technology,1,911.8,0.2,729.44,-4.46
ORD-102468,2024-11-06,CUST-0351,Corporate,South,Office Supplies,5,42.54,0.1,191.43,15.53
ORD-100273,2024-11-06,CUST-0045,Corporate,Central,Furniture,1,304.23,0.0,304.23,34.97
ORD-100697,2024-11-06,CUST-0533,Corporate,West,Office Supplies,4,24.18,0.3,67.7,-4.33
ORD-102963,2024-11-07,CUST-0373,Consumer,East,Technology,8,662.06,0.0,5296.48,1566.17
ORD-102390,2024-11-07,CUST-0086,Consumer,West,Office Supplies,5,41.26,0.1,185.67,6.77
ORD-103537,2024-11-07,CUST-0656,Home Office,Central,Furniture,10,349.54,0.0,3495.4,-35.23
ORD-104424,2024-11-07,CUST-0754,Home Office,West,Office Supplies,1,77.93,0.05,74.03,15.99
ORD-102463,2024-11-07,CUST-0392,Home Office,East,Office Supplies,6,25.43,0.05,144.95,15.47
ORD-101482,2024-11-07,CUST-0024,Consumer,South,Furniture,10,491.6,0.05,4670.2,748.29
ORD-100343,2024-11-08,CUST-0501,Corporate,South,Office Supplies,1,130.12,0.0,130.12,30.61
ORD-100259,2024-11-08,CUST-0782,Corporate,East,Office Supplies,5,27.76,0.0,138.8,29.45
ORD-104830,2024-11-08,CUST-0299,Consumer,South,Office Supplies,2,145.07,0.05,275.63,13.0
ORD-103955,2024-11-08,CUST-0158,Corporate,East,Technology,7,908.43,0.0,6359.01,1334.53
ORD-101337,2024-11-08,CUST-0526,Consumer,Central,Office Supplies,9,13.06,0.0,117.54,22.77
ORD-102029,2024-11-08,CUST-0097,Consumer,North,Office Supplies,2,148.94,0.0,297.88,66.97
ORD-100803,2024-11-08,CUST-0161,Consumer,West,Furniture,5,544.38,0.0,2721.9,420.74
ORD-102930,2024-11-08,CUST-0327,Corporate,South,Office Supplies,4,7.19,0.2,23.01,0.22
ORD-102467,2024-11-08,CUST-0181,Home Office,North,Office Supplies,2,121.68,0.1,219.02,20.68
ORD-103001,2024-11-08,CUST-0732,Consumer,West,Office Supplies,3,16.43,0.05,46.83,10.5
ORD-102394,2024-11-09,CUST-0485,Corporate,South,Furniture,10,573.68,0.2,4589.44,-311.83
ORD-104807,2024-11-09,CUST-0413,Consumer,South,Office Supplies,2,50.86,0.0,101.72,21.24
ORD-100821,2024-11-09,CUST-0215,Consumer,South,Office Supplies,2,48.71,0.0,97.42,17.15
ORD-100826,2024-11-09,CUST-0475,Corporate,South,Office Supplies,6,142.09,0.0,852.54,102.26
ORD-104994,2024-11-09,CUST-0579,Home Office,Central,Furniture,10,333.34,0.1,3000.06,44.11
ORD-100674,2024-11-09,CUST-0577,Consumer,East,Office Supplies,5,29.48,0.0,147.4,34.41
ORD-104946,2024-11-09,CUST-0653,Corporate,Central,Office Supplies,8,53.36,0.0,426.88,82.22
ORD-104942,2024-11-09,CUST-0791,Corporate,East,Technology,2,874.58,0.0,1749.16,444.14
ORD-103271,2024-11-09,CUST-0211,Consumer,Central,Furniture,7,583.79,0.2,3269.22,-53.91
ORD-104405,2024-11-09,CUST-0005,Corporate,Central,Office Supplies,1,99.49,0.05,94.52,16.78
ORD-102400,2024-11-10,CUST-0042,Consumer,North,Office Supplies,10,105.63,0.3,739.41,-7.22
ORD-104881,2024-11-10,CUST-0705,Consumer,Central,Technology,5,948.98,0.1,4270.41,707.73
ORD-102817,2024-11-10,CUST-0520,Corporate,Central,Technology,7,691.94,0.0,4843.58,1233.9
ORD-102803,2024-11-10,CUST-0167,Corporate,Central,Office Supplies,10,110.73,0.0,1107.3,185.43
ORD-103439,2024-11-10,CUST-0360,Corporate,Central,Office Supplies,10,31.16,0.0,311.6,82.58
ORD-100233,2024-11-10,CUST-0482,Home Office,North,Office Supplies,8,74.22,0.0,593.76,118.84
ORD-103363,2024-11-10,CUST-0711,Consumer,South,Office Supplies,8,87.26,0.2,558.46,2.25
ORD-100593,2024-11-11,CUST-0794,Consumer,North,Furniture,5,534.89,0.3,1872.11,-364.2
ORD-103060,2024-11-11,CUST-0234,Consumer,Central,Technology,9,1083.77,0.1,8778.54,567.45
ORD-102308,2024-11-11,CUST-0675,Consumer,West,Technology,7,682.06,0.05,4535.7,955.53
ORD-103151,2024-11-11,CUST-0500,Home Office,West,Technology,2,695.78,0.05,1321.98,259.22
ORD-101306,2024-11-11,CUST-0152,Consumer,East,Technology,6,443.9,0.05,2530.23,657.62
ORD-102194,2024-11-11,CUST-0044,Home Office,East,Office Supplies,2,117.44,0.0,234.88,31.37
ORD-101918,2024-11-12,CUST-0251,Home Office,South,Office Supplies,4,35.26,0.0,141.04,17.58
ORD-100359,2024-11-12,CUST-0423,Home Office,South,Office Supplies,5,20.35,0.1,91.58,10.39
ORD-103632,2024-11-12,CUST-0617,Corporate,West,Office Supplies,2,36.85,0.2,58.96,0.58
ORD-101011,2024-11-12,CUST-0291,Corporate,West,Technology,8,761.82,0.2,4875.65,120.39
ORD-103308,2024-11-12,CUST-0233,Consumer,West,Office Supplies,1,97.57,0.2,78.06,-7.94
ORD-100196,2024-11-12,CUST-0485,Corporate,South,Furniture,3,282.03,0.0,846.09,75.47
ORD-100523,2024-11-13,CUST-0469,Consumer,North,Office Supplies,2,143.31,0.3,200.63,-9.85
ORD-103164,2024-11-13,CUST-0489,Corporate,Central,Technology,7,1060.03,0.05,7049.2,1697.28
ORD-103691,2024-11-13,CUST-0064,Consumer,West,Office Supplies,5,55.45,0.1,249.52,29.37
ORD-100789,2024-11-13,CUST-0347,Corporate,West,Office Supplies,2,18.53,0.0,37.06,7.26
ORD-104882,2024-11-14,CUST-0588,Consumer,East,Office Supplies,9,38.53,0.05,329.43,58.78
ORD-102154,2024-11-14,CUST-0524,Consumer,South,Office Supplies,5,145.33,0.2,581.32,13.14
ORD-101206,2024-11-14,CUST-0362,Consumer,North,Office Supplies,9,99.56,0.1,806.44,67.64
ORD-103028,2024-11-14,CUST-0164,Home Office,East,Office Supplies,2,132.07,0.0,264.14,56.88
ORD-101823,2024-11-14,CUST-0084,Corporate,East,Technology,9,239.89,0.1,1943.11,175.24
ORD-103614,2024-11-14,CUST-0071,Corporate,South,Office Supplies,2,78.52,0.1,141.34,1.14
ORD-102038,2024-11-14,CUST-0563,Corporate,North,Office Supplies,4,22.45,0.2,71.84,2.35
ORD-102377,2024-11-14,CUST-0499,Consumer,West,Office Supplies,3,55.47,0.0,166.41,21.36
ORD-100881,2024-11-14,CUST-0104,Corporate,Central,Furniture,8,248.11,0.0,1984.88,43.57
ORD-100246,2024-11-15,CUST-0208,Consumer,Central,Furniture,1,500.16,0.0,500.16,18.22
ORD-102564,2024-11-15,CUST-0606,Consumer,South,Furniture,7,574.17,0.0,4019.19,409.08
ORD-100783,2024-11-15,CUST-0311,Consumer,East,Office Supplies,6,44.71,0.1,241.43,10.86
ORD-104226,2024-11-15,CUST-0051,Home Office,West,Office Supplies,9,61.17,0.1,495.48,24.31
ORD-101937,2024-11-15,CUST-0497,Consumer,Central,Office Supplies,8,40.5,0.0,324.0,60.88
ORD-103854,2024-11-15,CUST-0413,Consumer,South,Office Supplies,10,21.26,0.0,212.6,30.81
ORD-104289,2024-11-16,CUST-0682,Corporate,South,Furniture,5,528.82,0.05,2511.9,65.97
ORD-104728,2024-11-16,CUST-0337,Consumer,West,Furniture,9,350.09,0.0,3150.81,805.13
ORD-103324,2024-11-16,CUST-0262,Home Office,North,Office Supplies,6,23.05,0.1,124.47,-1.52
ORD-103169,2024-11-16,CUST-0384,Corporate,Central,Furniture,7,414.73,0.1,2612.8,210.24
ORD-102983,2024-11-17,CUST-0532,Consumer,South,Office Supplies,7,95.25,0.2,533.4,-45.13
ORD-101717,2024-11-17,CUST-0444,Corporate,South,Furniture,9,511.09,0.0,4599.81,471.34
ORD-101904,2024-11-17,CUST-0406,Consumer,North,Technology,8,712.46,0.0,5699.68,1088.87
ORD-100424,2024-11-17,CUST-0113,Corporate,North,Office Supplies,7,97.93,0.3,479.86,-28.24
ORD-101584,2024-11-17,CUST-0272,Consumer,West,Furniture,10,190.41,0.0,1904.1,-11.96
ORD-102456,2024-11-17,CUST-0182,Corporate,West,Office Supplies,10,41.83,0.1,376.47,12.37
ORD-102104,2024-11-17,CUST-0044,Home Office,East,Office Supplies,1,111.79,0.0,111.79,23.8
ORD-100244,2024-11-17,CUST-0086,Consumer,West,Office Supplies,1,13.43,0.1,12.09,1.24
ORD-101345,2024-11-18,CUST-0290,Consumer,Central,Technology,8,1079.96,0.1,7775.71,741.1
ORD-103843,2024-11-18,CUST-0633,Home Office,West,Office Supplies,7,55.51,0.0,388.57,49.92
ORD-100975,2024-11-18,CUST-0115,Consumer,Central,Furniture,8,125.95,0.0,1007.6,102.07
ORD-102489,2024-11-19,CUST-0134,Corporate,North,Technology,1,292.9,0.05,278.25,60.2
ORD-103078,2024-11-19,CUST-0742,Home Office,North,Technology,1,668.36,0.3,467.85,-36.57
ORD-103516,2024-11-19,CUST-0228,Consumer,South,Technology,2,450.41,0.2,720.66,65.91
ORD-103943,2024-11-19,CUST-0290,Consumer,Central,Technology,1,1076.52,0.05,1022.69,162.78
ORD-100878,2024-11-19,CUST-0609,Corporate,East,Furniture,9,133.91,0.3,843.63,-180.53
ORD-101246,2024-11-20,CUST-0132,Corporate,Central,Office Supplies,1,6.91,0.0,6.91,0.36
ORD-101061,2024-11-20,CUST-0275,Corporate,South,Furniture,8,358.32,0.3,2006.59,-269.28
ORD-102989,2024-11-20,CUST-0679,Corporate,North,Office Supplies,6,110.04,0.0,660.24,95.96
ORD-101071,2024-11-20,CUST-0602,Consumer,East,Office Supplies,1,107.74,0.0,107.74,22.32
ORD-100830,2024-11-20,CUST-0240,Consumer,North,Office Supplies,5,35.68,0.1,160.56,28.41
ORD-102292,2024-11-20,CUST-0318,Corporate,West,Office Supplies,7,20.65,0.0,144.55,35.77
ORD-102893,2024-11-20,CUST-0553,Home Office,West,Office Supplies,7,37.53,0.05,249.57,53.08
ORD-103493,2024-11-20,CUST-0489,Corporate,Central,Technology,2,434.7,0.0,869.4,228.59
ORD-101931,2024-11-20,CUST-0193,Consumer,West,Technology,4,676.76,0.1,2436.34,423.71
ORD-103671,2024-11-20,CUST-0130,Home Office,East,Furniture,5,309.78,0.1,1394.01,-19.14
ORD-101800,2024-11-20,CUST-0165,Consumer,South,Technology,9,752.79,0.2,5420.09,117.76
ORD-100447,2024-11-21,CUST-0083,Consumer,South,Technology,2,1105.15,0.0,2210.3,377.58
ORD-103077,2024-11-21,CUST-0405,Home Office,West,Technology,9,578.06,0.1,4682.29,537.92
ORD-104712,2024-11-21,CUST-0661,Consumer,South,Office Supplies,3,147.77,0.1,398.98,39.19
ORD-104176,2024-11-21,CUST-0094,Home Office,West,Office Supplies,2,15.36,0.0,30.72,2.49
ORD-101431,2024-11-21,CUST-0159,Consumer,South,Furniture,7,110.44,0.2,618.46,-62.08
ORD-100477,2024-11-21,CUST-0351,Corporate,South,Technology,3,999.07,0.0,2997.21,560.18
ORD-104009,2024-11-21,CUST-0713,Corporate,North,Technology,7,893.33,0.05,5940.64,1294.95
ORD-102980,2024-11-22,CUST-0291,Corporate,West,Technology,1,398.31,0.3,278.82,-18.17
ORD-104422,2024-11-22,CUST-0784,Corporate,South,Technology,8,659.41,0.0,5275.28,668.76
ORD-104723,2024-11-22,CUST-0617,Corporate,West,Office Supplies,5,60.75,0.3,212.62,-20.93
ORD-101561,2024-11-22,CUST-0797,Corporate,East,Office Supplies,8,141.48,0.2,905.47,-62.86
ORD-102271,2024-11-22,CUST-0198,Home Office,Central,Office Supplies,8,105.84,0.0,846.72,168.82
ORD-102113,2024-11-22,CUST-0108,Consumer,North,Office Supplies,2,146.08,0.05,277.55,32.88
ORD-104203,2024-11-23,CUST-0205,Consumer,West,Office Supplies,10,31.78,0.1,286.02,48.86
ORD-102606,2024-11-23,CUST-0484,Home Office,North,Technology,1,671.86,0.1,604.67,105.77
ORD-102018,2024-11-23,CUST-0077,Home Office,North,Furniture,6,331.36,0.3,1391.71,-334.1
ORD-103054,2024-11-23,CUST-0217,Corporate,Central,Office Supplies,5,92.64,0.05,440.04,36.32
ORD-100335,2024-11-23,CUST-0598,Corporate,East,Technology,7,855.13,0.0,5985.91,1672.1
ORD-102670,2024-11-23,CUST-0695,Home Office,North,Furniture,7,271.95,0.05,1808.47,-35.15
ORD-101959,2024-11-23,CUST-0533,Corporate,West,Technology,3,950.51,0.0,2851.53,635.58
ORD-101960,2024-11-23,CUST-0726,Consumer,Central,Furniture,5,583.12,0.0,2915.6,200.86
ORD-103612,2024-11-24,CUST-0611,Consumer,West,Furniture,7,181.52,0.3,889.45,-95.86
ORD-103688,2024-11-24,CUST-0205,Consumer,West,Office Supplies,6,92.3,0.0,553.8,58.91
ORD-104282,2024-11-24,CUST-0270,Corporate,West,Office Supplies,8,138.41,0.0,1107.28,247.79
ORD-104999,2024-11-24,CUST-0020,Consumer,Central,Furniture,7,297.55,0.05,1978.71,-163.78
ORD-100449,2024-11-24,CUST-0385,Consumer,Central,Furniture,2,497.64,0.2,796.22,-77.89
ORD-100350,2024-11-24,CUST-0714,Corporate,North,Furniture,4,237.82,0.0,951.28,138.15
ORD-104747,2024-11-25,CUST-0659,Consumer,Central,Furniture,9,115.62,0.05,988.55,205.17
ORD-104087,2024-11-25,CUST-0186,Home Office,East,Office Supplies,2,31.6,0.2,50.56,0.84
ORD-102892,2024-11-25,CUST-0200,Corporate,West,Office Supplies,4,47.41,0.1,170.68,19.11
ORD-103056,2024-11-25,CUST-0011,Corporate,,Office Supplies,2,41.65,0.0,83.3,21.02
ORD-102560,2024-11-25,CUST-0313,Corporate,South,Office Supplies,10,16.61,0.05,157.79,20.07
ORD-103313,2024-11-25,CUST-0480,Consumer,South,Furniture,2,404.27,0.1,727.69,-17.82
ORD-100922,2024-11-25,CUST-0506,Corporate,West,Office Supplies,4,147.37,0.2,471.58,4.54
ORD-101451,2024-11-26,CUST-0706,Consumer,Central,Office Supplies,1,147.23,0.0,147.23,23.46
ORD-101362,2024-11-26,CUST-0420,Consumer,Central,Office Supplies,10,83.99,0.05,797.9,140.82
ORD-101984,2024-11-26,CUST-0547,Corporate,East,Office Supplies,1,23.23,0.1,20.91,2.6
ORD-104322,2024-11-26,CUST-0282,Consumer,West,Office Supplies,5,33.91,0.05,161.07,24.14
ORD-104502,2024-11-26,CUST-0410,Consumer,West,Office Supplies,3,49.84,0.1,134.57,17.25
ORD-103036,2024-11-26,CUST-0606,Consumer,South,Office Supplies,3,106.62,0.05,303.87,34.99
ORD-101671,2024-11-26,CUST-0078,Consumer,East,Furniture,9,108.02,0.05,923.57,10.66
ORD-104315,2024-11-27,CUST-0764,Home Office,West,Furniture,3,391.27,0.0,1173.81,135.6
ORD-101253,2024-11-27,CUST-0588,Consumer,East,Technology,10,455.61,0.05,4328.3,1352.24
ORD-103466,2024-11-27,CUST-0169,Corporate,East,Technology,1,228.37,0.05,216.95,40.4
ORD-102575,2024-11-27,CUST-0775,Consumer,West,Technology,7,238.14,0.0,1666.98,285.62
ORD-102530,2024-11-27,CUST-0296,Corporate,West,Furniture,6,151.74,,910.44,128.67
ORD-103895,2024-11-27,CUST-0572,Corporate,South,Office Supplies,8,54.47,0.1,392.18,37.03
ORD-100776,2024-11-27,CUST-0323,Consumer,East,Office Supplies,3,70.31,0.0,210.93,35.55
ORD-101819,2024-11-27,CUST-0107,Corporate,West,Office Supplies,2,113.85,0.0,227.7,46.7
ORD-101112,2024-11-27,CUST-0697,Corporate,East,Office Supplies,6,131.3,0.1,709.02,52.12
ORD-100769,2024-11-27,CUST-0191,Consumer,North,Furniture,9,566.74,0.0,5100.66,632.43
ORD-100599,2024-11-27,CUST-0075,Consumer,South,Furniture,7,371.68,0.0,2601.76,344.69
ORD-103416,2024-11-27,CUST-0468,Home Office,Central,Technology,10,561.44,0.1,5052.96,369.31
ORD-103868,2024-11-27,CUST-0549,Corporate,East,Office Supplies,7,24.39,0.3,119.51,-9.12
ORD-100818,2024-11-28,CUST-0402,Corporate,North,Technology,3,197.76,0.1,533.95,116.55
ORD-102870,2024-11-28,CUST-0515,Consumer,Central,Office Supplies,1,97.49,0.05,92.62,5.4
ORD-104097,2024-11-28,CUST-0409,Corporate,East,Furniture,7,270.41,0.0,1892.87,227.49
ORD-104969,2024-11-28,CUST-0235,Home Office,Central,Office Supplies,6,84.93,0.1,458.62,53.57
ORD-103831,2024-11-28,CUST-0709,Corporate,South,Office Supplies,3,114.52,0.0,343.56,83.32
ORD-103620,2024-11-29,CUST-0609,Corporate,East,Technology,6,121.54,0.1,656.32,33.36
ORD-103558,2024-11-29,CUST-0402,Corporate,North,Technology,2,476.76,0.0,953.52,280.64
ORD-104625,2024-11-29,CUST-0323,Consumer,East,Office Supplies,9,100.0,0.0,900.0,90.67
ORD-100644,2024-11-29,CUST-0682,Corporate,South,Office Supplies,4,54.57,0.1,196.45,10.25
ORD-101799,2024-11-29,CUST-0049,Consumer,East,Office Supplies,5,27.67,0.1,124.52,22.34
ORD-102898,2024-11-29,CUST-0292,Corporate,North,Office Supplies,10,127.57,0.1,1148.13,132.59
ORD-104600,2024-11-29,CUST-0169,Corporate,East,Office Supplies,4,111.13,0.3,311.16,-34.89
ORD-100990,2024-11-29,CUST-0284,Consumer,South,Technology,3,1108.2,0.1,2992.14,264.48
ORD-103829,2024-11-30,CUST-0600,Home Office,East,Furniture,4,270.22,0.0,1080.88,47.45
ORD-101801,2024-11-30,CUST-0667,Corporate,Central,Furniture,5,577.59,0.0,2887.95,68.18
ORD-102454,2024-12-01,CUST-0125,Consumer,East,Furniture,5,316.75,0.1,1425.38,-5.31
ORD-101063,2024-12-01,CUST-0674,Corporate,South,Technology,8,347.94,0.1,2505.17,421.94
ORD-102247,2024-12-02,CUST-0274,Home Office,East,Office Supplies,9,45.88,0.05,392.27,76.04
ORD-100497,2024-12-02,CUST-0083,Consumer,South,Furniture,6,243.21,0.0,1459.26,238.46
ORD-102796,2024-12-02,CUST-0018,Corporate,South,Furniture,10,455.02,0.0,4550.2,544.7
ORD-102523,2024-12-02,CUST-0111,Corporate,West,Technology,2,1005.99,0.05,1911.38,313.28
ORD-104970,2024-12-02,CUST-0047,Corporate,West,Office Supplies,4,141.93,0.0,567.72,93.87
ORD-101512,2024-12-02,CUST-0180,Home Office,East,Furniture,5,403.0,0.0,2015.0,171.75
ORD-104131,2024-12-02,CUST-0649,Home Office,West,Office Supplies,10,26.56,0.05,252.32,32.41
ORD-101448,2024-12-02,CUST-0798,Consumer,,Technology,1,442.64,0.0,442.64,106.69
ORD-101845,2024-12-02,CUST-0598,Corporate,East,Office Supplies,9,36.21,0.2,260.71,-11.02
ORD-100119,2024-12-03,CUST-0045,Corporate,Central,Office Supplies,3,121.91,0.3,256.01,-31.17
ORD-103821,2024-12-03,CUST-0598,Corporate,East,Office Supplies,7,77.39,0.05,514.64,52.42
ORD-104309,2024-12-03,CUST-0647,Consumer,West,Technology,7,230.19,0.05,1530.76,370.87
ORD-103286,2024-12-03,CUST-0600,Home Office,East,Furniture,8,136.83,0.2,875.71,-113.69
ORD-100439,2024-12-04,CUST-0099,Consumer,North,Furniture,5,492.12,0.05,2337.57,278.82
ORD-102270,2024-12-04,CUST-0671,Home Office,North,Office Supplies,5,48.15,0.0,240.75,60.35
ORD-103807,2024-12-04,CUST-0254,Home Office,West,Office Supplies,10,39.89,0.2,319.12,0.94
ORD-104931,2024-12-04,CUST-0003,Consumer,North,Office Supplies,5,111.86,0.3,391.51,-12.5
ORD-102529,2024-12-05,CUST-0363,Consumer,Central,Office Supplies,3,136.99,0.0,410.97,82.48
ORD-100095,2024-12-05,CUST-0665,Consumer,South,Office Supplies,4,97.27,0.1,350.17,49.7
ORD-101497,2024-12-05,CUST-0775,Consumer,West,Office Supplies,10,18.64,,186.4,51.21
ORD-104857,2024-12-05,CUST-0480,Consumer,South,Office Supplies,5,37.97,0.0,189.85,39.27
ORD-101772,2024-12-05,CUST-0311,Consumer,East,Office Supplies,6,100.04,0.1,540.22,40.53
ORD-100585,2024-12-05,CUST-0691,Corporate,Central,Furniture,7,161.49,0.2,904.34,-39.94
ORD-104934,2024-12-05,CUST-0008,Home Office,East,Office Supplies,2,132.76,0.05,252.24,46.13
ORD-102633,2024-12-05,CUST-0426,Consumer,East,Technology,5,957.04,0.0,4785.2,631.17
ORD-103769,2024-12-05,CUST-0750,Consumer,North,Furniture,7,190.55,0.0,1333.85,-22.95
ORD-102042,2024-12-06,CUST-0414,Home Office,East,Furniture,8,474.1,0.1,3413.52,199.06
ORD-101078,2024-12-06,CUST-0595,Consumer,Central,Office Supplies,8,138.11,0.0,1104.88,279.47
ORD-102428,2024-12-06,CUST-0723,Consumer,South,Furniture,7,283.22,0.0,1982.54,346.81
ORD-101004,2024-12-06,CUST-0490,Home Office,South,Technology,6,319.14,0.0,1914.84,305.02
ORD-103115,2024-12-06,CUST-0116,Home Office,North,Office Supplies,5,99.22,0.3,347.27,-17.5
ORD-104938,2024-12-06,CUST-0221,Consumer,Central,Office Supplies,3,89.47,0.05,254.99,59.25
ORD-100019,2024-12-06,CUST-0323,Consumer,East,Furniture,8,126.1,0.05,958.36,21.62
ORD-100228,2024-12-07,CUST-0067,Consumer,West,Technology,7,875.96,0.3,4292.2,-379.33
ORD-101283,2024-12-07,CUST-0638,Consumer,North,Office Supplies,6,98.09,0.2,470.83,21.23
ORD-104986,2024-12-07,CUST-0072,Home Office,West,Office Supplies,6,17.02,0.1,91.91,1.82
ORD-100597,2024-12-07,CUST-0210,Corporate,Central,Office Supplies,7,57.9,0.1,364.77,45.33
ORD-100328,2024-12-07,CUST-0490,Home Office,South,Furniture,3,460.19,0.1,1242.51,-115.1
ORD-100684,2024-12-08,CUST-0492,Home Office,East,Technology,6,153.45,0.0,920.7,199.95
ORD-104869,2024-12-08,CUST-0008,Home Office,East,Office Supplies,8,75.68,0.2,484.35,2.4
ORD-100064,2024-12-08,CUST-0055,Corporate,North,Technology,2,821.15,0.05,1560.18,405.46
ORD-101378,2024-12-08,CUST-0084,Corporate,East,Office Supplies,1,95.79,0.0,95.79,21.31
ORD-100478,2024-12-08,CUST-0510,Corporate,West,Office Supplies,6,71.84,0.0,431.04,101.43
ORD-104481,2024-12-09,CUST-0456,Corporate,West,Office Supplies,9,48.73,0.0,438.57,68.22
ORD-101881,2024-12-09,CUST-0555,Home Office,West,Technology,3,335.51,0.0,1006.53,156.23
ORD-103039,2024-12-09,CUST-0244,Home Office,Central,Office Supplies,10,123.48,0.0,1234.8,202.88
ORD-100459,2024-12-09,CUST-0189,Consumer,East,Technology,4,1141.8,0.2,3653.76,35.31
ORD-101745,2024-12-09,CUST-0096,Home Office,North,Furniture,9,258.99,0.05,2214.36,35.79
ORD-101484,2024-12-10,CUST-0692,Home Office,South,Furniture,9,588.49,0.05,5031.59,346.19
ORD-100390,2024-12-10,CUST-0088,Home Office,South,Office Supplies,4,76.72,0.05,291.54,22.81
ORD-100563,2024-12-10,CUST-0243,Home Office,North,Office Supplies,6,16.17,0.0,97.02,17.62
ORD-101495,2024-12-10,CUST-0764,Home Office,West,Office Supplies,3,113.97,0.05,324.81,60.56
ORD-102782,2024-12-10,CUST-0440,Corporate,North,Furniture,5,374.43,0.05,1778.54,10.41
ORD-103145,2024-12-11,CUST-0517,Corporate,East,Technology,1,280.77,0.05,266.73,32.7
ORD-101703,2024-12-11,CUST-0691,Corporate,Central,Office Supplies,1,104.62,0.2,83.7,-2.41
ORD-100307,2024-12-11,CUST-0174,Consumer,Central,Office Supplies,8,146.94,0.1,1057.97,-23.32
ORD-104622,2024-12-11,CUST-0447,Home Office,East,Office Supplies,4,123.52,0.1,444.67,19.17
ORD-101661,2024-12-11,CUST-0537,Consumer,Central,Office Supplies,3,74.22,0.3,155.86,-13.51
ORD-103720,2024-12-11,CUST-0266,Consumer,Central,Technology,1,718.71,0.0,718.71,236.45
ORD-104739,2024-12-11,CUST-0741,Consumer,North,Furniture,7,165.88,0.0,1161.16,60.16
ORD-100996,2024-12-11,CUST-0183,Consumer,North,Technology,2,299.49,0.1,539.08,47.63
ORD-103285,2024-12-11,CUST-0165,Consumer,South,Technology,9,635.94,0.0,5723.46,1255.75
ORD-102531,2024-12-11,CUST-0671,Home Office,North,Office Supplies,7,128.74,0.0,901.18,134.29
ORD-101774,2024-12-11,CUST-0383,Consumer,East,Technology,2,676.95,0.2,1083.12,26.21
ORD-101864,2024-12-11,CUST-0684,Consumer,Central,Office Supplies,2,86.92,0.0,173.84,26.67
ORD-104164,2024-12-11,CUST-0315,Corporate,South,Office Supplies,2,137.43,0.05,261.12,21.85
ORD-100533,2024-12-12,CUST-0263,Consumer,South,Office Supplies,8,34.25,0.0,274.0,35.05
ORD-103104,2024-12-12,CUST-0068,Corporate,East,Office Supplies,2,24.28,0.0,48.56,2.64
ORD-104032,2024-12-12,CUST-0407,Corporate,Central,Furniture,3,484.67,0.05,1381.31,143.27
ORD-101750,2024-12-12,CUST-0089,Corporate,East,Technology,2,466.64,0.2,746.62,-21.92
ORD-101847,2024-12-13,CUST-0242,Consumer,South,Technology,2,490.11,0.0,980.22,240.88
ORD-103272,2024-12-13,CUST-0392,Home Office,East,Office Supplies,10,134.37,0.05,1276.51,122.36
ORD-102452,2024-12-13,CUST-0684,Consumer,Central,Furniture,5,276.42,0.2,1105.68,-154.64
ORD-101632,2024-12-13,CUST-0199,Consumer,Central,Office Supplies,9,5.57,0.0,50.13,11.26
ORD-103047,2024-12-14,CUST-0176,Corporate,East,Furniture,9,573.64,0.2,4130.21,-557.55
ORD-101558,2024-12-14,CUST-0698,Consumer,East,Technology,9,317.43,0.05,2714.03,554.19
ORD-102509,2024-12-14,CUST-0731,Consumer,East,Furniture,8,80.03,0.1,576.22,4.65
ORD-102709,2024-12-14,CUST-0219,Corporate,West,Furniture,9,327.9,0.2,2360.88,-194.09
ORD-103628,2024-12-14,CUST-0582,Corporate,East,Furniture,10,110.99,0.0,1109.9,51.86
ORD-102835,2024-12-14,CUST-0163,Corporate,North,Furniture,1,165.52,0.0,165.52,13.55
ORD-100299,2024-12-14,CUST-0222,Home Office,West,Office Supplies,2,72.63,0.05,138.0,19.95
ORD-103841,2024-12-14,CUST-0601,Consumer,Central,Office Supplies,4,30.89,0.0,123.56,21.06
ORD-104588,2024-12-15,CUST-0430,Corporate,South,Office Supplies,10,8.89,0.1,80.01,4.2
ORD-102552,2024-12-15,CUST-0531,Corporate,East,Furniture,2,319.37,0.2,510.99,-45.63
ORD-100012,2024-12-15,CUST-0524,Consumer,South,Office Supplies,2,147.08,0.0,294.16,46.46
ORD-103503,2024-12-15,CUST-0217,Corporate,Central,Office Supplies,5,27.18,0.2,108.72,2.94
ORD-101930,2024-12-15,CUST-0179,Home Office,East,Furniture,7,410.94,0.2,2301.26,-53.41
ORD-101091,2024-12-15,CUST-0233,Consumer,West,Furniture,2,485.4,0.1,873.72,0.36
ORD-104770,2024-12-15,CUST-0186,Home Office,East,Office Supplies,2,69.08,0.0,138.16,39.89
ORD-101223,2024-12-16,CUST-0569,Consumer,East,Furniture,9,204.01,0.05,1744.29,101.72
ORD-104071,2024-12-17,CUST-0501,Corporate,South,Technology,7,566.1,0.0,3962.7,813.31
ORD-103367,2024-12-17,CUST-0660,Consumer,Central,Office Supplies,9,52.24,0.1,423.14,30.09
ORD-101035,2024-12-17,CUST-0155,Consumer,North,Office Supplies,7,44.75,0.0,313.25,34.94
ORD-103107,2024-12-17,CUST-0063,Consumer,North,Office Supplies,2,12.09,0.2,19.34,0.0
ORD-104472,2024-12-18,CUST-0764,Home Office,West,Office Supplies,10,139.77,0.0,1397.7,205.82
ORD-103052,2024-12-18,CUST-0152,Consumer,East,Office Supplies,5,54.67,0.05,259.68,48.7
ORD-101492,2024-12-18,CUST-0003,Consumer,North,Technology,10,458.77,0.1,4128.93,572.73
ORD-103796,2024-12-18,CUST-0692,Home Office,South,Technology,6,1113.4,0.0,6680.4,1184.82
ORD-100564,2024-12-18,CUST-0776,Consumer,South,Furniture,5,440.01,0.1,1980.05,71.83
ORD-103399,2024-12-18,CUST-0446,Consumer,Central,Office Supplies,6,145.38,0.05,828.67,190.14
ORD-103194,2024-12-18,CUST-0718,Corporate,East,Furniture,9,119.12,0.05,1018.48,-25.18
ORD-100491,2024-12-18,CUST-0523,Home Office,East,Technology,9,971.24,0.05,8304.1,1298.24
ORD-102776,2024-12-18,CUST-0736,Consumer,West,Furniture,4,510.18,0.2,1632.58,6.02
ORD-103228,2024-12-18,CUST-0146,Consumer,South,Office Supplies,6,26.04,0.3,109.37,-1.69
ORD-102279,2024-12-18,CUST-0357,Consumer,North,Office Supplies,4,147.07,0.2,470.62,27.57
ORD-102905,2024-12-18,CUST-0393,Consumer,North,Furniture,9,136.58,0.05,1167.76,33.58
ORD-103937,2024-12-18,CUST-0479,Home Office,North,Office Supplies,4,25.94,0.1,93.38,3.92
ORD-104634,2024-12-18,CUST-0021,Consumer,Central,Technology,3,385.73,0.1,1041.47,173.49
ORD-102836,2024-12-19,CUST-0096,Home Office,North,Technology,9,550.57,0.0,4955.13,1410.3
ORD-104076,2024-12-19,CUST-0210,Corporate,Central,Technology,4,737.78,0.2,2360.9,222.07
ORD-100466,2024-12-19,CUST-0263,Consumer,South,Office Supplies,8,85.13,0.05,646.99,94.9
ORD-100121,2024-12-19,CUST-0135,Consumer,South,Technology,6,1101.09,0.05,6276.21,871.56
ORD-100411,2024-12-19,CUST-0016,Corporate,West,Technology,9,583.12,0.0,5248.08,1450.26
ORD-103203,2024-12-19,CUST-0092,Home Office,East,Technology,8,1046.62,0.1,7535.66,314.88
ORD-101376,2024-12-20,CUST-0771,Consumer,West,Office Supplies,7,86.7,0.05,576.55,48.45
ORD-103979,2024-12-20,CUST-0047,Corporate,West,Office Supplies,6,78.77,0.05,448.99,70.01
ORD-102003,2024-12-20,CUST-0096,Home Office,North,Office Supplies,7,125.02,0.05,831.38,32.57
ORD-104603,2024-12-20,CUST-0528,Corporate,South,Office Supplies,8,77.57,0.2,496.45,20.11
ORD-102971,2024-12-20,CUST-0711,Consumer,South,Office Supplies,9,137.08,0.0,1233.72,138.66
ORD-102020,2024-12-20,CUST-0310,Consumer,North,Furniture,2,527.46,0.0,1054.92,100.42
ORD-102760,2024-12-21,CUST-0411,Home Office,South,Technology,4,379.99,0.0,1519.96,400.19
ORD-102592,2024-12-21,CUST-0253,Home Office,East,Furniture,2,220.2,0.05,418.38,49.22
ORD-100905,2024-12-21,CUST-0599,Consumer,North,Office Supplies,2,128.11,0.2,204.98,-20.81
ORD-101128,2024-12-21,CUST-0740,Consumer,Central,Technology,3,584.93,0.1,1579.31,143.5
ORD-104026,2024-12-21,CUST-0317,Corporate,East,Office Supplies,6,36.17,0.0,217.02,39.37
ORD-100250,2024-12-21,CUST-0467,Corporate,Central,Technology,7,1095.8,0.0,7670.6,1558.75
ORD-100718,2024-12-21,CUST-0230,Consumer,North,Office Supplies,9,64.95,0.0,584.55,28.1
ORD-101464,2024-12-21,CUST-0110,Home Office,East,Furniture,6,343.83,0.0,2062.98,219.16
ORD-100492,2024-12-21,CUST-0036,Home Office,Central,Office Supplies,10,109.48,0.2,875.84,-23.35
ORD-101161,2024-12-21,CUST-0559,Corporate,North,Office Supplies,5,104.77,0.2,419.08,-25.73
ORD-103795,2024-12-21,CUST-0012,Corporate,North,Office Supplies,5,42.96,0.0,214.8,41.1
ORD-100325,2024-12-21,CUST-0101,Home Office,West,Office Supplies,10,58.7,0.1,528.3,61.27
ORD-103842,2024-12-21,CUST-0132,Corporate,Central,Furniture,3,238.25,0.1,643.28,-41.79
ORD-104475,2024-12-22,CUST-0501,Corporate,South,Furniture,10,96.1,0.05,912.95,118.84
ORD-104178,2024-12-22,CUST-0784,Corporate,South,Office Supplies,6,27.1,0.05,154.47,23.38
ORD-102976,2024-12-22,CUST-0368,Consumer,East,Technology,9,998.22,0.0,8983.98,2212.76
ORD-104532,2024-12-22,CUST-0776,Consumer,South,Office Supplies,1,118.35,0.0,118.35,14.17
ORD-104452,2024-12-22,CUST-0588,Consumer,East,Technology,7,157.09,0.0,1099.63,311.82
ORD-102229,2024-12-22,CUST-0330,Consumer,West,Technology,8,283.05,0.0,2264.4,424.39
ORD-100698,2024-12-22,CUST-0611,Consumer,West,Office Supplies,9,33.14,0.3,208.78,0.73
ORD-104393,2024-12-22,CUST-0105,Home Office,West,Office Supplies,5,62.69,0.05,297.78,3.42
ORD-101189,2024-12-22,CUST-0456,Corporate,West,Office Supplies,2,71.34,0.2,114.14,4.31
ORD-100611,2024-12-22,CUST-0506,Corporate,West,Office Supplies,8,30.85,0.0,246.8,33.06
ORD-104779,2024-12-23,CUST-0180,Home Office,East,Office Supplies,5,21.56,0.2,86.24,4.17
ORD-104352,2024-12-23,CUST-0289,Corporate,Central,Furniture,8,594.92,0.1,4283.42,260.48
ORD-102231,2024-12-23,CUST-0611,Consumer,West,Office Supplies,2,77.06,0.0,154.12,20.81
ORD-101042,2024-12-23,CUST-0229,Corporate,South,Office Supplies,9,117.1,0.0,1053.9,200.78
ORD-102996,2024-12-23,CUST-0147,Consumer,Central,Office Supplies,4,30.61,0.2,97.95,2.52
ORD-101896,2024-12-23,CUST-0426,Consumer,East,Furniture,2,98.42,0.2,157.47,1.21
ORD-102568,2024-12-23,CUST-0798,Consumer,North,Furniture,6,505.08,0.05,2878.96,226.85
ORD-104948,2024-12-23,CUST-0302,Home Office,Central,Furniture,6,153.86,0.1,830.84,110.11
ORD-104847,2024-12-23,CUST-0398,Consumer,East,Technology,5,991.28,0.2,3965.12,77.68
ORD-104239,2024-12-23,CUST-0522,Consumer,South,Technology,9,944.43,0.1,7649.88,-25.75
ORD-102450,2024-12-24,CUST-0523,Home Office,East,Furniture,3,199.42,0.0,598.26,42.17
ORD-101197,2024-12-24,CUST-0460,Home Office,South,Office Supplies,4,21.1,0.2,67.52,-0.98
ORD-102150,2024-12-24,CUST-0099,Consumer,North,Technology,5,484.38,0.1,2179.71,167.71
ORD-103610,2024-12-24,CUST-0220,Consumer,West,Office Supplies,6,107.42,0.2,515.62,15.92
ORD-100420,2024-12-24,CUST-0720,Home Office,East,Office Supplies,1,74.04,0.1,66.64,2.37
ORD-103113,2024-12-24,CUST-0684,Consumer,Central,Office Supplies,8,87.34,0.05,663.78,157.29
ORD-104467,2024-12-25,CUST-0300,Consumer,West,Technology,10,887.68,0.1,7989.12,1598.69
ORD-101718,2024-12-25,CUST-0749,Consumer,South,Furniture,6,251.87,0.0,1511.22,219.7
ORD-100364,2024-12-25,CUST-0471,Corporate,West,Furniture,3,307.21,0.1,829.47,-19.44
ORD-104101,2024-12-26,CUST-0784,Corporate,South,Office Supplies,6,124.98,0.05,712.39,102.73
ORD-100157,2024-12-26,CUST-0280,Corporate,North,Office Supplies,1,50.91,0.1,45.82,5.8
ORD-103410,2024-12-26,CUST-0713,Corporate,North,Technology,1,679.14,0.0,679.14,104.72
ORD-103422,2024-12-26,CUST-0495,Consumer,Central,Furniture,3,386.26,0.0,1158.78,122.17
ORD-103082,2024-12-26,CUST-0149,Consumer,South,Office Supplies,8,5.41,0.1,38.95,2.31
ORD-101291,2024-12-26,CUST-0183,Consumer,North,Technology,5,261.53,0.0,1307.65,313.96
ORD-104766,2024-12-26,CUST-0165,Consumer,South,Furniture,4,219.29,0.2,701.73,-66.22
ORD-101024,2024-12-26,CUST-0070,Home Office,South,Office Supplies,2,28.73,0.0,57.46,11.5
ORD-101010,2024-12-26,CUST-0424,Corporate,East,Office Supplies,2,31.01,0.0,62.02,9.95
ORD-104362,2024-12-26,CUST-0673,Corporate,West,Office Supplies,9,130.53,0.0,1174.77,168.51
ORD-101916,2024-12-26,CUST-0338,Corporate,East,Technology,4,1151.68,0.2,3685.38,-4.61
ORD-102856,2024-12-27,CUST-0104,Corporate,Central,Furniture,5,189.99,0.0,949.95,226.28
ORD-104674,2024-12-27,CUST-0775,Consumer,West,Office Supplies,2,8.06,0.05,15.31,3.05
ORD-103918,2024-12-27,CUST-0195,Consumer,West,Technology,10,1133.82,0.0,11338.2,2740.6
ORD-104565,2024-12-27,CUST-0127,Home Office,East,Office Supplies,9,108.9,0.0,980.1,159.77
ORD-104453,2024-12-27,CUST-0022,Consumer,Central,Office Supplies,5,54.41,0.0,272.05,56.08
ORD-101499,2024-12-28,CUST-0774,Corporate,West,Office Supplies,10,90.53,0.2,724.24,-35.16
ORD-103768,2024-12-28,CUST-0583,Consumer,East,Furniture,6,486.27,0.2,2334.1,-303.63
ORD-100077,2024-12-28,CUST-0708,Consumer,North,Office Supplies,4,127.21,0.0,508.84,91.89
ORD-100185,2024-12-28,CUST-0275,Corporate,South,Furniture,7,376.37,0.0,2634.59,435.3
ORD-104864,2024-12-28,CUST-0588,Consumer,East,Office Supplies,6,92.51,0.0,555.06,60.01
ORD-103891,2024-12-29,CUST-0620,Corporate,North,Office Supplies,1,75.19,0.0,75.19,13.13
ORD-101120,2024-12-29,CUST-0208,Consumer,Central,Office Supplies,6,11.46,0.2,55.01,-3.9
ORD-100222,2024-12-29,CUST-0339,Corporate,West,Furniture,7,303.48,0.0,2124.36,186.64
ORD-101043,2024-12-29,CUST-0200,Corporate,West,Office Supplies,1,84.0,0.0,84.0,7.61
ORD-102199,2024-12-29,CUST-0112,Corporate,West,Furniture,3,335.24,0.0,1005.72,49.38
ORD-104027,2024-12-29,CUST-0575,Home Office,South,Office Supplies,7,144.44,0.1,909.97,74.45
ORD-100823,2024-12-29,CUST-0620,Corporate,North,Office Supplies,4,121.16,0.3,339.25,-44.44
ORD-102364,2024-12-30,CUST-0311,Consumer,East,Furniture,3,260.67,0.2,625.61,-55.89
ORD-100080,2024-12-30,CUST-0104,Corporate,Central,Office Supplies,8,62.99,0.05,478.72,33.78
ORD-103280,2024-12-30,CUST-0522,Consumer,South,Office Supplies,7,124.62,0.3,610.64,-92.87
ORD-102648,2024-12-30,CUST-0487,Home Office,Central,Technology,3,1198.73,0.05,3416.38,686.58
ORD-100053,2024-12-30,CUST-0348,Consumer,North,Office Supplies,8,18.49,0.05,140.52,15.12
ORD-102437,2024-12-30,CUST-0157,Corporate,East,Office Supplies,1,36.23,0.1,32.61,3.94
ORD-104822,2024-12-30,CUST-0237,Corporate,North,Office Supplies,7,138.94,0.0,972.58,186.57
ORD-100410,2024-12-31,CUST-0513,Corporate,South,Office Supplies,4,145.49,0.0,581.96,108.85
ORD-102934,2024-12-31,CUST-0689,Corporate,South,Technology,5,715.09,0.2,2860.36,28.89
ORD-103806,2024-12-31,CUST-0672,Corporate,East,Office Supplies,10,99.06,0.0,990.6,172.49
ORD-102608,2024-12-31,CUST-0271,Consumer,West,Furniture,8,579.15,0.0,4633.2,627.3
ORD-104536,2024-12-31,CUST-0292,Corporate,North,Furniture,6,418.64,0.05,2386.25,135.03
ORD-102601,2025-01-01,CUST-0164,Home Office,East,Office Supplies,8,106.96,0.0,855.68,220.65
ORD-101041,2025-01-01,CUST-0355,Consumer,East,Technology,3,658.0,0.1,1776.6,292.08
ORD-103359,2025-01-01,CUST-0366,Consumer,Central,Office Supplies,5,70.09,0.0,350.45,84.66
ORD-101360,2025-01-02,CUST-0672,Corporate,East,Office Supplies,6,47.43,0.1,256.12,20.99
ORD-104917,2025-01-02,CUST-0091,Consumer,South,Office Supplies,10,90.04,0.0,900.4,116.94
ORD-101050,2025-01-02,CUST-0683,Corporate,East,Office Supplies,5,32.72,0.05,155.42,28.19
ORD-100060,2025-01-02,CUST-0089,Corporate,East,Office Supplies,1,71.14,0.05,67.58,8.1
ORD-101307,2025-01-03,CUST-0289,Corporate,Central,Office Supplies,2,143.27,0.2,229.23,-13.2
ORD-104051,2025-01-03,CUST-0418,Consumer,Central,Furniture,7,257.67,0.1,1623.32,69.13
ORD-104695,2025-01-03,CUST-0382,Consumer,South,Office Supplies,6,126.29,0.3,530.42,-55.1
ORD-103624,2025-01-03,CUST-0063,Consumer,North,Technology,9,399.19,0.3,2514.9,-158.04
ORD-103905,2025-01-03,CUST-0096,Home Office,North,Office Supplies,10,78.68,0.1,708.12,86.19
ORD-100039,2025-01-04,CUST-0350,Corporate,South,Office Supplies,2,96.96,0.3,135.74,-19.87
ORD-100565,2025-01-05,CUST-0789,Consumer,North,Office Supplies,1,95.0,0.05,90.25,12.65
ORD-103707,2025-01-05,CUST-0327,Corporate,South,Furniture,6,249.18,0.05,1420.33,26.56
ORD-100367,2025-01-06,CUST-0540,Home Office,West,Office Supplies,6,114.69,0.1,619.33,68.62
ORD-102687,2025-01-06,CUST-0362,Consumer,North,Office Supplies,2,59.01,0.0,118.02,24.35
ORD-101500,2025-01-07,CUST-0185,Consumer,South,Office Supplies,2,19.23,0.0,38.46,4.5
ORD-100652,2025-01-07,CUST-0738,Corporate,East,Technology,9,730.41,0.0,6573.69,1238.58
ORD-104584,2025-01-07,CUST-0104,Corporate,Central,Office Supplies,1,117.71,0.1,105.94,-1.03
ORD-103345,2025-01-07,CUST-0409,Corporate,East,Office Supplies,3,149.23,0.1,402.92,56.2
ORD-103171,2025-01-07,CUST-0206,Corporate,East,Office Supplies,4,102.98,0.0,411.92,73.12
ORD-103627,2025-01-08,CUST-0085,Corporate,South,Furniture,3,343.39,0.0,1030.17,101.03
ORD-101465,2025-01-08,CUST-0545,Home Office,Central,Office Supplies,6,33.34,0.2,160.03,2.61
ORD-101139,2025-01-08,CUST-0704,Corporate,Central,Office Supplies,1,12.15,0.05,11.54,1.52
ORD-100155,2025-01-08,CUST-0120,Home Office,North,Furniture,3,376.45,0.0,1129.35,28.58
ORD-103117,2025-01-09,CUST-0701,Consumer,South,Furniture,2,163.23,0.0,326.46,17.81
ORD-102913,2025-01-09,CUST-0378,Corporate,West,Office Supplies,2,100.76,0.0,201.52,29.71
ORD-101991,2025-01-10,CUST-0302,Home Office,Central,Office Supplies,3,28.3,0.0,84.9,16.98
ORD-102923,2025-01-10,CUST-0592,Consumer,West,Office Supplies,1,101.22,0.3,70.85,-8.2
ORD-102758,2025-01-10,CUST-0657,Home Office,South,Office Supplies,8,133.43,0.1,960.7,-5.7
ORD-102084,2025-01-11,CUST-0601,Consumer,Central,Office Supplies,7,76.11,0.0,532.77,90.79
ORD-101804,2025-01-11,CUST-0563,Corporate,North,Office Supplies,4,30.58,0.0,122.32,27.1
ORD-101055,2025-01-11,CUST-0159,Consumer,South,Technology,4,982.57,0.2,3144.22,316.82
ORD-104612,2025-01-11,CUST-0025,Consumer,South,Furniture,2,391.4,0.1,704.52,75.9
ORD-100711,2025-01-11,CUST-0743,Home Office,North,Technology,6,101.45,0.1,547.83,50.89
ORD-104553,2025-01-12,CUST-0314,Consumer,Central,Furniture,1,186.79,0.05,177.45,15.59
ORD-102767,2025-01-12,CUST-0603,Corporate,West,Technology,3,1185.76,0.05,3379.42,773.0
ORD-103105,2025-01-12,CUST-0672,Corporate,East,Office Supplies,4,136.76,0.0,547.04,88.38
ORD-103862,2025-01-12,CUST-0332,Corporate,East,Office Supplies,7,132.54,0.0,927.78,124.35
ORD-100636,2025-01-12,CUST-0029,Consumer,Central,Technology,1,572.12,0.05,543.51,118.81
ORD-101218,2025-01-13,CUST-0236,Consumer,Central,Furniture,4,505.21,0.0,2020.84,304.4
ORD-103486,2025-01-13,CUST-0611,Consumer,West,Furniture,1,249.79,0.1,224.81,14.15
ORD-100648,2025-01-14,CUST-0278,Home Office,Central,Office Supplies,6,146.72,0.0,880.32,112.68
ORD-103226,2025-01-14,CUST-0133,Home Office,Central,Technology,6,1158.86,0.0,6953.16,708.07
ORD-104580,2025-01-15,CUST-0150,Corporate,West,Technology,5,211.33,0.1,950.99,135.07
ORD-100833,2025-01-15,CUST-0026,Consumer,North,Technology,7,410.92,0.05,2732.62,627.35
ORD-103174,2025-01-15,CUST-0025,Consumer,South,Office Supplies,8,104.83,0.2,670.91,8.81
ORD-100207,2025-01-15,CUST-0492,Home Office,East,Office Supplies,4,70.17,0.3,196.48,-26.0
ORD-101694,2025-01-15,CUST-0701,Consumer,South,Office Supplies,6,36.19,0.05,206.28,48.96
ORD-102561,2025-01-15,CUST-0616,Home Office,West,Office Supplies,2,133.79,0.0,267.58,46.11
ORD-101016,2025-01-15,CUST-0698,Consumer,East,Technology,8,684.26,0.1,4926.67,1095.18
ORD-101602,2025-01-15,CUST-0640,Consumer,West,Office Supplies,2,122.4,0.0,244.8,28.07
ORD-103358,2025-01-15,CUST-0081,Consumer,East,Technology,9,543.67,0.3,3425.12,-138.38
ORD-102461,2025-01-16,CUST-0727,Corporate,South,Office Supplies,10,40.63,0.1,365.67,26.2
ORD-104216,2025-01-16,CUST-0127,Home Office,East,Office Supplies,4,77.77,0.05,295.53,53.82
ORD-102821,2025-01-17,CUST-0015,Corporate,East,Furniture,10,164.26,0.0,1642.6,97.38
ORD-101233,2025-01-17,CUST-0353,Corporate,East,Furniture,6,129.51,,699.35,58.83
ORD-103446,2025-01-17,CUST-0057,Consumer,West,Technology,6,1014.17,0.0,6085.02,1313.85
ORD-102798,2025-01-17,CUST-0432,Corporate,,Office Supplies,1,147.95,0.0,147.95,25.79
ORD-103663,2025-01-17,CUST-0495,Consumer,Central,Office Supplies,3,21.79,0.1,58.83,5.47
ORD-104877,2025-01-18,CUST-0179,Home Office,East,Office Supplies,2,17.46,0.0,34.92,6.27
ORD-101315,2025-01-18,CUST-0640,Consumer,West,Furniture,1,544.7,0.0,544.7,68.57
ORD-102082,2025-01-18,CUST-0639,Corporate,Central,Technology,9,644.38,0.1,5219.48,833.19
ORD-101595,2025-01-19,CUST-0726,Consumer,Central,Office Supplies,9,32.32,0.0,290.88,65.39
ORD-103772,2025-01-19,CUST-0710,Home Office,South,Furniture,3,405.9,0.2,974.16,-74.07
ORD-104811,2025-01-19,CUST-0011,Corporate,Central,Technology,1,659.36,0.0,659.36,156.03
ORD-100274,2025-01-19,CUST-0188,Corporate,West,Technology,1,287.0,0.1,258.3,34.37
ORD-102410,2025-01-20,CUST-0675,Consumer,West,Technology,5,1025.56,0.3,3589.46,-198.23
ORD-104527,2025-01-20,CUST-0018,Corporate,South,Office Supplies,2,57.28,0.05,108.83,24.17
ORD-104736,2025-01-20,CUST-0352,Home Office,South,Technology,10,315.42,0.05,2996.49,417.05
ORD-103508,2025-01-20,CUST-0385,Consumer,Central,Technology,4,1061.32,0.05,4033.02,777.47
ORD-101805,2025-01-21,CUST-0111,Corporate,West,Office Supplies,10,120.43,,843.01,-88.39
ORD-104908,2025-01-21,CUST-0587,Home Office,South,Technology,6,1175.03,0.1,6345.16,653.42
ORD-100847,2025-01-21,CUST-0005,Corporate,Central,Office Supplies,1,10.47,0.0,10.47,1.97
ORD-103840,2025-01-21,CUST-0486,Consumer,South,Technology,8,1141.73,0.0,9133.84,1874.61
ORD-104832,2025-01-21,CUST-0357,Consumer,North,Furniture,9,123.99,0.1,1004.32,61.42
ORD-100048,2025-01-21,CUST-0259,Consumer,East,Office Supplies,3,29.44,0.0,88.32,21.56
ORD-104551,2025-01-22,CUST-0606,Consumer,South,Furniture,8,175.39,0.0,1403.12,137.77
ORD-100029,2025-01-22,CUST-0158,Corporate,East,Technology,6,1095.6,0.0,6573.6,963.47
ORD-100754,2025-01-22,CUST-0589,Consumer,South,Office Supplies,5,113.57,0.0,567.85,88.96
ORD-102501,2025-01-22,CUST-0667,Corporate,Central,Furniture,9,369.91,0.0,3329.19,729.96
ORD-102834,2025-01-23,CUST-0255,Consumer,East,Furniture,5,232.05,0.05,1102.24,39.93
ORD-102926,2025-01-23,CUST-0563,Corporate,North,Furniture,1,216.32,0.0,216.32,27.6
ORD-103703,2025-01-23,CUST-0297,Consumer,South,Technology,6,369.74,0.2,1774.75,60.64
ORD-104789,2025-01-24,CUST-0685,Consumer,South,Office Supplies,6,26.93,0.0,161.58,25.45
ORD-100889,2025-01-24,CUST-0769,Corporate,East,Furniture,7,314.46,0.2,1760.98,-226.52
ORD-104219,2025-01-24,CUST-0118,Corporate,Central,Office Supplies,2,55.7,0.1,100.26,5.15
ORD-102365,2025-01-25,CUST-0650,Consumer,South,Technology,1,1143.05,0.0,1143.05,117.79
ORD-101067,2025-01-25,CUST-0278,Home Office,Central,Office Supplies,9,76.53,0.0,688.77,129.28
ORD-103818,2025-01-25,CUST-0529,Home Office,East,Furniture,9,274.72,0.0,2472.48,393.42
ORD-104264,2025-01-25,CUST-0750,Consumer,North,Technology,4,574.16,0.0,2296.64,375.92
ORD-100317,2025-01-25,CUST-0365,Corporate,East,Technology,3,420.7,0.1,1135.89,221.44
ORD-103836,2025-01-25,CUST-0073,Consumer,South,Technology,9,885.84,0.05,7573.93,868.07
ORD-103385,2025-01-25,CUST-0714,Corporate,North,Office Supplies,2,59.39,0.3,83.15,-11.85
ORD-101127,2025-01-26,CUST-0140,Consumer,North,Technology,4,208.11,0.2,665.95,3.51
ORD-101787,2025-01-26,CUST-0678,Corporate,East,Furniture,3,396.19,0.0,1188.57,107.93
ORD-100393,2025-01-26,CUST-0355,Consumer,East,Furniture,8,420.9,0.05,3198.84,476.08
ORD-104660,2025-01-26,CUST-0469,Consumer,North,Furniture,7,393.42,0.0,2753.94,230.22
ORD-102786,2025-01-27,CUST-0159,Consumer,South,Office Supplies,1,94.87,0.2,75.9,-1.2
ORD-104098,2025-01-27,CUST-0389,Corporate,Central,Office Supplies,10,10.91,0.0,109.1,23.91
ORD-104299,2025-01-28,CUST-0481,Consumer,North,Office Supplies,3,50.65,0.1,136.76,9.74
ORD-100530,2025-01-28,CUST-0206,Corporate,East,Furniture,2,558.9,0.05,1061.91,-0.18
ORD-102009,2025-01-28,CUST-0049,Consumer,East,Office Supplies,4,5.17,0.2,16.54,-0.34
ORD-102700,2025-01-29,CUST-0730,Corporate,North,Office Supplies,2,134.96,0.0,269.92,55.03
ORD-103128,2025-01-29,CUST-0479,Home Office,North,Furniture,10,476.53,0.05,4527.03,-50.82
ORD-101793,2025-01-29,CUST-0094,Home Office,West,Technology,5,555.29,0.0,2776.45,614.01
ORD-102335,2025-01-31,CUST-0369,Corporate,South,Office Supplies,3,129.01,0.1,348.33,5.16
ORD-104637,2025-01-31,CUST-0367,Consumer,West,Office Supplies,4,105.62,0.05,401.36,85.76
ORD-104147,2025-01-31,CUST-0424,Corporate,East,Office Supplies,10,16.22,0.3,113.54,-2.48
ORD-101358,2025-01-31,CUST-0308,Consumer,Central,Office Supplies,3,132.55,0.0,397.65,70.42
ORD-101633,2025-01-31,CUST-0241,Corporate,South,Furniture,1,374.15,0.05,355.44,17.38
ORD-102532,2025-02-01,CUST-0148,Consumer,East,Furniture,8,175.33,0.1,1262.38,23.06
ORD-103165,2025-02-01,CUST-0600,Home Office,East,Office Supplies,7,73.91,0.0,517.37,89.29
ORD-104949,2025-02-01,CUST-0310,Consumer,North,Technology,1,307.88,0.3,215.52,-11.76
ORD-102785,2025-02-02,CUST-0256,Home Office,South,Office Supplies,5,142.31,0.0,711.55,86.45
ORD-102427,2025-02-02,CUST-0479,Home Office,North,Furniture,9,236.26,0.0,2126.34,161.45
ORD-103398,2025-02-02,CUST-0458,Consumer,West,Office Supplies,1,129.72,0.05,123.23,18.61
ORD-103450,2025-02-02,CUST-0024,Consumer,South,Furniture,3,534.28,0.3,1121.99,-173.04
ORD-104355,2025-02-02,CUST-0779,Home Office,North,Furniture,10,176.55,0.05,1677.22,200.28
ORD-104894,2025-02-03,CUST-0295,Corporate,West,Office Supplies,8,14.1,0.1,101.52,4.52
ORD-102555,2025-02-04,CUST-0526,Consumer,Central,Furniture,4,153.34,0.2,490.69,-79.96
ORD-101987,2025-02-04,CUST-0727,Corporate,South,Office Supplies,6,48.77,0.1,263.36,27.35
ORD-100806,2025-02-04,CUST-0589,Consumer,South,Office Supplies,1,117.08,0.1,105.37,6.97
ORD-101803,2025-02-05,CUST-0022,Consumer,Central,Office Supplies,10,149.45,0.0,1494.5,298.09
ORD-103366,2025-02-05,CUST-0032,Consumer,East,Furniture,5,234.0,0.05,1111.5,118.38
ORD-102379,2025-02-05,CUST-0489,Corporate,Central,Office Supplies,2,14.12,0.05,26.83,4.13
ORD-102812,2025-02-05,CUST-0509,Home Office,South,Office Supplies,10,51.41,0.3,359.87,18.9
ORD-103615,2025-02-06,CUST-0761,Consumer,North,Technology,5,1079.51,0.0,5397.55,1636.53
ORD-103962,2025-02-06,CUST-0035,Consumer,North,Office Supplies,1,24.71,0.2,19.77,-0.01
ORD-100210,2025-02-06,CUST-0176,Corporate,East,Technology,1,842.05,0.3,589.43,-12.69
ORD-100332,2025-02-06,CUST-0402,Corporate,North,Technology,3,362.58,0.1,978.97,114.71
ORD-103223,2025-02-07,CUST-0206,Corporate,East,Office Supplies,3,111.86,0.1,302.02,48.88
ORD-104067,2025-02-07,CUST-0100,Corporate,North,Technology,9,741.44,0.1,6005.66,890.16
ORD-104887,2025-02-07,CUST-0124,Consumer,Central,Office Supplies,5,11.06,0.0,55.3,7.65
ORD-104872,2025-02-08,CUST-0797,Corporate,East,Office Supplies,7,65.33,0.0,457.31,85.55
ORD-100091,2025-02-08,CUST-0800,Consumer,North,Office Supplies,10,129.93,0.05,1234.34,183.31
ORD-103261,2025-02-08,CUST-0542,Consumer,West,Furniture,1,435.57,0.0,435.57,55.61
ORD-102576,2025-02-09,CUST-0216,Consumer,West,Furniture,5,157.37,0.0,786.85,98.29
ORD-102929,2025-02-09,CUST-0445,Corporate,West,Office Supplies,6,8.34,0.0,50.04,7.55
ORD-102434,2025-02-09,CUST-0278,Home Office,Central,Office Supplies,4,64.33,0.0,257.32,40.9
ORD-100003,2025-02-10,CUST-0531,Corporate,East,Technology,7,673.68,0.05,4479.97,1098.16
ORD-100735,2025-02-11,CUST-0628,Corporate,North,Office Supplies,8,117.19,,750.02,6.81
ORD-102757,2025-02-11,CUST-0234,Consumer,Central,Furniture,1,544.63,0.05,517.4,14.27
ORD-103391,2025-02-11,CUST-0224,Consumer,East,Furniture,10,558.32,0.0,5583.2,297.07
ORD-100432,2025-02-11,CUST-0195,Consumer,West,Technology,3,1032.24,0.1,2787.05,416.55
ORD-103013,2025-02-11,CUST-0755,Corporate,South,Technology,10,700.31,0.0,7003.1,1169.58
ORD-102260,2025-02-11,CUST-0083,Consumer,South,Furniture,8,471.53,0.0,3772.24,136.94
ORD-103789,2025-02-11,CUST-0124,Consumer,Central,Furniture,5,469.82,0.0,2349.1,336.98
ORD-104182,2025-02-12,CUST-0571,Consumer,East,Technology,2,691.5,0.0,1383.0,204.45
ORD-104210,2025-02-12,CUST-0288,Home Office,East,Office Supplies,8,114.31,0.05,868.76,97.41
ORD-100465,2025-02-13,CUST-0325,Home Office,East,Technology,6,503.7,0.0,3022.2,623.58
ORD-104279,2025-02-13,CUST-0125,Consumer,East,Office Supplies,10,20.12,0.05,191.14,22.87
ORD-100101,2025-02-13,CUST-0181,Home Office,North,Technology,4,948.69,0.05,3605.02,583.07
ORD-104604,2025-02-13,CUST-0092,Home Office,East,Office Supplies,9,113.15,0.05,967.43,216.89
ORD-103484,2025-02-13,CUST-0245,Corporate,East,Office Supplies,6,84.92,0.05,484.04,94.04
ORD-100042,2025-02-13,CUST-0298,Home Office,North,Furniture,4,407.53,0.0,1630.12,213.63
ORD-103193,2025-02-13,CUST-0196,Corporate,West,Office Supplies,3,34.91,0.3,73.31,-11.74
ORD-100673,2025-02-14,CUST-0557,Corporate,South,Office Supplies,3,22.76,0.1,61.45,4.93
ORD-103211,2025-02-15,CUST-0085,Corporate,South,Office Supplies,6,59.08,0.0,354.48,81.31
ORD-101059,2025-02-15,CUST-0649,Home Office,West,Furniture,2,299.86,0.0,599.72,45.22
ORD-100490,2025-02-16,CUST-0690,Home Office,South,Technology,10,164.42,0.0,1644.2,264.2
ORD-100596,2025-02-17,CUST-0254,Home Office,West,Furniture,2,150.96,0.2,241.54,-17.01
ORD-102283,2025-02-18,CUST-0126,Consumer,East,Furniture,10,124.18,0.0,1241.8,65.54
ORD-104823,2025-02-18,CUST-0590,Consumer,North,Furniture,6,146.91,0.05,837.39,102.65
ORD-104559,2025-02-18,CUST-0592,Consumer,West,Office Supplies,8,112.07,0.3,627.59,-40.17
ORD-104992,2025-02-18,CUST-0742,Home Office,North,Furniture,10,427.29,0.05,4059.26,118.54
ORD-104061,2025-02-18,CUST-0001,Corporate,Central,Office Supplies,8,78.7,0.0,629.6,139.27
ORD-103274,2025-02-18,CUST-0742,Home Office,North,Furniture,10,589.87,0.1,5308.83,54.86
ORD-102910,2025-02-19,CUST-0789,Consumer,North,Furniture,2,271.15,0.0,542.3,41.83
ORD-101420,2025-02-19,CUST-0435,Corporate,South,Furniture,7,221.93,0.05,1475.83,17.54
ORD-103902,2025-02-19,CUST-0569,Consumer,East,Office Supplies,4,30.73,0.0,122.92,29.27
ORD-103776,2025-02-19,CUST-0637,Corporate,Central,Office Supplies,10,112.82,0.1,1015.38,63.23
ORD-103481,2025-02-20,CUST-0479,Home Office,,Office Supplies,9,50.56,0.2,364.03,-15.86
ORD-103847,2025-02-20,CUST-0407,Corporate,Central,Furniture,7,485.83,0.0,3400.81,554.69
ORD-102226,2025-02-20,CUST-0162,Home Office,East,Office Supplies,8,124.28,0.0,994.24,124.66
ORD-100531,2025-02-20,CUST-0040,Consumer,East,Office Supplies,10,36.68,0.2,293.44,36.45
ORD-100054,2025-02-20,CUST-0344,Corporate,Central,Furniture,10,229.46,0.05,2179.87,131.63
ORD-103534,2025-02-20,CUST-0288,Home Office,East,Office Supplies,3,79.95,0.0,239.85,51.77
ORD-101533,2025-02-20,CUST-0287,Corporate,East,Technology,3,656.8,0.0,1970.4,516.3
ORD-103858,2025-02-21,CUST-0040,Consumer,East,Office Supplies,1,5.37,0.0,5.37,1.28
ORD-103035,2025-02-21,CUST-0521,Consumer,Central,Office Supplies,8,141.86,0.05,1078.14,191.92
ORD-101386,2025-02-21,CUST-0435,Corporate,South,Office Supplies,2,26.28,0.2,42.05,2.26
ORD-102738,2025-02-22,CUST-0098,Corporate,North,Office Supplies,4,75.24,0.1,270.86,11.83
ORD-104171,2025-02-22,CUST-0606,Consumer,South,Furniture,6,550.97,0.0,3305.82,95.8
ORD-101409,2025-02-23,CUST-0430,Corporate,South,Technology,6,1034.72,0.0,6208.32,1046.01
ORD-103322,2025-02-23,CUST-0573,Consumer,East,Technology,8,150.15,0.2,960.96,46.82
ORD-103511,2025-02-23,CUST-0066,Home Office,North,Furniture,7,491.74,0.3,2409.53,-567.31
ORD-101524,2025-02-24,CUST-0276,Consumer,West,Office Supplies,2,83.59,0.3,117.03,-13.71
ORD-100799,2025-02-24,CUST-0033,Consumer,South,Furniture,3,553.29,0.05,1576.88,203.51
ORD-102291,2025-02-24,CUST-0521,Consumer,Central,Office Supplies,4,145.32,0.0,581.28,108.58
ORD-102919,2025-02-25,CUST-0571,Consumer,East,Furniture,9,485.22,0.2,3493.58,-482.2
ORD-104138,2025-02-25,CUST-0013,Consumer,East,Office Supplies,9,76.44,0.2,550.37,-25.13
ORD-104769,2025-02-25,CUST-0096,Home Office,North,Furniture,7,297.03,0.3,1455.45,-176.75
ORD-103015,2025-02-25,CUST-0038,Home Office,South,Office Supplies,6,27.26,0.0,163.56,37.49
ORD-100452,2025-02-26,CUST-0749,Consumer,South,Office Supplies,7,136.89,0.0,958.23,140.19
ORD-103273,2025-02-26,CUST-0098,Corporate,North,Technology,6,195.69,0.05,1115.43,160.46
ORD-102977,2025-02-26,CUST-0017,Home Office,West,Office Supplies,7,61.04,0.1,384.55,62.92
ORD-103728,2025-02-26,CUST-0371,Consumer,West,Office Supplies,6,89.23,0.0,535.38,110.85
ORD-104904,2025-02-26,CUST-0215,Consumer,South,Furniture,3,335.26,0.0,1005.78,157.91
ORD-101744,2025-02-26,CUST-0462,Consumer,West,Office Supplies,9,136.44,0.1,1105.16,93.77
ORD-100445,2025-02-26,CUST-0080,Consumer,West,Office Supplies,10,126.43,0.05,1201.08,225.71
ORD-102704,2025-02-26,CUST-0082,Home Office,North,Office Supplies,3,76.12,0.3,159.85,1.6
ORD-102105,2025-02-27,CUST-0680,Consumer,North,Office Supplies,3,122.06,0.1,329.56,51.43
ORD-101203,2025-02-27,CUST-0054,Consumer,West,Office Supplies,10,59.15,0.1,532.35,57.51
ORD-100946,2025-02-27,CUST-0630,Consumer,North,Technology,7,414.39,0.2,2320.58,-45.76
ORD-103172,2025-02-27,CUST-0452,Corporate,Central,Office Supplies,9,72.36,0.0,651.24,61.42
ORD-100760,2025-02-28,CUST-0162,Home Office,East,Office Supplies,8,101.58,0.0,812.64,153.81
ORD-103560,2025-02-28,CUST-0223,Consumer,North,Technology,9,782.88,0.0,7045.92,1310.91
ORD-103147,2025-02-28,CUST-0486,Consumer,South,Office Supplies,3,20.1,0.2,48.24,0.19
ORD-101927,2025-02-28,CUST-0249,Consumer,North,Furniture,5,404.93,0.05,1923.42,6.27
ORD-101934,2025-02-28,CUST-0110,Home Office,East,Office Supplies,6,114.42,0.05,652.19,148.53
ORD-103112,2025-02-28,CUST-0350,Corporate,South,Office Supplies,7,127.66,0.05,848.94,124.94
ORD-104106,2025-03-01,CUST-0790,Consumer,West,Office Supplies,3,30.18,0.1,81.49,7.19
ORD-101722,2025-03-01,CUST-0457,Consumer,Central,Technology,8,697.12,0.1,5019.26,1104.32
ORD-103882,2025-03-02,CUST-0752,Consumer,West,Office Supplies,2,63.55,0.05,120.74,21.07
ORD-101776,2025-03-02,CUST-0594,Home Office,West,Technology,9,451.24,0.0,4061.16,1368.19
ORD-104301,2025-03-03,CUST-0447,Home Office,East,Office Supplies,4,120.88,0.2,386.82,-28.27
ORD-102106,2025-03-03,CUST-0617,Corporate,West,Technology,2,1007.92,0.05,1915.05,194.82
ORD-100637,2025-03-03,CUST-0326,Consumer,West,Office Supplies,2,125.24,0.2,200.38,-3.08
ORD-104959,2025-03-04,CUST-0727,Corporate,South,Furniture,9,352.93,0.0,3176.37,525.97
ORD-104820,2025-03-04,CUST-0649,Home Office,West,Office Supplies,8,62.66,0.1,451.15,68.36
ORD-100214,2025-03-05,CUST-0658,Consumer,East,Technology,3,1199.69,0.2,2879.26,20.83
ORD-103163,2025-03-05,CUST-0482,Home Office,North,Office Supplies,6,20.62,0.0,123.72,22.13
ORD-103953,2025-03-05,CUST-0657,Home Office,South,Office Supplies,10,127.89,0.0,1278.9,184.19
ORD-102978,2025-03-06,CUST-0217,Corporate,Central,Office Supplies,1,133.5,0.3,93.45,-12.28
ORD-104000,2025-03-06,CUST-0320,Consumer,East,Office Supplies,5,117.32,,586.6,89.24
ORD-103745,2025-03-07,CUST-0351,Corporate,South,Furniture,5,293.35,0.0,1466.75,36.16
ORD-104928,2025-03-07,CUST-0459,Consumer,West,Office Supplies,10,31.6,0.0,316.0,56.15
ORD-100105,2025-03-07,CUST-0447,Home Office,East,Office Supplies,10,8.21,0.0,82.1,16.79
ORD-102640,2025-03-07,CUST-0788,Home Office,North,Office Supplies,10,82.57,0.1,743.13,134.11
ORD-102088,2025-03-07,CUST-0626,Consumer,West,Furniture,6,329.72,0.0,1978.32,108.32
ORD-100665,2025-03-08,CUST-0198,Home Office,Central,Technology,8,954.04,0.0,7632.32,1725.61
ORD-103496,2025-03-08,CUST-0618,Consumer,South,Furniture,2,376.15,0.3,526.61,-50.11
ORD-100386,2025-03-08,CUST-0133,Home Office,Central,Technology,4,108.75,0.05,413.25,68.01
ORD-104049,2025-03-08,CUST-0081,Consumer,East,Technology,6,542.95,0.3,2280.39,143.23
ORD-103880,2025-03-08,CUST-0210,Corporate,Central,Furniture,2,180.65,0.0,361.3,51.08
ORD-102206,2025-03-09,CUST-0216,Consumer,West,Office Supplies,10,87.36,0.1,786.24,51.7
ORD-103504,2025-03-09,CUST-0023,Consumer,South,Office Supplies,8,35.58,0.2,227.71,6.98
ORD-104244,2025-03-09,CUST-0234,Consumer,Central,Office Supplies,3,110.03,0.05,313.59,28.15
ORD-102431,2025-03-09,CUST-0125,Consumer,East,Technology,9,1050.37,0.1,8508.0,1261.51
ORD-100874,2025-03-10,CUST-0382,Consumer,South,Furniture,5,332.13,0.1,1494.58,81.08
ORD-103304,2025-03-10,CUST-0504,Consumer,West,Furniture,4,344.17,0.0,1376.68,222.36
ORD-100117,2025-03-11,CUST-0483,Home Office,East,Office Supplies,3,126.55,0.05,360.67,15.38
ORD-101031,2025-03-11,CUST-0785,Consumer,North,Technology,10,339.47,0.05,3224.96,420.04
ORD-100603,2025-03-12,CUST-0491,Corporate,East,Office Supplies,10,45.33,0.0,453.3,97.06
ORD-102451,2025-03-12,CUST-0091,Consumer,South,Furniture,7,140.73,0.05,935.85,-15.91
ORD-104388,2025-03-12,CUST-0312,Corporate,North,Office Supplies,2,65.88,0.05,125.17,12.42
ORD-103291,2025-03-12,CUST-0080,Consumer,West,Technology,9,450.19,0.0,4051.71,810.87
ORD-102192,2025-03-13,CUST-0343,Consumer,South,Office Supplies,2,54.51,0.1,98.12,2.68
ORD-104019,2025-03-13,CUST-0423,Home Office,South,Furniture,7,268.43,0.0,1879.01,18.99
ORD-103134,2025-03-13,CUST-0611,Consumer,West,Technology,4,1052.85,0.1,3790.26,835.78
ORD-101468,2025-03-14,CUST-0601,Consumer,Central,Office Supplies,9,20.71,0.0,186.39,19.6
ORD-101699,2025-03-14,CUST-0629,Corporate,West,Office Supplies,1,43.82,0.05,41.63,3.72
ORD-101298,2025-03-15,CUST-0225,Home Office,South,Technology,8,434.12,0.1,3125.66,252.27
ORD-103583,2025-03-15,CUST-0262,Home Office,North,Technology,6,106.21,0.0,637.26,92.73
ORD-103824,2025-03-15,CUST-0459,Consumer,West,Office Supplies,2,130.73,0.1,235.31,21.72
ORD-100086,2025-03-15,CUST-0445,Corporate,West,Office Supplies,3,86.34,0.1,233.12,33.22
ORD-103073,2025-03-16,CUST-0099,Consumer,North,Office Supplies,5,25.86,0.05,122.84,24.25
ORD-104376,2025-03-16,CUST-0243,Home Office,North,Technology,10,583.21,0.1,5248.89,446.28
ORD-102268,2025-03-16,CUST-0221,Consumer,Central,Office Supplies,5,12.67,0.1,57.02,1.09
ORD-102472,2025-03-16,CUST-0498,Consumer,West,Office Supplies,2,64.06,0.1,115.31,13.26
ORD-104191,2025-03-16,CUST-0211,Consumer,Central,Office Supplies,4,63.15,0.1,227.34,26.13
ORD-102344,2025-03-16,CUST-0450,Home Office,North,Office Supplies,2,120.72,0.2,193.15,4.25
ORD-104526,2025-03-17,CUST-0168,Consumer,South,Office Supplies,7,12.49,0.0,87.43,19.36
ORD-102751,2025-03-17,CUST-0164,Home Office,East,Office Supplies,10,110.7,0.0,1107.0,226.13
ORD-104937,2025-03-17,CUST-0626,Consumer,West,Technology,8,990.11,,7920.88,1883.43
ORD-104557,2025-03-17,CUST-0490,Home Office,South,Office Supplies,5,81.78,0.3,286.23,-27.84
ORD-101917,2025-03-18,CUST-0535,Consumer,Central,Office Supplies,4,34.45,0.0,137.8,28.5
ORD-100798,2025-03-18,CUST-0077,Home Office,North,Office Supplies,8,73.57,0.05,559.13,107.16
ORD-103737,2025-03-18,CUST-0519,Consumer,Central,Furniture,7,302.38,0.1,1904.99,-142.49
ORD-104548,2025-03-19,CUST-0677,Corporate,North,Office Supplies,7,139.26,0.0,974.82,229.67
ORD-102425,2025-03-19,CUST-0306,Corporate,North,Technology,3,972.31,0.2,2333.54,-39.53
ORD-100834,2025-03-19,CUST-0102,Home Office,Central,Office Supplies,10,137.37,0.05,1305.01,103.85
ORD-100337,2025-03-19,CUST-0100,Corporate,North,Office Supplies,2,49.19,0.0,98.38,29.28
ORD-104180,2025-03-19,CUST-0310,Consumer,North,Furniture,4,305.2,0.3,854.56,-155.45
ORD-101008,2025-03-20,CUST-0273,Consumer,South,Office Supplies,8,81.9,0.0,655.2,157.61
ORD-103186,2025-03-21,CUST-0246,Corporate,West,Office Supplies,5,104.53,0.0,522.65,96.66
ORD-100158,2025-03-21,CUST-0732,Consumer,West,Technology,7,658.87,0.0,4612.09,1312.74
ORD-104692,2025-03-21,CUST-0015,Corporate,East,Office Supplies,7,36.2,0.3,177.38,-2.3
ORD-104107,2025-03-22,CUST-0344,Corporate,Central,Office Supplies,7,125.32,0.1,789.52,119.14
ORD-101676,2025-03-22,CUST-0708,Consumer,North,Office Supplies,2,143.23,0.0,286.46,58.31
ORD-102342,2025-03-22,CUST-0317,Corporate,East,Office Supplies,5,32.61,0.1,146.74,25.23
ORD-101133,2025-03-22,CUST-0530,Corporate,East,Office Supplies,10,38.73,0.05,367.93,30.47
ORD-104689,2025-03-23,CUST-0252,Consumer,East,Office Supplies,8,125.64,0.2,804.1,44.89
ORD-102296,2025-03-23,CUST-0587,Home Office,South,Technology,3,1152.14,0.0,3456.42,623.06
ORD-104592,2025-03-24,CUST-0514,Consumer,West,Office Supplies,9,136.49,0.05,1166.99,186.48
ORD-104805,2025-03-24,CUST-0258,Consumer,Central,Office Supplies,2,101.38,0.0,202.76,32.09
ORD-101966,2025-03-24,CUST-0490,Home Office,South,Technology,3,863.07,0.0,2589.21,522.23
ORD-104082,2025-03-24,CUST-0016,Corporate,West,Office Supplies,7,43.59,0.0,305.13,56.46
ORD-100379,2025-03-24,CUST-0458,Consumer,West,Technology,8,737.32,0.0,5898.56,1193.02
ORD-101639,2025-03-24,CUST-0329,Home Office,South,Office Supplies,5,88.14,0.05,418.66,46.24
ORD-102299,2025-03-24,CUST-0587,Home Office,South,Office Supplies,8,69.88,0.1,503.14,39.2
ORD-102646,2025-03-24,CUST-0223,Consumer,North,Office Supplies,4,67.76,0.0,271.04,61.28
ORD-103716,2025-03-25,CUST-0480,Consumer,South,Office Supplies,7,21.36,0.1,134.57,11.82
ORD-104344,2025-03-25,CUST-0131,Corporate,Central,Office Supplies,4,135.33,0.0,541.32,107.58
ORD-100861,2025-03-26,CUST-0286,Home Office,South,Furniture,5,563.6,0.0,2818.0,252.19
ORD-102807,2025-03-26,CUST-0420,Consumer,Central,Furniture,10,190.86,0.2,1526.88,-114.57
ORD-104851,2025-03-26,CUST-0150,Corporate,West,Office Supplies,9,53.71,0.05,459.22,64.42
ORD-104130,2025-03-26,CUST-0101,Home Office,West,Technology,3,852.94,0.2,2047.06,110.23
ORD-103068,2025-03-27,CUST-0402,Corporate,North,Furniture,3,301.08,0.05,858.08,10.32
ORD-100608,2025-03-28,CUST-0132,Corporate,Central,Technology,2,565.44,0.05,1074.34,208.38
ORD-103846,2025-03-28,CUST-0371,Consumer,West,Office Supplies,5,33.05,0.0,165.25,30.61
ORD-104232,2025-03-28,CUST-0469,Consumer,North,Technology,5,191.63,0.0,958.15,179.67
ORD-101839,2025-03-29,CUST-0235,Home Office,Central,Office Supplies,8,140.31,0.05,1066.36,127.83
ORD-104524,2025-03-29,CUST-0745,Home Office,West,Office Supplies,3,72.11,0.1,194.7,24.95
ORD-100856,2025-03-29,CUST-0518,Corporate,South,Technology,7,134.66,0.3,659.83,15.18
ORD-101972,2025-03-29,CUST-0457,Consumer,Central,Technology,2,796.52,0.1,1433.74,126.9
ORD-101978,2025-03-30,CUST-0763,Home Office,South,Furniture,9,468.36,0.3,2950.67,-188.86
ORD-100615,2025-03-30,CUST-0236,Consumer,Central,Office Supplies,6,17.16,0.2,82.37,-4.92
ORD-103709,2025-03-30,CUST-0112,Corporate,West,Office Supplies,2,110.75,0.0,221.5,33.74
ORD-102465,2025-03-30,CUST-0655,Corporate,West,Office Supplies,1,15.69,0.05,14.91,0.61
ORD-100929,2025-03-31,CUST-0045,Corporate,Central,Office Supplies,7,72.79,0.1,458.58,92.14
ORD-101199,2025-03-31,CUST-0380,Home Office,West,Office Supplies,9,92.29,0.0,830.61,77.2
ORD-103146,2025-03-31,CUST-0215,Consumer,South,Office Supplies,3,41.94,0.1,113.24,11.11
ORD-100330,2025-03-31,CUST-0247,Corporate,West,Technology,3,530.14,0.3,1113.29,-136.35
ORD-100442,2025-03-31,CUST-0276,Consumer,West,Furniture,8,414.64,0.05,3151.26,119.65
ORD-102829,2025-04-02,CUST-0428,Consumer,Central,Office Supplies,7,10.4,0.05,69.16,10.14
ORD-100500,2025-04-02,CUST-0075,Consumer,South,Furniture,1,360.16,0.0,360.16,42.24
ORD-101506,2025-04-02,CUST-0267,Corporate,East,Office Supplies,9,98.65,0.05,843.46,52.7
ORD-101693,2025-04-02,CUST-0754,Home Office,West,Office Supplies,6,85.4,0.1,461.16,40.82
ORD-101824,2025-04-03,CUST-0443,Corporate,South,Office Supplies,1,96.99,0.05,92.14,9.94
ORD-104683,2025-04-03,CUST-0229,Corporate,South,Furniture,5,396.23,0.2,1584.92,-107.96
ORD-103316,2025-04-03,CUST-0434,Consumer,Central,Office Supplies,2,115.99,0.3,162.39,-14.53
ORD-103680,2025-04-04,CUST-0582,Corporate,East,Office Supplies,4,135.53,0.0,542.12,104.85
ORD-101171,2025-04-04,CUST-0761,Consumer,North,Office Supplies,9,140.64,0.0,1265.76,268.14
ORD-100215,2025-04-05,CUST-0231,Corporate,South,Technology,1,790.89,,751.35,141.14
ORD-100800,2025-04-05,CUST-0414,Home Office,East,Office Supplies,1,19.95,0.05,18.95,4.62
ORD-101028,2025-04-05,CUST-0286,Home Office,South,Office Supplies,6,142.66,0.0,855.96,210.35
ORD-101964,2025-04-06,CUST-0202,Corporate,East,Furniture,5,174.51,0.0,872.55,131.95
ORD-102825,2025-04-06,CUST-0348,Consumer,North,Office Supplies,4,79.16,0.05,300.81,14.57
ORD-100640,2025-04-06,CUST-0396,Corporate,Central,Furniture,3,392.13,0.1,1058.75,83.13
ORD-102685,2025-04-06,CUST-0705,Consumer,Central,Technology,10,486.61,0.05,4622.8,954.77
ORD-104833,2025-04-07,CUST-0165,Consumer,South,Office Supplies,5,130.91,0.1,589.1,64.7
ORD-102792,2025-04-07,CUST-0369,Corporate,South,Furniture,2,365.54,0.2,584.86,-3.43
ORD-103394,2025-04-07,CUST-0385,Consumer,Central,Technology,3,1055.89,0.1,2850.9,269.83
ORD-102725,2025-04-08,CUST-0417,Home Office,South,Office Supplies,1,23.38,0.05,22.21,0.59
ORD-104327,2025-04-09,CUST-0639,Corporate,Central,Technology,2,293.5,0.05,557.65,114.6
ORD-100982,2025-04-09,CUST-0734,Corporate,East,Office Supplies,10,140.6,0.1,1265.4,92.75
ORD-104359,2025-04-09,CUST-0261,Consumer,North,Office Supplies,3,124.01,0.0,372.03,49.56
ORD-100860,2025-04-09,CUST-0020,Consumer,Central,Office Supplies,8,79.94,0.0,639.52,90.2
ORD-104951,2025-04-09,CUST-0418,Consumer,Central,Technology,10,960.86,0.0,9608.6,2191.18
ORD-104412,2025-04-10,CUST-0490,Home Office,South,Furniture,2,433.54,0.2,693.66,-68.59
ORD-103021,2025-04-10,CUST-0630,Consumer,North,Office Supplies,10,100.18,0.1,901.62,93.62
ORD-100696,2025-04-10,CUST-0102,Home Office,Central,Office Supplies,3,100.29,0.0,300.87,41.14
ORD-100517,2025-04-10,CUST-0342,Consumer,East,Office Supplies,7,101.0,0.05,671.65,76.4
ORD-101812,2025-04-11,CUST-0448,Consumer,East,Furniture,7,599.04,0.2,3354.62,-197.07
ORD-100870,2025-04-11,CUST-0213,Consumer,South,Furniture,7,589.4,0.05,3919.51,143.26
ORD-101318,2025-04-11,CUST-0627,Consumer,Central,Technology,3,134.72,0.0,404.16,92.2
ORD-101746,2025-04-12,CUST-0379,Home Office,North,Office Supplies,3,79.85,0.05,227.57,38.62
ORD-104364,2025-04-13,CUST-0309,Home Office,East,Technology,10,904.8,0.0,9048.0,2812.67
ORD-102653,2025-04-13,CUST-0678,Corporate,East,Furniture,4,544.24,0.05,2068.11,102.8
ORD-101085,2025-04-13,CUST-0479,Home Office,North,Office Supplies,8,65.26,0.05,495.98,65.44
ORD-100030,2025-04-13,CUST-0052,Corporate,South,Furniture,5,400.19,0.0,2000.95,261.14
ORD-101680,2025-04-13,CUST-0219,Corporate,West,Office Supplies,9,44.74,0.05,382.53,70.08
ORD-102678,2025-04-14,CUST-0468,Home Office,Central,Office Supplies,2,12.34,0.1,22.21,3.14
ORD-100438,2025-04-14,CUST-0057,Consumer,West,Technology,10,376.23,0.2,3009.84,-166.84
ORD-101509,2025-04-14,CUST-0069,Home Office,North,Technology,6,925.1,0.0,5550.6,1331.34
ORD-103003,2025-04-14,CUST-0262,Home Office,North,Office Supplies,2,99.9,0.0,199.8,35.34
ORD-103578,2025-04-14,CUST-0193,Consumer,West,Office Supplies,10,53.92,0.1,485.28,40.7
ORD-103487,2025-04-15,CUST-0007,Home Office,East,Furniture,6,584.56,0.0,3507.36,336.67
ORD-104735,2025-04-15,CUST-0627,Consumer,Central,Technology,2,772.17,0.0,1544.34,372.59
ORD-101735,2025-04-15,CUST-0573,Consumer,East,Office Supplies,2,60.32,0.0,120.64,16.35
ORD-104401,2025-04-15,CUST-0300,Consumer,West,Furniture,6,418.27,0.0,2509.62,280.24
ORD-104204,2025-04-15,CUST-0664,Consumer,East,Furniture,10,481.99,0.1,4337.91,52.44
ORD-100255,2025-04-15,CUST-0172,Consumer,South,Technology,5,792.01,0.2,3168.04,235.09
ORD-104555,2025-04-15,CUST-0526,Consumer,Central,Furniture,7,238.24,0.2,1334.14,-101.54
ORD-100188,2025-04-16,CUST-0094,Home Office,West,Office Supplies,4,105.9,0.2,338.88,-18.74
ORD-101513,2025-04-16,CUST-0115,Consumer,Central,Office Supplies,4,102.9,0.0,411.6,102.82
ORD-102562,2025-04-16,CUST-0557,Corporate,South,Office Supplies,10,144.08,0.05,1368.76,162.89
ORD-102100,2025-04-16,CUST-0574,Consumer,North,Furniture,5,453.45,0.0,2267.25,251.12
ORD-101625,2025-04-16,CUST-0544,Consumer,Central,Furniture,5,243.8,0.1,1097.1,-35.51
ORD-103215,2025-04-17,CUST-0177,Consumer,East,Office Supplies,3,67.6,0.05,192.66,23.1
ORD-102858,2025-04-17,CUST-0742,Home Office,North,Office Supplies,6,42.35,0.05,241.4,46.03
ORD-101537,2025-04-17,CUST-0282,Consumer,West,Furniture,7,403.9,0.0,2827.3,413.94
ORD-102388,2025-04-17,CUST-0616,Home Office,West,Office Supplies,10,98.83,0.0,988.3,177.19
ORD-101146,2025-04-18,CUST-0278,Home Office,Central,Office Supplies,8,35.39,0.1,254.81,38.68
ORD-102234,2025-04-18,CUST-0534,Consumer,Central,Technology,2,445.86,0.1,802.55,39.02
ORD-100179,2025-04-18,CUST-0233,Consumer,West,Technology,9,457.05,0.2,3290.76,-55.6
ORD-104916,2025-04-18,CUST-0681,Consumer,North,Furniture,5,84.94,0.1,382.23,1.93
ORD-101682,2025-04-19,CUST-0752,Consumer,West,Furniture,5,547.35,0.0,2736.75,305.71
ORD-104787,2025-04-19,CUST-0591,Consumer,South,Furniture,8,193.87,0.2,1240.77,-78.02
ORD-101021,2025-04-19,CUST-0081,Consumer,East,Office Supplies,8,37.69,0.1,271.37,35.94
ORD-103044,2025-04-19,CUST-0286,Home Office,South,Technology,8,182.82,0.05,1389.43,193.99
ORD-101883,2025-04-19,CUST-0476,Home Office,Central,Technology,5,219.16,0.0,1095.8,148.6
ORD-103485,2025-04-20,CUST-0049,Consumer,East,Technology,5,703.54,0.05,3341.81,706.97
ORD-100616,2025-04-20,CUST-0770,Consumer,South,Office Supplies,6,94.31,0.0,565.86,110.52
ORD-101732,2025-04-20,CUST-0297,Consumer,South,Technology,1,1122.23,0.1,1010.01,209.63
ORD-101175,2025-04-20,CUST-0236,Consumer,Central,Technology,5,868.2,0.1,3906.9,369.07
ORD-103009,2025-04-21,CUST-0619,Consumer,Central,Office Supplies,7,83.47,0.0,584.29,65.0
ORD-100991,2025-04-21,CUST-0201,Consumer,East,Furniture,5,124.19,0.0,620.95,69.32
ORD-104205,2025-04-21,CUST-0458,Consumer,West,Office Supplies,10,5.82,0.0,58.2,6.59
ORD-102572,2025-04-21,CUST-0625,Home Office,West,Office Supplies,5,16.0,0.0,80.0,12.77
ORD-103464,2025-04-22,CUST-0609,Corporate,East,Furniture,6,453.23,0.1,2447.44,-156.44
ORD-102266,2025-04-22,CUST-0236,Consumer,Central,Office Supplies,8,86.05,,653.98,15.68
ORD-101180,2025-04-22,CUST-0330,Consumer,West,Furniture,3,85.45,0.0,256.35,16.55
ORD-100688,2025-04-22,CUST-0680,Consumer,North,Furniture,5,253.68,0.05,1204.98,-11.5
ORD-103753,2025-04-22,CUST-0021,Consumer,Central,Office Supplies,4,13.79,0.1,49.64,6.91
ORD-101547,2025-04-22,CUST-0422,Consumer,South,Technology,1,423.74,0.05,402.55,100.03
ORD-103694,2025-04-22,CUST-0062,Consumer,North,Furniture,2,381.22,0.0,762.44,29.56
ORD-101173,2025-04-23,CUST-0455,Home Office,South,Furniture,7,379.74,0.0,2658.18,167.66
ORD-102603,2025-04-24,CUST-0400,Consumer,North,Office Supplies,10,64.98,0.05,617.31,91.28
ORD-102402,2025-04-24,CUST-0338,Corporate,East,Office Supplies,4,49.58,0.05,188.4,31.21
ORD-102774,2025-04-25,CUST-0115,Consumer,Central,Furniture,10,346.53,0.2,2772.24,-497.04
ORD-100894,2025-04-25,CUST-0323,Consumer,East,Technology,6,250.15,0.1,1350.81,101.77
ORD-104041,2025-04-25,CUST-0790,Consumer,West,Furniture,3,456.23,0.1,1231.82,-3.32
ORD-101995,2025-04-25,CUST-0653,Corporate,Central,Furniture,1,472.93,0.0,472.93,40.89
ORD-101256,2025-04-26,CUST-0066,Home Office,North,Office Supplies,3,29.66,0.0,88.98,10.51
ORD-102272,2025-04-26,CUST-0219,Corporate,West,Office Supplies,9,106.61,0.3,671.64,-56.39
ORD-103713,2025-04-26,CUST-0187,Consumer,North,Office Supplies,1,40.45,0.1,36.4,5.9
ORD-101640,2025-04-26,CUST-0404,Corporate,West,Office Supplies,9,35.33,0.0,317.97,83.41
ORD-104566,2025-04-27,CUST-0617,Corporate,West,Office Supplies,5,59.67,0.2,238.68,-26.65
ORD-103515,2025-04-27,CUST-0709,Corporate,South,Furniture,8,342.58,0.05,2603.61,46.05
ORD-100548,2025-04-27,CUST-0330,Consumer,West,Office Supplies,3,5.62,0.1,15.17,1.84
ORD-101302,2025-04-27,CUST-0105,Home Office,West,Furniture,7,237.08,0.0,1659.56,352.86
ORD-104397,2025-04-28,CUST-0564,Corporate,South,Furniture,7,359.52,0.2,2013.31,-285.55
ORD-102301,2025-04-28,CUST-0644,Consumer,West,Furniture,7,270.14,0.05,1796.43,190.92
ORD-104508,2025-04-28,CUST-0536,Home Office,East,Office Supplies,10,13.93,0.0,139.3,35.07
ORD-101853,2025-04-28,CUST-0656,Home Office,Central,Furniture,8,418.56,0.2,2678.78,-587.22
ORD-102439,2025-04-28,CUST-0350,Corporate,South,Furniture,10,570.77,0.2,4566.16,-616.26
ORD-103296,2025-04-28,CUST-0751,Consumer,East,Furniture,3,571.76,0.0,1715.28,157.64
ORD-102391,2025-04-28,CUST-0333,Consumer,North,Furniture,9,586.91,0.1,4753.97,309.2
ORD-103645,2025-04-28,CUST-0392,Home Office,East,Technology,5,404.05,0.05,1919.24,432.88
ORD-103447,2025-04-29,CUST-0104,Corporate,Central,Office Supplies,3,58.9,0.1,159.03,19.24
ORD-104269,2025-04-29,CUST-0248,Corporate,Central,Technology,1,156.09,0.1,140.48,23.85
ORD-103729,2025-04-29,CUST-0423,Home Office,South,Technology,9,447.52,0.0,4027.68,683.33
ORD-102131,2025-04-29,CUST-0697,Corporate,East,Furniture,9,255.5,0.2,1839.6,-107.69
ORD-101210,2025-04-30,CUST-0344,Corporate,Central,Furniture,8,214.61,0.05,1631.04,10.26
ORD-103778,2025-04-30,CUST-0353,Corporate,East,Office Supplies,8,86.2,0.1,620.64,119.4
ORD-102429,2025-04-30,CUST-0199,Consumer,Central,Office Supplies,3,70.95,0.0,212.85,31.47
ORD-104930,2025-04-30,CUST-0283,Corporate,West,Furniture,1,198.43,0.0,198.43,12.61
ORD-102854,2025-04-30,CUST-0186,Home Office,East,Office Supplies,2,127.17,0.3,178.04,-12.55
ORD-104799,2025-04-30,CUST-0616,Home Office,West,Office Supplies,7,85.5,0.0,598.5,42.43
ORD-103711,2025-05-01,CUST-0270,Corporate,West,Office Supplies,7,143.61,0.0,1005.27,232.68
ORD-100020,2025-05-01,CUST-0163,Corporate,North,Office Supplies,5,81.12,0.0,405.6,58.0
ORD-100116,2025-05-01,CUST-0784,Corporate,South,Office Supplies,5,77.76,0.0,388.8,87.93
ORD-103497,2025-05-01,CUST-0365,Corporate,East,Technology,9,369.32,0.3,2326.72,-32.53
ORD-100836,2025-05-01,CUST-0365,Corporate,East,Office Supplies,3,57.14,0.05,162.85,28.22
ORD-101891,2025-05-02,CUST-0212,Corporate,Central,Office Supplies,7,5.41,0.05,35.98,5.09
ORD-101672,2025-05-03,CUST-0728,Consumer,Central,Furniture,4,569.55,0.2,1822.56,-61.83
ORD-103222,2025-05-03,CUST-0330,Consumer,West,Office Supplies,8,123.6,0.0,988.8,84.14
ORD-104682,2025-05-03,CUST-0398,Consumer,East,Furniture,7,242.4,0.0,1696.8,262.11
ORD-101849,2025-05-03,CUST-0450,Home Office,North,Office Supplies,1,106.8,0.0,106.8,24.27
ORD-102641,2025-05-03,CUST-0185,Consumer,South,Furniture,9,431.21,0.05,3686.85,198.61
ORD-104391,2025-05-03,CUST-0765,Corporate,West,Office Supplies,7,96.4,0.05,641.06,109.84
ORD-100933,2025-05-03,CUST-0637,Corporate,Central,Technology,9,996.29,0.0,8966.61,1227.77
ORD-103135,2025-05-04,CUST-0402,Corporate,North,Office Supplies,8,75.39,0.1,542.81,39.44
ORD-101816,2025-05-04,CUST-0465,Consumer,Central,Furniture,6,376.82,0.0,2260.92,182.38
ORD-103084,2025-05-04,CUST-0124,Consumer,Central,Office Supplies,6,80.11,0.0,480.66,79.39
ORD-101523,2025-05-04,CUST-0729,Home Office,Central,Office Supplies,9,77.66,0.05,663.99,104.82
ORD-103103,2025-05-04,CUST-0193,Consumer,West,Office Supplies,10,110.1,0.0,1101.0,245.99
ORD-100601,2025-05-05,CUST-0444,Corporate,South,Technology,1,822.65,0.1,740.38,50.98
ORD-100006,2025-05-05,CUST-0512,Corporate,North,Furniture,5,112.02,0.0,560.1,74.17
ORD-103200,2025-05-05,CUST-0441,Consumer,East,Furniture,4,149.36,0.3,418.21,-66.71
ORD-103012,2025-05-06,CUST-0720,Home Office,East,Furniture,2,319.52,0.0,639.04,41.49
ORD-101087,2025-05-06,CUST-0480,Consumer,South,Technology,8,1077.61,0.0,8620.88,1858.8
ORD-102385,2025-05-06,CUST-0156,Corporate,Central,Office Supplies,9,82.65,0.05,706.66,49.47
ORD-100370,2025-05-06,CUST-0100,Corporate,North,Furniture,10,454.03,0.05,4313.28,559.21
ORD-103570,2025-05-06,CUST-0069,Home Office,North,Office Supplies,1,6.51,0.3,4.56,-0.48
ORD-101555,2025-05-07,CUST-0440,Corporate,North,Technology,6,177.99,0.05,1014.54,164.23
ORD-101952,2025-05-07,CUST-0543,Home Office,West,Office Supplies,7,128.94,0.05,857.45,97.99
ORD-104518,2025-05-07,CUST-0282,Consumer,West,Office Supplies,6,60.27,0.0,361.62,109.33
ORD-100566,2025-05-07,CUST-0144,Corporate,East,Technology,1,1015.56,0.0,1015.56,197.17
ORD-103267,2025-05-08,CUST-0464,Corporate,North,Technology,3,532.91,0.2,1278.98,100.02
ORD-102317,2025-05-08,CUST-0004,Consumer,South,Technology,10,859.29,0.0,8592.9,2603.97
ORD-100356,2025-05-08,CUST-0014,Corporate,West,Office Supplies,1,80.05,0.0,80.05,18.76
ORD-102039,2025-05-08,CUST-0760,Corporate,West,Technology,4,643.37,0.1,2316.13,182.96
ORD-102138,2025-05-09,CUST-0473,Corporate,Central,Furniture,3,573.13,0.1,1547.45,-24.67
ORD-104091,2025-05-09,CUST-0770,Consumer,South,Furniture,10,103.88,0.3,727.16,-130.11
ORD-100910,2025-05-09,CUST-0493,Consumer,Central,Office Supplies,10,6.69,0.05,63.56,16.09
ORD-102287,2025-05-09,CUST-0513,Corporate,South,Office Supplies,6,88.95,0.1,480.33,40.13
ORD-102743,2025-05-09,CUST-0042,Consumer,North,Furniture,10,510.41,0.0,5104.1,796.64
ORD-103042,2025-05-09,CUST-0194,Consumer,East,Office Supplies,6,133.6,0.0,801.6,141.64
ORD-101086,2025-05-09,CUST-0348,Consumer,North,Furniture,6,529.14,0.1,2857.36,70.02
ORD-100063,2025-05-10,CUST-0682,Corporate,South,Office Supplies,2,50.33,0.0,100.66,21.65
ORD-102422,2025-05-10,CUST-0392,Home Office,East,Office Supplies,10,9.24,0.0,92.4,19.92
ORD-101790,2025-05-10,CUST-0560,Home Office,North,Technology,10,878.31,0.05,8343.94,1469.64
ORD-103519,2025-05-10,CUST-0195,Consumer,West,Office Supplies,9,67.88,0.0,610.92,75.44
ORD-104346,2025-05-11,CUST-0151,Home Office,East,Office Supplies,7,19.14,0.05,127.28,18.1
ORD-103580,2025-05-11,CUST-0280,Corporate,North,Furniture,5,109.85,0.05,521.79,41.72
ORD-102142,2025-05-12,CUST-0061,Home Office,South,Furniture,4,303.0,0.1,1090.8,-54.12
ORD-104114,2025-05-13,CUST-0713,Corporate,North,Furniture,3,513.57,0.1,1386.64,-21.88
ORD-102590,2025-05-13,CUST-0091,Consumer,South,Office Supplies,5,54.34,0.2,217.36,27.21
ORD-102848,2025-05-13,CUST-0208,Consumer,Central,Technology,10,341.21,0.0,3412.1,729.06
ORD-100573,2025-05-14,CUST-0628,Corporate,North,Office Supplies,1,149.4,0.0,149.4,20.2
ORD-103820,2025-05-14,CUST-0350,Corporate,South,Technology,8,609.31,0.3,3412.14,393.33
ORD-100159,2025-05-14,CUST-0574,Consumer,North,Furniture,4,528.18,0.0,2112.72,339.39
ORD-104585,2025-05-15,CUST-0664,Consumer,East,Office Supplies,2,71.95,0.1,129.51,3.04
ORD-101838,2025-05-15,CUST-0194,Consumer,East,Office Supplies,10,90.38,0.0,903.8,166.44
ORD-101715,2025-05-16,CUST-0411,Home Office,South,Office Supplies,9,25.4,0.0,228.6,29.98
ORD-102148,2025-05-16,CUST-0082,Home Office,North,Office Supplies,2,148.9,0.0,297.8,79.13
ORD-104556,2025-05-16,CUST-0428,Consumer,Central,Technology,4,640.02,0.0,2560.08,471.31
ORD-102152,2025-05-16,CUST-0565,Home Office,South,Office Supplies,9,121.78,0.0,1096.02,220.91
ORD-104499,2025-05-17,CUST-0481,Consumer,North,Technology,1,212.84,0.1,191.56,24.13
ORD-104530,2025-05-17,CUST-0123,Consumer,West,Technology,3,187.4,0.0,562.2,124.4
ORD-102799,2025-05-17,CUST-0651,Corporate,Central,Technology,4,378.55,0.05,1438.49,279.55
ORD-104112,2025-05-17,CUST-0254,Home Office,West,Furniture,7,327.37,0.0,2291.59,168.49
ORD-101460,2025-05-17,CUST-0122,Corporate,North,Furniture,3,141.47,0.1,381.97,14.42
ORD-100934,2025-05-19,CUST-0371,Consumer,West,Office Supplies,2,28.57,0.0,57.14,8.27
ORD-100431,2025-05-19,CUST-0359,Home Office,Central,Office Supplies,2,143.85,0.0,287.7,33.98
ORD-100184,2025-05-19,CUST-0669,Consumer,East,Technology,8,653.97,0.0,5231.76,1364.22
ORD-101612,2025-05-19,CUST-0704,Corporate,Central,Office Supplies,9,57.85,0.1,468.58,59.57
ORD-102251,2025-05-19,CUST-0255,Consumer,East,Office Supplies,6,30.78,0.0,184.68,48.87
ORD-100528,2025-05-19,CUST-0668,Home Office,West,Office Supplies,6,117.37,0.1,633.8,28.73
ORD-104233,2025-05-20,CUST-0307,Corporate,South,Office Supplies,8,145.18,0.1,1045.3,110.34
ORD-102486,2025-05-20,CUST-0134,Corporate,North,Office Supplies,6,91.39,0.3,383.84,-48.23
ORD-100778,2025-05-20,CUST-0232,Consumer,Central,Technology,9,152.28,0.0,1370.52,285.85
ORD-102613,2025-05-20,CUST-0555,Home Office,West,Furniture,7,581.44,0.0,4070.08,385.43
ORD-104522,2025-05-21,CUST-0392,Home Office,East,Office Supplies,2,25.61,0.1,46.1,3.14
ORD-103348,2025-05-21,CUST-0514,Consumer,West,Office Supplies,7,60.87,0.1,383.48,40.64
ORD-100638,2025-05-21,CUST-0612,Consumer,East,Office Supplies,10,54.59,0.05,518.6,79.5
ORD-100000,2025-05-21,CUST-0271,Consumer,West,Technology,4,1057.62,0.0,4230.48,779.41
ORD-102137,2025-05-21,CUST-0232,Consumer,Central,Office Supplies,8,132.2,0.0,1057.6,133.32
ORD-101771,2025-05-22,CUST-0034,Consumer,Central,Office Supplies,6,63.26,0.05,360.58,43.23
ORD-101159,2025-05-22,CUST-0602,Consumer,East,Office Supplies,6,73.84,0.1,398.74,83.72
ORD-100366,2025-05-22,CUST-0196,Corporate,West,Technology,10,1156.15,0.1,10405.35,565.5
ORD-103005,2025-05-22,CUST-0464,Corporate,North,Technology,10,568.74,0.3,3981.18,92.46
ORD-101105,2025-05-22,CUST-0281,Corporate,West,Office Supplies,6,111.17,0.0,667.02,117.71
ORD-104415,2025-05-23,CUST-0033,Consumer,,Office Supplies,9,13.2,0.3,83.16,-10.03
ORD-101330,2025-05-23,CUST-0795,Corporate,East,Office Supplies,10,133.34,0.1,1200.06,64.19
ORD-104849,2025-05-23,CUST-0600,Home Office,East,Technology,10,875.54,0.05,8317.63,1599.36
ORD-104863,2025-05-23,CUST-0519,Consumer,Central,Technology,5,106.95,0.0,534.75,122.35
ORD-101611,2025-05-24,CUST-0582,Corporate,East,Technology,6,1053.11,0.1,5686.79,564.46
ORD-104486,2025-05-24,CUST-0536,Home Office,East,Furniture,7,268.36,0.3,1314.96,-113.14
ORD-104699,2025-05-24,CUST-0105,Home Office,West,Furniture,2,309.27,0.05,587.61,-18.23
ORD-101932,2025-05-25,CUST-0060,Home Office,East,Office Supplies,5,24.43,0.1,109.94,11.6
ORD-100417,2025-05-25,CUST-0059,Home Office,West,Office Supplies,2,8.38,0.05,15.92,2.62
ORD-102951,2025-05-25,CUST-0037,Corporate,West,Office Supplies,10,118.78,0.0,1187.8,271.86
ORD-103138,2025-05-25,CUST-0603,Corporate,West,Office Supplies,7,55.07,0.2,308.39,-5.49
ORD-100200,2025-05-26,CUST-0186,Home Office,East,Furniture,1,253.43,0.05,240.76,13.15
ORD-100620,2025-05-26,CUST-0304,Consumer,North,Office Supplies,9,88.85,0.0,799.65,127.0
ORD-100956,2025-05-26,CUST-0421,Corporate,South,Technology,9,1192.83,0.0,10735.47,3723.83
ORD-104399,2025-05-27,CUST-0555,Home Office,West,Technology,1,560.95,0.2,448.76,36.55
ORD-100024,2025-05-27,CUST-0062,Consumer,North,Office Supplies,2,127.98,0.2,204.77,9.05
ORD-103797,2025-05-27,CUST-0482,Home Office,North,Technology,8,961.17,0.05,7304.89,679.62
ORD-101047,2025-05-27,CUST-0539,Consumer,North,Office Supplies,7,72.41,0.0,506.87,99.2
ORD-104742,2025-05-28,CUST-0036,Home Office,Central,Technology,4,210.1,0.0,840.4,182.12
ORD-101739,2025-05-28,CUST-0157,Corporate,East,Technology,9,777.16,0.0,6994.44,1627.8
ORD-100300,2025-05-28,CUST-0041,Home Office,Central,Office Supplies,2,88.72,0.0,177.44,29.64
ORD-100104,2025-05-28,CUST-0392,Home Office,East,Office Supplies,4,91.08,0.05,346.1,37.88
ORD-100298,2025-05-29,CUST-0616,Home Office,West,Office Supplies,2,40.98,0.1,73.76,9.21
ORD-101428,2025-05-29,CUST-0513,Corporate,South,Furniture,5,171.1,0.05,812.72,28.36
ORD-103588,2025-05-29,CUST-0115,Consumer,Central,Office Supplies,9,57.06,0.0,513.54,47.92
ORD-100382,2025-05-30,CUST-0167,Corporate,Central,Furniture,7,256.79,0.3,1258.27,-165.75
ORD-100055,2025-05-30,CUST-0258,Consumer,Central,Furniture,3,530.21,0.0,1590.63,84.86
ORD-100748,2025-05-30,CUST-0055,Corporate,North,Furniture,8,403.25,0.0,3226.0,437.02
ORD-102536,2025-05-31,CUST-0376,Consumer,North,Technology,10,1023.77,0.3,7166.39,-408.59
ORD-101674,2025-05-31,CUST-0710,Home Office,South,Office Supplies,2,112.14,0.0,224.28,33.55
ORD-100402,2025-05-31,CUST-0555,Home Office,West,Technology,8,1096.93,0.2,7020.35,287.14
ORD-103083,2025-05-31,CUST-0198,Home Office,Central,Office Supplies,2,28.19,0.0,56.38,8.5
ORD-103455,2025-06-01,CUST-0221,Consumer,Central,Furniture,9,344.59,0.1,2791.18,-14.3
ORD-101536,2025-06-01,CUST-0515,Consumer,Central,Office Supplies,2,102.93,0.0,205.86,52.15
ORD-100605,2025-06-01,CUST-0581,Consumer,North,Technology,10,618.69,0.1,5568.21,760.5
ORD-101493,2025-06-01,CUST-0147,Consumer,Central,Technology,3,433.05,0.0,1299.15,260.63
ORD-100862,2025-06-02,CUST-0010,Corporate,West,Furniture,7,599.04,0.0,4193.28,1000.29
ORD-102745,2025-06-02,CUST-0779,Home Office,North,Furniture,4,414.57,0.0,1658.28,66.06
ORD-103053,2025-06-02,CUST-0243,Home Office,North,Office Supplies,8,102.93,0.05,782.27,143.0
ORD-100344,2025-06-02,CUST-0567,Consumer,South,Technology,8,996.37,0.0,7970.96,1049.53
ORD-104947,2025-06-02,CUST-0369,Corporate,South,Office Supplies,9,134.52,0.0,1210.68,239.38
ORD-102035,2025-06-02,CUST-0659,Consumer,Central,Technology,10,978.51,0.0,9785.1,2652.03
ORD-100138,2025-06-02,CUST-0193,Consumer,West,Furniture,1,343.13,0.2,274.5,-16.12
ORD-101662,2025-06-02,CUST-0708,Consumer,North,Furniture,4,427.97,0.2,1369.5,33.82
ORD-104240,2025-06-02,CUST-0611,Consumer,West,Office Supplies,5,81.61,0.0,408.05,60.44
ORD-100707,2025-06-03,CUST-0521,Consumer,Central,Furniture,7,408.84,0.05,2718.79,275.87
ORD-100458,2025-06-04,CUST-0074,Consumer,Central,Furniture,2,464.48,0.1,836.06,-40.06
ORD-100079,2025-06-04,CUST-0611,Consumer,West,Furniture,1,389.03,0.2,311.22,-3.59
ORD-102726,2025-06-05,CUST-0346,Consumer,East,Office Supplies,9,52.29,0.1,423.55,25.71
ORD-102180,2025-06-05,CUST-0547,Corporate,,Furniture,1,96.63,0.1,86.97,5.83
ORD-100237,2025-06-05,CUST-0044,Home Office,East,Furniture,7,250.06,0.0,1750.42,289.19
ORD-100007,2025-06-06,CUST-0134,Corporate,North,Furniture,3,321.61,0.1,868.35,-10.51
ORD-103417,2025-06-07,CUST-0485,Corporate,South,Office Supplies,7,11.22,0.1,70.69,7.08
ORD-101690,2025-06-07,CUST-0085,Corporate,South,Office Supplies,9,73.12,0.05,625.18,86.47
ORD-104828,2025-06-07,CUST-0499,Consumer,West,Office Supplies,7,96.87,0.0,678.09,74.79
ORD-101323,2025-06-07,CUST-0013,Consumer,East,Office Supplies,10,102.13,0.0,1021.3,127.84
ORD-101141,2025-06-08,CUST-0119,Corporate,North,Furniture,1,295.66,0.2,236.53,-29.01
ORD-100714,2025-06-08,CUST-0263,Consumer,,Office Supplies,1,17.18,0.0,17.18,3.82
ORD-104932,2025-06-08,CUST-0546,Consumer,Central,Office Supplies,7,108.15,0.2,605.64,47.18
ORD-100052,2025-06-08,CUST-0632,Home Office,West,Office Supplies,7,134.13,0.2,751.13,37.82
ORD-102041,2025-06-08,CUST-0784,Corporate,South,Office Supplies,5,82.79,0.0,413.95,100.69
ORD-102840,2025-06-08,CUST-0095,Corporate,West,Office Supplies,10,147.78,0.0,1477.8,312.26
ORD-100494,2025-06-08,CUST-0334,Corporate,South,Technology,6,1090.49,0.05,6215.79,666.34
ORD-101710,2025-06-09,CUST-0499,Consumer,West,Office Supplies,5,142.19,0.05,675.4,13.37
ORD-104317,2025-06-09,CUST-0155,Consumer,North,Technology,2,539.54,0.3,755.36,-66.08
ORD-104065,2025-06-10,CUST-0168,Consumer,South,Furniture,9,251.47,0.1,2036.91,-126.12
ORD-104174,2025-06-10,CUST-0171,Home Office,South,Technology,5,211.67,0.0,1058.35,213.5
ORD-103461,2025-06-11,CUST-0645,Corporate,North,Office Supplies,3,97.04,0.1,262.01,7.14
ORD-103030,2025-06-11,CUST-0011,Corporate,Central,Office Supplies,1,20.07,0.0,20.07,1.91
ORD-103212,2025-06-12,CUST-0488,Home Office,Central,Office Supplies,2,68.93,0.1,124.07,12.89
ORD-104482,2025-06-12,CUST-0083,Consumer,South,Furniture,9,343.43,0.05,2936.33,235.75
ORD-103674,2025-06-12,CUST-0188,Corporate,West,Furniture,7,299.03,0.3,1465.25,-241.15
ORD-102453,2025-06-12,CUST-0389,Corporate,Central,Office Supplies,7,75.5,0.1,475.65,-11.47
ORD-103765,2025-06-12,CUST-0319,Home Office,West,Office Supplies,2,84.07,0.1,151.33,22.77
ORD-104581,2025-06-12,CUST-0295,Corporate,West,Furniture,3,252.36,0.0,757.08,17.19
ORD-101117,2025-06-13,CUST-0537,Consumer,Central,Furniture,10,570.13,0.1,5131.17,-178.54
ORD-101564,2025-06-13,CUST-0147,Consumer,Central,Technology,6,287.43,0.0,1724.58,475.8
ORD-102990,2025-06-13,CUST-0072,Home Office,West,Furniture,3,162.43,0.1,438.56,-40.52
ORD-100706,2025-06-14,CUST-0502,Home Office,West,Technology,1,443.84,0.0,443.84,110.58
ORD-103581,2025-06-14,CUST-0300,Consumer,West,Office Supplies,2,140.08,0.0,280.16,47.95
ORD-103459,2025-06-14,CUST-0463,Corporate,East,Office Supplies,1,89.63,0.0,89.63,7.22
ORD-104899,2025-06-15,CUST-0392,Home Office,East,Office Supplies,1,57.94,0.0,57.94,15.13
ORD-102401,2025-06-15,CUST-0405,Home Office,West,Furniture,4,326.39,0.1,1175.0,-30.95
ORD-103774,2025-06-15,CUST-0563,Corporate,North,Office Supplies,9,73.26,0.0,659.34,163.44
ORD-104710,2025-06-16,CUST-0713,Corporate,North,Office Supplies,6,121.5,0.1,656.1,79.15
ORD-104268,2025-06-16,CUST-0021,Consumer,Central,Furniture,7,241.14,0.0,1687.98,296.58
ORD-103465,2025-06-16,CUST-0684,Consumer,Central,Furniture,7,444.14,0.0,3108.98,363.38
ORD-100626,2025-06-16,CUST-0229,Corporate,South,Office Supplies,5,50.56,0.0,252.8,50.64
ORD-101576,2025-06-16,CUST-0630,Consumer,North,Office Supplies,6,31.68,0.1,171.07,11.07
ORD-100992,2025-06-16,CUST-0733,Home Office,East,Office Supplies,7,110.28,0.0,771.96,163.59
ORD-102257,2025-06-16,CUST-0428,Consumer,Central,Office Supplies,4,99.41,0.1,357.88,17.75
ORD-100989,2025-06-17,CUST-0689,Corporate,South,Furniture,10,533.59,0.1,4802.31,299.55
ORD-101350,2025-06-18,CUST-0499,Consumer,West,Furniture,8,521.1,0.1,3751.92,-90.08
ORD-103838,2025-06-18,CUST-0562,Consumer,East,Office Supplies,1,82.85,0.0,82.85,17.21
ORD-101697,2025-06-18,CUST-0081,Consumer,East,Technology,6,391.82,0.0,2350.92,488.3
ORD-100345,2025-06-18,CUST-0670,Consumer,North,Furniture,8,223.7,0.0,1789.6,255.51
ORD-104139,2025-06-19,CUST-0567,Consumer,South,Office Supplies,9,109.44,0.0,984.96,131.01
ORD-101415,2025-06-19,CUST-0672,Corporate,East,Technology,2,683.37,0.1,1230.07,-14.4
ORD-103738,2025-06-19,CUST-0539,Consumer,North,Office Supplies,4,26.15,0.1,94.14,13.57
ORD-102355,2025-06-19,CUST-0288,Home Office,East,Office Supplies,7,144.28,0.3,706.97,-65.16
ORD-103535,2025-06-19,CUST-0381,Consumer,South,Office Supplies,3,15.12,0.05,43.09,7.3
ORD-103346,2025-06-19,CUST-0385,Consumer,Central,Office Supplies,1,18.75,0.0,18.75,2.63
ORD-101781,2025-06-20,CUST-0774,Corporate,West,Furniture,1,191.37,0.1,172.23,7.63
ORD-101647,2025-06-20,CUST-0140,Consumer,North,Office Supplies,5,66.68,0.1,300.06,34.99
ORD-104024,2025-06-20,CUST-0473,Corporate,Central,Furniture,1,221.35,0.2,177.08,-27.5
ORD-100841,2025-06-20,CUST-0308,Consumer,Central,Office Supplies,4,146.7,0.0,586.8,95.15
ORD-102960,2025-06-21,CUST-0556,Corporate,South,Office Supplies,4,17.7,0.0,70.8,13.46
ORD-101102,2025-06-21,CUST-0778,Corporate,North,Office Supplies,1,46.05,0.0,46.05,11.75
ORD-100241,2025-06-21,CUST-0499,Consumer,West,Furniture,3,258.16,0.1,697.03,-71.55
ORD-102755,2025-06-21,CUST-0701,Consumer,South,Furniture,7,452.29,0.0,3166.03,257.24
ORD-104311,2025-06-22,CUST-0596,Home Office,West,Office Supplies,6,130.18,0.05,742.03,70.88
ORD-104121,2025-06-22,CUST-0137,Consumer,East,Technology,2,316.13,0.2,505.81,49.57
ORD-103809,2025-06-22,CUST-0383,Consumer,East,Office Supplies,5,18.23,0.1,82.04,4.31
ORD-104400,2025-06-22,CUST-0073,Consumer,South,Furniture,1,279.34,0.2,223.47,-18.53
ORD-100867,2025-06-22,CUST-0342,Consumer,East,Office Supplies,6,25.94,0.2,124.51,-4.03
ORD-102947,2025-06-23,CUST-0455,Home Office,South,Technology,5,418.43,0.05,1987.54,421.63
ORD-101875,2025-06-23,CUST-0316,Consumer,Central,Office Supplies,9,49.73,0.3,313.3,-46.76
ORD-102647,2025-06-23,CUST-0088,Home Office,South,Furniture,1,508.88,0.0,508.88,74.25
ORD-104128,2025-06-23,CUST-0307,Corporate,South,Office Supplies,10,77.56,0.0,775.6,137.63
ORD-102771,2025-06-24,CUST-0702,Home Office,South,Technology,6,960.48,0.0,5762.88,1714.44
ORD-100357,2025-06-24,CUST-0404,Corporate,West,Office Supplies,5,59.58,0.0,297.9,49.83
ORD-102153,2025-06-24,CUST-0501,Corporate,South,Office Supplies,4,66.28,0.0,265.12,40.91
ORD-103725,2025-06-24,CUST-0069,Home Office,North,Furniture,6,563.19,0.1,3041.23,-120.77
ORD-103555,2025-06-24,CUST-0439,Consumer,North,Office Supplies,7,72.64,0.0,508.48,95.23
ORD-100788,2025-06-24,CUST-0096,Home Office,North,Office Supplies,2,50.16,0.05,95.3,10.22
ORD-100505,2025-06-25,CUST-0207,Consumer,East,Office Supplies,10,21.51,,215.1,49.22
ORD-102680,2025-06-25,CUST-0422,Consumer,South,Office Supplies,1,149.83,0.0,149.83,31.66
ORD-104249,2025-06-25,CUST-0233,Consumer,West,Office Supplies,5,132.66,0.05,630.13,86.34
ORD-104059,2025-06-25,CUST-0720,Home Office,East,Technology,5,134.48,0.0,672.4,117.14
ORD-100342,2025-06-26,CUST-0671,Home Office,North,Technology,5,895.46,0.0,4477.3,1229.62
ORD-103585,2025-06-26,CUST-0572,Corporate,South,Furniture,4,170.46,0.1,613.66,31.79
ORD-104945,2025-06-26,CUST-0283,Corporate,West,Office Supplies,2,61.8,0.05,117.42,8.32
ORD-100429,2025-06-26,CUST-0324,Consumer,West,Office Supplies,8,47.08,0.0,376.64,71.69
ORD-100641,2025-06-26,CUST-0070,Home Office,South,Furniture,9,237.12,0.3,1493.86,-278.04
ORD-101450,2025-06-26,CUST-0620,Corporate,North,Technology,4,138.69,0.2,443.81,-0.01
ORD-100297,2025-06-27,CUST-0716,Consumer,East,Technology,10,600.14,0.0,6001.4,1541.21
ORD-100425,2025-06-27,CUST-0771,Consumer,West,Office Supplies,10,141.34,0.05,1342.73,95.25
ORD-103323,2025-06-27,CUST-0707,Consumer,East,Furniture,4,495.39,0.3,1387.09,-196.11
ORD-103717,2025-06-27,CUST-0173,Home Office,North,Furniture,7,486.24,0.0,3403.68,502.35
ORD-100629,2025-06-27,CUST-0277,Consumer,East,Office Supplies,2,33.24,0.05,63.16,12.28
ORD-101147,2025-06-27,CUST-0691,Corporate,Central,Technology,3,584.54,0.3,1227.53,-7.44
ORD-103247,2025-06-27,CUST-0343,Consumer,South,Technology,5,520.36,0.2,2081.44,22.83
ORD-104651,2025-06-28,CUST-0280,Corporate,North,Office Supplies,5,117.51,0.0,587.55,125.71
ORD-102487,2025-06-28,CUST-0634,Home Office,East,Office Supplies,4,120.72,0.0,482.88,77.25
ORD-101908,2025-06-28,CUST-0423,Home Office,South,Office Supplies,2,36.49,0.0,72.98,12.33
ORD-101649,2025-06-28,CUST-0293,Consumer,North,Office Supplies,9,45.62,0.05,390.05,46.05
ORD-100235,2025-06-30,CUST-0614,Corporate,South,Office Supplies,1,65.17,0.2,52.14,0.86
ORD-103255,2025-06-30,CUST-0467,Corporate,Central,Office Supplies,7,25.63,0.2,143.53,-0.32
ORD-104726,2025-06-30,CUST-0288,Home Office,East,Office Supplies,10,140.88,0.1,1267.92,171.14
ORD-100213,2025-06-30,CUST-0132,Corporate,Central,Technology,9,212.68,0.05,1818.41,298.79
ORD-103856,2025-06-30,CUST-0087,Consumer,Central,Furniture,8,538.43,0.0,4307.44,861.18
ORD-103590,2025-06-30,CUST-0159,Consumer,South,Office Supplies,2,95.99,0.1,172.78,16.15
ORD-103638,2025-07-01,CUST-0021,Consumer,Central,Office Supplies,8,95.68,0.05,727.17,63.89
ORD-100326,2025-07-01,CUST-0695,Home Office,North,Office Supplies,10,80.64,0.05,766.08,122.03
ORD-100045,2025-07-01,CUST-0704,Corporate,Central,Technology,9,1062.89,0.1,8609.41,1249.75
ORD-102404,2025-07-02,CUST-0248,Corporate,Central,Office Supplies,7,93.63,0.05,622.64,98.32
ORD-102665,2025-07-02,CUST-0408,Home Office,East,Office Supplies,8,10.41,0.1,74.95,7.82
ORD-104852,2025-07-02,CUST-0553,Home Office,West,Furniture,4,164.08,0.1,590.69,13.64
ORD-101265,2025-07-03,CUST-0337,Consumer,West,Furniture,8,459.42,0.1,3307.82,410.32
ORD-103592,2025-07-03,CUST-0407,Corporate,Central,Furniture,9,597.01,0.3,3761.16,-1224.41
ORD-104201,2025-07-03,CUST-0272,Consumer,West,Office Supplies,1,77.31,0.2,61.85,0.06
ORD-102143,2025-07-03,CUST-0041,Home Office,Central,Office Supplies,1,17.12,0.1,15.41,2.65
ORD-102102,2025-07-04,CUST-0121,Consumer,Central,Office Supplies,10,67.19,0.0,671.9,95.97
ORD-104272,2025-07-04,CUST-0454,Consumer,Central,Office Supplies,7,43.14,0.0,301.98,47.38
ORD-104185,2025-07-04,CUST-0670,Consumer,North,Office Supplies,9,74.5,0.05,636.98,100.78
ORD-102721,2025-07-05,CUST-0279,Consumer,North,Furniture,9,454.59,0.2,3273.05,-230.38
ORD-100666,2025-07-05,CUST-0358,Consumer,South,Office Supplies,4,131.91,0.2,422.11,0.04
ORD-103225,2025-07-05,CUST-0408,Home Office,East,Technology,5,1193.75,0.1,5371.88,856.8
ORD-100167,2025-07-06,CUST-0042,Consumer,North,Technology,1,1010.07,0.0,1010.07,125.23
ORD-101373,2025-07-07,CUST-0056,Home Office,East,Office Supplies,7,95.61,0.0,669.27,103.88
ORD-104294,2025-07-07,CUST-0280,Corporate,North,Office Supplies,8,25.55,0.0,204.4,48.34
ORD-103507,2025-07-08,CUST-0728,Consumer,Central,Technology,4,190.96,0.05,725.65,110.62
ORD-101622,2025-07-08,CUST-0623,Corporate,North,Furniture,9,250.0,0.05,2137.5,173.57
ORD-102026,2025-07-08,CUST-0137,Consumer,East,Office Supplies,3,51.75,0.0,155.25,29.41
ORD-103901,2025-07-08,CUST-0477,Home Office,West,Office Supplies,3,39.38,0.05,112.23,16.68
ORD-104666,2025-07-09,CUST-0229,Corporate,South,Technology,1,1188.65,0.05,1129.22,171.89
ORD-101341,2025-07-09,CUST-0493,Consumer,Central,Technology,7,1004.58,0.1,6328.85,855.43
ORD-101933,2025-07-09,CUST-0619,Consumer,Central,Office Supplies,10,132.85,0.1,1195.65,110.86
ORD-104339,2025-07-10,CUST-0018,Corporate,South,Office Supplies,10,83.38,0.2,667.04,14.3
ORD-101753,2025-07-10,CUST-0486,Consumer,South,Furniture,8,139.74,0.2,894.34,-36.13
ORD-104978,2025-07-10,CUST-0102,Home Office,Central,Office Supplies,6,123.39,0.1,666.31,54.39
ORD-103221,2025-07-10,CUST-0573,Consumer,East,Office Supplies,1,105.04,0.3,73.53,-4.92
ORD-103405,2025-07-11,CUST-0784,Corporate,South,Office Supplies,1,78.03,0.0,78.03,14.58
ORD-101598,2025-07-11,CUST-0457,Consumer,Central,Office Supplies,6,16.39,0.0,98.34,14.35
ORD-103565,2025-07-11,CUST-0494,Home Office,West,Furniture,1,370.48,0.0,370.48,44.47
ORD-101504,2025-07-11,CUST-0234,Consumer,Central,Office Supplies,7,36.55,0.1,230.26,8.47
ORD-102828,2025-07-11,CUST-0417,Home Office,South,Office Supplies,4,15.86,0.05,60.27,11.46
ORD-102703,2025-07-11,CUST-0736,Consumer,West,Furniture,7,370.16,0.2,2072.9,-243.97
ORD-103906,2025-07-12,CUST-0708,Consumer,North,Office Supplies,8,127.09,0.2,813.38,71.96
ORD-100786,2025-07-12,CUST-0005,Corporate,Central,Office Supplies,5,29.43,0.0,147.15,10.2
ORD-100082,2025-07-13,CUST-0175,Consumer,South,Office Supplies,6,109.6,0.3,460.32,-61.66
ORD-104563,2025-07-13,CUST-0069,Home Office,North,Technology,8,606.2,0.0,4849.6,1110.52
ORD-102652,2025-07-13,CUST-0680,Consumer,North,Furniture,4,223.66,0.0,894.64,69.42
ORD-100712,2025-07-14,CUST-0503,Consumer,South,Furniture,7,128.85,0.05,856.85,86.75
ORD-102942,2025-07-14,CUST-0050,Consumer,Central,Technology,9,645.15,0.2,4645.08,54.78
ORD-104804,2025-07-14,CUST-0135,Consumer,South,Furniture,5,426.16,0.1,1917.72,-71.85
ORD-104915,2025-07-14,CUST-0646,Corporate,North,Furniture,10,249.29,0.0,2492.9,399.5
ORD-101603,2025-07-14,CUST-0485,Corporate,South,Office Supplies,1,40.78,0.2,32.62,-0.26
ORD-102484,2025-07-15,CUST-0342,Consumer,East,Furniture,10,94.72,0.1,852.48,-29.21
ORD-103072,2025-07-15,CUST-0373,Consumer,East,Technology,10,1180.87,0.0,11808.7,3050.11
ORD-104267,2025-07-15,CUST-0338,Corporate,East,Furniture,5,366.33,0.1,1648.48,1.06
ORD-101538,2025-07-15,CUST-0667,Corporate,Central,Technology,1,905.96,0.0,905.96,211.98
ORD-102852,2025-07-15,CUST-0227,Consumer,West,Office Supplies,1,115.18,0.05,109.42,21.2
ORD-103495,2025-07-16,CUST-0421,Corporate,South,Furniture,3,531.24,0.0,1593.72,156.21
ORD-102195,2025-07-16,CUST-0431,Consumer,North,Office Supplies,2,125.13,0.05,237.75,15.96
ORD-103642,2025-07-16,CUST-0786,Consumer,North,Furniture,9,199.11,0.05,1702.39,77.73
ORD-101097,2025-07-16,CUST-0537,Consumer,Central,Technology,8,229.76,0.2,1470.46,70.73
ORD-104263,2025-07-17,CUST-0533,Corporate,West,Office Supplies,2,135.68,0.3,189.95,-14.74
ORD-100256,2025-07-17,CUST-0625,Home Office,West,Office Supplies,2,37.95,0.1,68.31,5.31
ORD-102677,2025-07-18,CUST-0121,Consumer,,Technology,2,431.21,0.2,689.94,99.37
ORD-103773,2025-07-18,CUST-0341,Home Office,South,Furniture,2,401.81,0.0,803.62,75.43
ORD-100981,2025-07-19,CUST-0251,Home Office,South,Furniture,10,489.53,0.05,4650.53,262.58
ORD-102186,2025-07-19,CUST-0107,Corporate,West,Office Supplies,10,140.08,0.1,1260.72,173.69
ORD-102611,2025-07-20,CUST-0072,Home Office,West,Office Supplies,5,115.22,0.1,518.49,76.08
ORD-101168,2025-07-20,CUST-0592,Consumer,West,Furniture,1,362.03,0.05,343.93,6.28
ORD-102498,2025-07-20,CUST-0191,Consumer,North,Furniture,6,176.4,0.1,952.56,4.09
ORD-102975,2025-07-20,CUST-0528,Corporate,South,Furniture,5,558.39,0.0,2791.95,420.82
ORD-103909,2025-07-21,CUST-0574,Consumer,North,Office Supplies,6,64.83,0.05,369.53,55.43
ORD-103576,2025-07-21,CUST-0572,Corporate,South,Office Supplies,6,142.3,0.0,853.8,164.86
ORD-102696,2025-07-21,CUST-0402,Corporate,North,Office Supplies,8,65.42,0.3,366.35,-46.85
ORD-103724,2025-07-21,CUST-0297,Consumer,South,Furniture,6,542.27,0.2,2602.9,-318.32
ORD-101257,2025-07-21,CUST-0048,Consumer,Central,Furniture,3,246.85,0.0,740.55,146.6
ORD-104313,2025-07-21,CUST-0685,Consumer,South,Technology,1,165.53,0.0,165.53,45.32
ORD-103275,2025-07-21,CUST-0562,Consumer,East,Furniture,2,157.73,0.05,299.69,-2.15
ORD-101681,2025-07-22,CUST-0302,Home Office,Central,Office Supplies,1,44.96,0.3,31.47,-2.7
ORD-101540,2025-07-22,CUST-0653,Corporate,Central,Technology,5,764.25,0.05,3630.19,764.56
ORD-101143,2025-07-23,CUST-0016,Corporate,West,Office Supplies,1,94.29,0.2,75.43,-13.07
ORD-104576,2025-07-23,CUST-0265,Corporate,East,Office Supplies,3,51.76,0.2,124.22,-0.14
ORD-103429,2025-07-23,CUST-0502,Home Office,West,Office Supplies,3,17.33,0.0,51.99,11.52
ORD-103449,2025-07-23,CUST-0340,Consumer,South,Office Supplies,9,22.55,0.3,142.06,-10.29
ORD-103341,2025-07-23,CUST-0295,Corporate,West,Office Supplies,7,120.31,0.05,800.06,99.01
ORD-104039,2025-07-23,CUST-0443,Corporate,South,Office Supplies,1,83.47,0.3,58.43,-5.63
ORD-103636,2025-07-24,CUST-0099,Consumer,North,Furniture,6,559.27,0.0,3355.62,250.7
ORD-102991,2025-07-24,CUST-0010,Corporate,West,Office Supplies,8,120.41,0.0,963.28,178.05
ORD-101491,2025-07-24,CUST-0055,Corporate,North,Furniture,6,250.51,0.1,1352.75,-151.56
ORD-100631,2025-07-24,CUST-0317,Corporate,East,Furniture,5,401.72,0.3,1406.02,-140.28
ORD-101185,2025-07-25,CUST-0468,Home Office,Central,Office Supplies,6,104.98,0.0,629.88,27.56
ORD-102618,2025-07-25,CUST-0029,Consumer,Central,Office Supplies,2,64.91,0.05,123.33,26.63
ORD-101162,2025-07-25,CUST-0436,Consumer,North,Furniture,4,240.45,0.0,961.8,90.46
ORD-101166,2025-07-25,CUST-0763,Home Office,South,Furniture,1,308.67,0.05,293.24,-7.4
ORD-100013,2025-07-25,CUST-0620,Corporate,North,Office Supplies,6,60.95,0.0,365.7,71.45
ORD-102638,2025-07-25,CUST-0514,Consumer,West,Office Supplies,1,77.62,0.05,73.74,11.88
ORD-102177,2025-07-26,CUST-0279,Consumer,North,Technology,8,1190.13,0.0,9521.04,2312.22
ORD-104459,2025-07-27,CUST-0791,Corporate,East,Furniture,2,288.3,0.1,518.94,1.98
ORD-104320,2025-07-27,CUST-0794,Consumer,North,Office Supplies,10,134.01,0.0,1340.1,158.73
ORD-100261,2025-07-27,CUST-0240,Consumer,North,Technology,9,325.81,0.2,2345.83,152.76
ORD-101944,2025-07-27,CUST-0591,Consumer,South,Office Supplies,5,127.83,0.2,511.32,7.24
ORD-100396,2025-07-28,CUST-0599,Consumer,North,Technology,9,972.8,0.1,7879.68,777.55
ORD-100150,2025-07-29,CUST-0491,Corporate,East,Technology,3,641.19,0.0,1923.57,531.77
ORD-102332,2025-07-30,CUST-0512,Corporate,North,Office Supplies,9,20.97,0.05,179.29,25.01
ORD-101211,2025-07-30,CUST-0446,Consumer,Central,Office Supplies,4,64.03,0.2,204.9,0.81
ORD-101304,2025-07-30,CUST-0587,Home Office,South,Technology,9,642.83,0.0,5785.47,1691.4
ORD-104835,2025-07-30,CUST-0703,Consumer,West,Technology,4,174.25,0.0,697.0,144.1
ORD-102573,2025-07-30,CUST-0404,Corporate,West,Furniture,8,422.14,0.0,3377.12,278.44
ORD-103144,2025-07-30,CUST-0719,Consumer,Central,Technology,2,995.64,0.0,1991.28,415.5
ORD-102833,2025-07-30,CUST-0360,Corporate,Central,Office Supplies,4,135.35,0.05,514.33,109.5
ORD-103476,2025-07-30,CUST-0176,Corporate,East,Technology,1,767.72,,767.72,143.32
ORD-100018,2025-07-31,CUST-0651,Corporate,Central,Office Supplies,8,93.93,0.1,676.3,80.48
ORD-100519,2025-07-31,CUST-0156,Corporate,Central,Furniture,4,87.06,0.05,330.83,23.07
ORD-101769,2025-07-31,CUST-0394,Consumer,North,Technology,3,298.2,0.05,849.87,156.07
ORD-102466,2025-07-31,CUST-0656,Home Office,Central,Furniture,2,395.2,0.1,711.36,5.32
ORD-104111,2025-07-31,CUST-0307,Corporate,South,Office Supplies,4,132.11,0.1,475.6,20.92
ORD-104054,2025-08-01,CUST-0064,Consumer,West,Office Supplies,8,64.36,0.0,514.88,86.58
ORD-102430,2025-08-01,CUST-0221,Consumer,Central,Furniture,1,94.03,0.05,89.33,-4.95
ORD-104478,2025-08-01,CUST-0300,Consumer,West,Furniture,9,514.19,0.05,4396.32,240.31
ORD-104241,2025-08-01,CUST-0320,Consumer,East,Technology,6,242.43,0.0,1454.58,195.24
ORD-101202,2025-08-01,CUST-0329,Home Office,South,Office Supplies,6,18.15,0.1,98.01,7.31
ORD-103927,2025-08-01,CUST-0317,Corporate,East,Technology,3,1081.67,0.05,3082.76,684.54
ORD-104436,2025-08-02,CUST-0742,Home Office,North,Furniture,6,237.71,0.05,1354.95,81.71
ORD-100240,2025-08-02,CUST-0557,Corporate,South,Furniture,2,479.92,0.0,959.84,33.78
ORD-102528,2025-08-02,CUST-0577,Consumer,East,Office Supplies,10,40.13,0.0,401.3,60.38
ORD-102503,2025-08-02,CUST-0164,Home Office,East,Furniture,6,459.05,0.0,2754.3,336.68
ORD-103000,2025-08-02,CUST-0539,Consumer,North,Technology,5,516.07,0.2,2064.28,31.28
ORD-101410,2025-08-03,CUST-0072,Home Office,West,Technology,3,327.52,0.1,884.3,93.22
ORD-100166,2025-08-03,CUST-0288,Home Office,East,Furniture,8,397.98,0.0,3183.84,524.38
ORD-101814,2025-08-03,CUST-0110,Home Office,East,Office Supplies,5,28.63,0.0,143.15,20.71
ORD-101719,2025-08-03,CUST-0202,Corporate,East,Office Supplies,1,6.39,0.0,6.39,1.81
ORD-102360,2025-08-04,CUST-0019,Consumer,North,Technology,8,658.09,0.0,5264.72,1100.59
ORD-104432,2025-08-05,CUST-0729,Home Office,Central,Technology,7,300.02,0.0,2100.14,648.37
ORD-100193,2025-08-05,CUST-0552,Corporate,East,Furniture,2,329.09,0.0,658.18,-22.81
ORD-104349,2025-08-06,CUST-0287,Corporate,East,Furniture,6,345.7,0.1,1866.78,72.28
ORD-101142,2025-08-06,CUST-0651,Corporate,Central,Furniture,7,254.18,0.0,1779.26,257.76
ORD-103715,2025-08-06,CUST-0263,Consumer,South,Office Supplies,8,68.55,0.05,520.98,106.61
ORD-100044,2025-08-06,CUST-0429,Consumer,East,Office Supplies,4,85.21,0.05,323.8,13.63
ORD-101122,2025-08-07,CUST-0208,Consumer,Central,Office Supplies,9,60.11,0.1,486.89,27.41
ORD-100041,2025-08-07,CUST-0736,Consumer,West,Office Supplies,10,91.76,0.05,871.72,85.67
ORD-101869,2025-08-07,CUST-0215,Consumer,South,Office Supplies,8,5.41,0.1,38.95,3.13
ORD-100290,2025-08-08,CUST-0258,Consumer,Central,Office Supplies,4,110.22,0.0,440.88,114.51
ORD-101594,2025-08-09,CUST-0485,Corporate,South,Furniture,1,548.2,0.0,548.2,19.17
ORD-103401,2025-08-09,CUST-0188,Corporate,West,Technology,3,815.61,0.0,2446.83,444.91
ORD-101394,2025-08-09,CUST-0468,Home Office,Central,Office Supplies,1,88.17,0.0,88.17,20.67
ORD-101614,2025-08-10,CUST-0618,Consumer,South,Office Supplies,3,65.3,0.3,137.13,-3.41
ORD-102347,2025-08-11,CUST-0343,Consumer,South,Technology,3,464.76,0.1,1254.85,265.92
ORD-102581,2025-08-11,CUST-0576,Consumer,East,Office Supplies,6,122.13,0.0,732.78,100.1
ORD-104193,2025-08-11,CUST-0384,Corporate,Central,Furniture,8,191.45,0.05,1455.02,69.86
ORD-103623,2025-08-11,CUST-0229,Corporate,South,Technology,1,214.56,0.0,214.56,54.86
ORD-102790,2025-08-11,CUST-0054,Consumer,West,Furniture,4,319.46,0.1,1150.06,19.65
ORD-100824,2025-08-11,CUST-0550,Corporate,Central,Furniture,2,581.45,0.1,1046.61,6.9
ORD-104092,2025-08-11,CUST-0124,Consumer,Central,Technology,2,429.57,0.0,859.14,226.15
ORD-103781,2025-08-11,CUST-0498,Consumer,West,Office Supplies,5,15.28,0.05,72.58,9.64
ORD-102515,2025-08-12,CUST-0089,Corporate,East,Furniture,3,424.6,0.0,1273.8,50.97
ORD-100539,2025-08-12,CUST-0393,Consumer,North,Office Supplies,2,6.41,0.3,8.97,-0.67
ORD-101573,2025-08-12,CUST-0704,Corporate,Central,Technology,7,846.54,0.0,5925.78,841.53
ORD-100407,2025-08-12,CUST-0368,Consumer,East,Technology,9,344.45,0.3,2170.04,-157.5
ORD-102752,2025-08-13,CUST-0290,Consumer,Central,Technology,3,325.63,0.0,976.89,222.11
ORD-100507,2025-08-13,CUST-0644,Consumer,West,Technology,1,1162.2,0.2,929.76,82.01
ORD-103568,2025-08-13,CUST-0462,Consumer,West,Furniture,6,484.86,0.05,2763.7,-50.26
ORD-101351,2025-08-13,CUST-0724,Home Office,South,Furniture,5,520.18,0.1,2340.81,2.36
ORD-101391,2025-08-13,CUST-0233,Consumer,West,Furniture,8,411.41,0.05,3126.72,277.43
ORD-103528,2025-08-13,CUST-0528,Corporate,South,Office Supplies,5,141.41,0.05,671.7,45.64
ORD-102182,2025-08-14,CUST-0041,Home Office,Central,Office Supplies,4,46.8,0.0,187.2,33.7
ORD-103482,2025-08-14,CUST-0108,Consumer,North,Office Supplies,7,126.6,0.05,841.89,84.61
ORD-100433,2025-08-14,CUST-0301,Consumer,Central,Office Supplies,4,87.63,0.1,315.47,49.81
ORD-101103,2025-08-15,CUST-0052,Corporate,South,Office Supplies,3,15.04,0.05,42.86,4.1
ORD-100542,2025-08-15,CUST-0526,Consumer,Central,Furniture,8,506.21,0.0,4049.68,416.37
ORD-104328,2025-08-16,CUST-0017,Home Office,West,Furniture,5,370.28,0.0,1851.4,260.18
ORD-102660,2025-08-17,CUST-0361,Corporate,North,Office Supplies,9,34.02,0.0,306.18,45.1
ORD-104334,2025-08-17,CUST-0527,Consumer,North,Furniture,7,301.09,0.0,2107.63,280.33
ORD-102768,2025-08-18,CUST-0490,Home Office,South,Office Supplies,2,57.13,0.1,102.83,14.67
ORD-100749,2025-08-18,CUST-0521,Consumer,Central,Technology,2,903.59,0.1,1626.46,312.4
ORD-103819,2025-08-18,CUST-0297,Consumer,South,Furniture,10,509.72,0.1,4587.48,-179.6
ORD-104450,2025-08-19,CUST-0565,Home Office,South,Office Supplies,4,109.13,0.1,392.87,35.95
ORD-100511,2025-08-19,CUST-0701,Consumer,South,Technology,8,672.05,0.2,4301.12,165.35
ORD-104384,2025-08-19,CUST-0554,Corporate,North,Technology,8,1155.02,0.05,8778.15,1193.48
ORD-101785,2025-08-19,CUST-0415,Home Office,West,Office Supplies,4,124.76,0.2,399.23,-14.41
ORD-101412,2025-08-19,CUST-0647,Consumer,West,Technology,8,1189.37,0.05,9039.21,506.44
ORD-102000,2025-08-20,CUST-0407,Corporate,Central,Office Supplies,9,137.0,0.05,1171.35,270.24
ORD-102273,2025-08-20,CUST-0766,Home Office,West,Technology,10,601.01,0.3,4207.07,-138.78
ORD-102053,2025-08-20,CUST-0122,Corporate,North,Furniture,7,360.17,0.1,2269.07,59.16
ORD-104798,2025-08-20,CUST-0159,Consumer,South,Furniture,9,552.92,0.05,4727.47,361.82
ORD-103136,2025-08-20,CUST-0498,Consumer,West,Office Supplies,1,78.58,0.0,78.58,9.8
ORD-101083,2025-08-21,CUST-0440,Corporate,North,Furniture,9,503.81,0.1,4080.86,259.73
ORD-100294,2025-08-21,CUST-0621,Consumer,South,Technology,1,519.47,0.0,519.47,26.35
ORD-100562,2025-08-21,CUST-0262,Home Office,North,Office Supplies,5,34.36,0.0,171.8,34.69
ORD-102741,2025-08-22,CUST-0705,Consumer,Central,Technology,3,1093.98,0.2,2625.55,178.53
ORD-102139,2025-08-22,CUST-0110,Home Office,East,Office Supplies,1,105.81,0.2,84.65,-8.1
ORD-100571,2025-08-22,CUST-0090,Consumer,Central,Office Supplies,5,121.18,0.0,605.9,121.15
ORD-104650,2025-08-22,CUST-0435,Corporate,South,Office Supplies,1,63.91,0.0,63.91,12.31
ORD-101998,2025-08-24,CUST-0286,Home Office,South,Office Supplies,7,94.83,0.2,531.05,-3.86
ORD-104885,2025-08-24,CUST-0572,Corporate,South,Office Supplies,10,48.01,0.0,480.1,70.6
ORD-100921,2025-08-24,CUST-0549,Corporate,East,Office Supplies,6,80.78,0.2,387.74,-9.04
ORD-101017,2025-08-24,CUST-0629,Corporate,West,Furniture,4,465.6,0.0,1862.4,162.98
ORD-102649,2025-08-25,CUST-0479,Home Office,North,Office Supplies,9,58.69,0.0,528.21,134.96
ORD-100941,2025-08-25,CUST-0507,Corporate,East,Furniture,8,454.51,0.2,2908.86,85.16
ORD-104037,2025-08-25,CUST-0022,Consumer,Central,Office Supplies,10,104.04,0.0,1040.4,213.77
ORD-103325,2025-08-25,CUST-0109,Consumer,East,Office Supplies,10,7.03,0.05,66.78,12.92
ORD-101657,2025-08-25,CUST-0421,Corporate,South,Office Supplies,7,49.65,0.2,278.04,-12.58
ORD-102794,2025-08-25,CUST-0371,Consumer,West,Office Supplies,9,20.88,0.3,131.54,-2.49
ORD-104254,2025-08-25,CUST-0642,Consumer,Central,Office Supplies,10,148.62,0.0,1486.2,209.57
ORD-101577,2025-08-27,CUST-0650,Consumer,South,Technology,2,973.69,0.1,1752.64,327.78
ORD-101666,2025-08-27,CUST-0268,Consumer,West,Office Supplies,1,122.17,0.1,109.95,12.84
ORD-102380,2025-08-27,CUST-0039,Consumer,West,Office Supplies,3,35.2,0.0,105.6,13.87
ORD-104574,2025-08-28,CUST-0752,Consumer,West,Office Supplies,9,39.48,0.05,337.55,53.13
ORD-100324,2025-08-28,CUST-0402,Corporate,North,Office Supplies,3,85.88,0.1,231.88,14.51
ORD-103327,2025-08-28,CUST-0680,Consumer,North,Technology,2,392.08,0.05,744.95,138.22
ORD-101902,2025-08-28,CUST-0192,Consumer,East,Office Supplies,10,104.05,0.1,936.45,24.4
ORD-101967,2025-08-28,CUST-0270,Corporate,West,Furniture,3,588.53,0.1,1589.03,-19.05
ORD-103887,2025-08-29,CUST-0478,Home Office,North,Technology,6,176.97,0.3,743.27,-91.12
ORD-101854,2025-08-29,CUST-0584,Corporate,North,Office Supplies,6,103.72,0.05,591.2,81.67
ORD-100773,2025-08-29,CUST-0069,Home Office,North,Furniture,6,96.73,0.0,580.38,53.94
ORD-104626,2025-08-29,CUST-0579,Home Office,Central,Office Supplies,9,63.87,0.0,574.83,105.36
ORD-101958,2025-08-29,CUST-0011,Corporate,Central,Technology,2,847.87,0.0,1695.74,400.14
ORD-104582,2025-08-29,CUST-0164,Home Office,East,Office Supplies,9,141.48,0.0,1273.32,292.73
ORD-104055,2025-08-29,CUST-0201,Consumer,East,Office Supplies,4,117.84,0.0,471.36,55.5
ORD-100427,2025-08-29,CUST-0729,Home Office,,Office Supplies,8,89.8,0.2,574.72,-34.83
ORD-104491,2025-08-30,CUST-0790,Consumer,West,Office Supplies,6,19.57,0.0,117.42,14.49
ORD-100578,2025-08-30,CUST-0403,Home Office,Central,Technology,9,800.2,0.1,6481.62,974.68
ORD-103092,2025-08-30,CUST-0772,Consumer,North,Office Supplies,1,67.47,0.0,67.47,13.61
ORD-100389,2025-08-30,CUST-0705,Consumer,Central,Technology,10,307.35,0.05,2919.82,451.72
ORD-104523,2025-08-30,CUST-0662,Corporate,East,Furniture,3,546.94,0.1,1476.74,-134.25
ORD-103419,2025-08-30,CUST-0126,Consumer,East,Technology,4,958.6,0.0,3834.4,992.66
ORD-101888,2025-08-30,CUST-0714,Corporate,North,Furniture,4,151.33,0.1,544.79,14.47
ORD-100947,2025-08-31,CUST-0167,Corporate,Central,Office Supplies,4,126.3,0.0,505.2,87.61
ORD-101665,2025-08-31,CUST-0267,Corporate,East,Furniture,6,546.61,0.05,3115.68,4.44
ORD-100279,2025-08-31,CUST-0675,Consumer,West,Office Supplies,6,136.78,0.0,820.68,125.82
ORD-100440,2025-08-31,CUST-0397,Corporate,North,Technology,2,656.86,0.1,1182.35,131.41
ORD-103722,2025-08-31,CUST-0665,Consumer,South,Technology,3,447.19,0.05,1274.49,195.25
ORD-103714,2025-09-01,CUST-0144,Corporate,East,Office Supplies,7,100.41,0.0,702.87,153.23
ORD-104002,2025-09-01,CUST-0072,Home Office,West,Office Supplies,9,34.09,0.1,276.13,34.07
ORD-100574,2025-09-01,CUST-0486,Consumer,South,Office Supplies,9,63.51,0.05,543.01,75.56
ORD-101982,2025-09-01,CUST-0386,Consumer,East,Office Supplies,8,9.11,0.0,72.88,8.96
ORD-101319,2025-09-01,CUST-0598,Corporate,East,Office Supplies,6,55.35,0.0,332.1,68.4
ORD-103549,2025-09-01,CUST-0414,Home Office,East,Technology,9,994.78,0.0,8953.02,1179.18
ORD-100927,2025-09-01,CUST-0592,Consumer,West,Technology,2,706.8,0.0,1413.6,418.31
ORD-102091,2025-09-02,CUST-0311,Consumer,East,Office Supplies,7,133.84,0.1,843.19,72.24
ORD-100654,2025-09-02,CUST-0203,Corporate,West,Office Supplies,9,140.26,0.0,1262.34,310.28
ORD-101255,2025-09-02,CUST-0615,Consumer,North,Technology,1,505.81,0.2,404.65,25.66
ORD-102351,2025-09-03,CUST-0793,Consumer,South,Technology,8,590.6,0.2,3779.84,171.7
ORD-100775,2025-09-03,CUST-0153,Corporate,South,Office Supplies,6,120.59,0.1,651.19,78.87
ORD-100072,2025-09-03,CUST-0294,Consumer,East,Office Supplies,5,92.89,0.2,371.56,15.22
ORD-100656,2025-09-03,CUST-0616,Home Office,West,Office Supplies,4,26.07,0.2,83.42,2.31
ORD-104318,2025-09-03,CUST-0101,Home Office,West,Technology,7,815.68,0.0,5709.76,1300.28
ORD-102681,2025-09-03,CUST-0699,Consumer,North,Furniture,9,251.24,0.0,2261.16,256.14
ORD-101074,2025-09-04,CUST-0176,Corporate,East,Office Supplies,6,125.55,0.0,753.3,120.1
ORD-103499,2025-09-04,CUST-0554,Corporate,North,Office Supplies,4,136.47,0.1,491.29,81.28
ORD-102917,2025-09-04,CUST-0409,Corporate,East,Furniture,4,537.55,0.1,1935.18,2.53
ORD-104246,2025-09-04,CUST-0462,Consumer,West,Technology,1,475.47,0.2,380.38,33.53
ORD-104991,2025-09-05,CUST-0596,Home Office,West,Office Supplies,5,52.38,0.2,209.52,-1.3
ORD-103372,2025-09-05,CUST-0022,Consumer,Central,Technology,3,121.91,0.3,256.01,-21.78
ORD-104693,2025-09-05,CUST-0272,Consumer,West,Furniture,5,558.22,0.2,2232.88,-252.0
ORD-104137,2025-09-06,CUST-0342,Consumer,East,Technology,1,602.63,0.2,482.1,5.83
ORD-102073,2025-09-06,CUST-0730,Corporate,North,Office Supplies,7,22.2,0.1,139.86,6.54
ORD-103492,2025-09-06,CUST-0294,Consumer,East,Furniture,9,217.52,0.0,1957.68,304.09
ORD-101335,2025-09-06,CUST-0714,Corporate,North,Office Supplies,9,6.26,0.05,53.52,6.29
ORD-100779,2025-09-06,CUST-0745,Home Office,West,Office Supplies,5,73.11,0.0,365.55,66.19
ORD-104277,2025-09-07,CUST-0570,Home Office,Central,Technology,9,1174.24,0.0,10568.16,2418.86
ORD-104498,2025-09-07,CUST-0779,Home Office,North,Furniture,4,515.95,0.1,1857.42,26.68
ORD-101788,2025-09-07,CUST-0424,Corporate,East,Office Supplies,10,56.04,0.0,560.4,106.22
ORD-100115,2025-09-07,CUST-0440,Corporate,North,Technology,3,1163.51,0.1,3141.48,719.21
ORD-104688,2025-09-07,CUST-0288,Home Office,East,Technology,3,984.62,0.0,2953.86,791.22
ORD-101496,2025-09-07,CUST-0329,Home Office,South,Furniture,3,567.64,0.05,1617.77,79.91
ORD-100520,2025-09-07,CUST-0793,Consumer,South,Office Supplies,6,66.99,0.2,321.55,13.44
ORD-103742,2025-09-07,CUST-0303,Consumer,East,Technology,9,783.62,0.0,7052.58,1707.87
ORD-102155,2025-09-08,CUST-0287,Corporate,East,Technology,3,1091.34,0.0,3274.02,1039.55
ORD-104606,2025-09-08,CUST-0742,Home Office,North,Office Supplies,5,93.29,0.2,373.16,-12.45
ORD-100645,2025-09-09,CUST-0692,Home Office,South,Office Supplies,7,61.32,0.1,386.32,60.42
ORD-100304,2025-09-09,CUST-0786,Consumer,North,Furniture,2,100.38,0.0,200.76,1.9
ORD-100852,2025-09-10,CUST-0739,Corporate,South,Office Supplies,4,66.36,0.05,252.17,18.9
ORD-102577,2025-09-10,CUST-0268,Consumer,West,Furniture,6,566.95,0.1,3061.53,175.97
ORD-103148,2025-09-10,CUST-0287,Corporate,East,Furniture,4,163.3,0.0,653.2,84.05
ORD-104956,2025-09-10,CUST-0285,Consumer,North,Office Supplies,6,124.37,0.05,708.91,8.95
ORD-104940,2025-09-10,CUST-0272,Consumer,West,Furniture,7,173.16,0.0,1212.12,161.98
ORD-100002,2025-09-10,CUST-0417,Home Office,South,Furniture,2,129.55,0.1,233.19,4.12
ORD-103649,2025-09-11,CUST-0460,Home Office,South,Furniture,5,80.69,0.0,403.45,50.16
ORD-101980,2025-09-11,CUST-0517,Corporate,East,Technology,3,814.65,0.1,2199.55,199.36
ORD-102070,2025-09-11,CUST-0295,Corporate,West,Furniture,2,578.5,0.0,1157.0,111.93
ORD-103027,2025-09-11,CUST-0602,Consumer,East,Office Supplies,10,33.04,0.05,313.88,32.74
ORD-101098,2025-09-12,CUST-0108,Consumer,North,Furniture,1,507.27,0.0,507.27,26.12
ORD-101865,2025-09-12,CUST-0248,Corporate,Central,Technology,5,1003.11,0.1,4514.0,737.25
ORD-101240,2025-09-12,CUST-0507,Corporate,East,Office Supplies,7,87.06,0.0,609.42,109.51
ORD-102714,2025-09-12,CUST-0337,Consumer,West,Office Supplies,6,81.77,0.0,490.62,42.46
ORD-104884,2025-09-12,CUST-0683,Corporate,East,Office Supplies,4,65.97,0.3,184.72,-22.76
ORD-104162,2025-09-12,CUST-0203,Corporate,West,Furniture,2,84.61,0.0,169.22,2.82
ORD-102278,2025-09-12,CUST-0130,Home Office,East,Office Supplies,8,16.01,0.0,128.08,25.76
ORD-100333,2025-09-13,CUST-0294,Consumer,East,Office Supplies,2,74.23,0.0,148.46,22.36
ORD-101165,2025-09-13,CUST-0260,Corporate,East,Technology,8,239.95,0.0,1919.6,498.55
ORD-101048,2025-09-13,CUST-0042,Consumer,North,Office Supplies,3,143.81,0.3,302.0,-20.7
ORD-103566,2025-09-13,CUST-0235,Home Office,Central,Office Supplies,9,5.53,0.0,49.77,9.57
ORD-103420,2025-09-13,CUST-0123,Consumer,West,Technology,10,482.6,0.05,4584.7,930.92
ORD-102617,2025-09-13,CUST-0280,Corporate,North,Furniture,8,388.23,0.0,3105.84,285.97
ORD-101631,2025-09-14,CUST-0636,Consumer,West,Office Supplies,3,104.0,0.1,280.8,45.79
ORD-102346,2025-09-15,CUST-0628,Corporate,North,Office Supplies,4,72.37,0.0,289.48,62.82
ORD-104273,2025-09-15,CUST-0109,Consumer,East,Office Supplies,8,132.22,0.0,1057.76,188.43
ORD-100742,2025-09-15,CUST-0393,Consumer,North,Office Supplies,8,23.2,0.05,176.32,29.57
ORD-102643,2025-09-16,CUST-0303,Consumer,East,Furniture,9,84.81,0.2,610.63,-49.61
ORD-103187,2025-09-17,CUST-0643,Consumer,North,Furniture,1,545.76,0.1,491.18,38.05
ORD-101452,2025-09-17,CUST-0616,Home Office,West,Furniture,9,514.68,0.1,4168.91,182.96
ORD-104610,2025-09-17,CUST-0642,Consumer,Central,Office Supplies,4,45.17,0.0,180.68,32.16
ORD-103550,2025-09-17,CUST-0423,Home Office,South,Furniture,10,409.82,0.0,4098.2,516.95
ORD-102471,2025-09-17,CUST-0061,Home Office,South,Office Supplies,10,16.23,0.0,162.3,27.94
ORD-104484,2025-09-18,CUST-0371,Consumer,West,Office Supplies,4,97.29,0.0,389.16,75.73
ORD-101727,2025-09-18,CUST-0588,Consumer,East,Office Supplies,5,109.66,0.1,493.47,48.57
ORD-103912,2025-09-19,CUST-0213,Consumer,South,Furniture,10,211.04,0.05,2004.88,212.35
ORD-100866,2025-09-19,CUST-0254,Home Office,West,Furniture,4,426.13,0.2,1363.62,-200.16
ORD-100639,2025-09-19,CUST-0263,Consumer,South,Technology,3,570.28,0.3,1197.59,-117.51
ORD-104117,2025-09-19,CUST-0468,Home Office,Central,Office Supplies,3,39.23,0.0,117.69,31.35
ORD-104537,2025-09-19,CUST-0731,Consumer,East,Office Supplies,3,97.99,0.05,279.27,49.2
ORD-101278,2025-09-20,CUST-0145,Corporate,South,Furniture,6,544.34,0.05,3102.74,241.44
ORD-101734,2025-09-20,CUST-0375,Corporate,West,Technology,5,340.79,0.05,1618.75,426.51
ORD-103381,2025-09-20,CUST-0361,Corporate,North,Office Supplies,6,57.41,0.0,344.46,57.47
ORD-101408,2025-09-21,CUST-0533,Corporate,West,Office Supplies,2,72.33,0.05,137.43,4.77
ORD-103176,2025-09-21,CUST-0681,Consumer,North,Office Supplies,10,102.16,0.0,1021.6,161.17
ORD-103921,2025-09-21,CUST-0286,Home Office,South,Office Supplies,4,32.94,0.2,105.41,12.55
ORD-101559,2025-09-21,CUST-0071,Corporate,South,Office Supplies,5,29.61,0.05,140.65,21.82
ORD-100606,2025-09-21,CUST-0423,Home Office,South,Office Supplies,9,43.72,,393.48,64.45
ORD-100251,2025-09-22,CUST-0034,Consumer,Central,Office Supplies,6,119.29,0.0,715.74,102.19
ORD-100245,2025-09-22,CUST-0346,Consumer,East,Office Supplies,9,119.75,0.2,862.2,-52.82
ORD-104237,2025-09-22,CUST-0184,Home Office,East,Technology,7,811.65,0.0,5681.55,1997.04
ORD-103710,2025-09-22,CUST-0020,Consumer,Central,Office Supplies,5,111.73,0.05,530.72,99.12
ORD-101669,2025-09-22,CUST-0440,Corporate,North,Office Supplies,10,48.23,0.1,434.07,58.5
ORD-104785,2025-09-22,CUST-0173,Home Office,North,Office Supplies,6,55.66,0.3,233.77,-16.4
ORD-102336,2025-09-23,CUST-0776,Consumer,South,Office Supplies,2,38.82,0.0,77.64,16.18
ORD-104748,2025-09-23,CUST-0239,Consumer,North,Office Supplies,1,67.16,0.0,67.16,15.51
ORD-103521,2025-09-23,CUST-0036,Home Office,Central,Office Supplies,8,50.29,0.0,402.32,74.52
ORD-103596,2025-09-24,CUST-0092,Home Office,East,Office Supplies,8,67.22,0.0,537.76,115.4
ORD-103074,2025-09-24,CUST-0757,Corporate,Central,Furniture,4,335.8,0.05,1276.04,-10.27
ORD-102274,2025-09-24,CUST-0523,Home Office,East,Office Supplies,3,82.78,0.0,248.34,56.55
ORD-102269,2025-09-24,CUST-0264,Consumer,North,Technology,9,777.61,0.05,6648.57,717.41
ORD-104655,2025-09-25,CUST-0344,Corporate,Central,Office Supplies,6,5.59,0.0,33.54,6.2
ORD-102756,2025-09-25,CUST-0202,Corporate,East,Furniture,7,492.52,0.05,3275.26,143.15
ORD-102699,2025-09-26,CUST-0552,Corporate,East,Office Supplies,7,87.36,0.0,611.52,143.36
ORD-101377,2025-09-27,CUST-0616,Home Office,West,Furniture,4,452.11,0.2,1446.75,6.57
ORD-102376,2025-09-28,CUST-0567,Consumer,South,Furniture,8,118.54,0.05,900.9,24.37
ORD-102212,2025-09-28,CUST-0190,Consumer,North,Office Supplies,7,43.81,0.1,276.0,12.71
ORD-101579,2025-09-29,CUST-0371,Consumer,West,Office Supplies,10,146.59,0.1,1319.31,176.74
ORD-102811,2025-09-29,CUST-0580,Home Office,West,Office Supplies,6,29.1,0.0,174.6,28.74
ORD-101194,2025-09-29,CUST-0028,Corporate,South,Office Supplies,2,65.26,0.1,117.47,10.14
ORD-102460,2025-09-29,CUST-0369,Corporate,South,Furniture,7,174.11,0.3,853.14,-154.12
ORD-104973,2025-09-29,CUST-0212,Corporate,Central,Furniture,8,413.71,0.1,2978.71,-239.97
ORD-104225,2025-09-29,CUST-0544,Consumer,Central,Furniture,2,296.17,0.0,592.34,63.07
ORD-100828,2025-09-30,CUST-0561,Corporate,East,Office Supplies,5,36.6,0.1,164.7,4.72
ORD-100278,2025-10-01,CUST-0273,Consumer,South,Office Supplies,8,145.91,0.3,817.1,-26.72
ORD-104408,2025-10-01,CUST-0701,Consumer,South,Office Supplies,7,91.45,0.3,448.1,-32.78
ORD-101192,2025-10-01,CUST-0543,Home Office,West,Furniture,8,169.18,0.05,1285.77,74.31
ORD-100197,2025-10-01,CUST-0663,Consumer,South,Technology,10,479.03,0.0,4790.3,1061.72
ORD-103090,2025-10-01,CUST-0057,Consumer,West,Office Supplies,8,98.46,0.05,748.3,89.08
ORD-100948,2025-10-01,CUST-0731,Consumer,East,Furniture,10,544.56,0.05,5173.32,574.54
ORD-100703,2025-10-01,CUST-0603,Corporate,West,Technology,2,912.15,0.2,1459.44,125.49
ORD-101708,2025-10-01,CUST-0342,Consumer,East,Office Supplies,2,57.0,0.0,114.0,24.36
ORD-104679,2025-10-01,CUST-0722,Corporate,South,Office Supplies,5,135.78,0.1,611.01,64.34
ORD-102949,2025-10-01,CUST-0093,Home Office,South,Office Supplies,6,144.83,0.1,782.08,95.37
ORD-102694,2025-10-01,CUST-0336,Consumer,East,Office Supplies,9,15.44,0.1,125.06,12.35
ORD-104668,2025-10-01,CUST-0451,Corporate,North,Office Supplies,9,9.96,0.05,85.16,10.0
ORD-101070,2025-10-01,CUST-0302,Home Office,Central,Technology,2,405.02,0.0,810.04,167.22
ORD-102979,2025-10-01,CUST-0793,Consumer,South,Technology,5,515.97,0.1,2321.87,378.32
ORD-101354,2025-10-01,CUST-0791,Corporate,East,Office Supplies,10,129.49,0.0,1294.9,133.04
ORD-100911,2025-10-02,CUST-0425,Home Office,West,Office Supplies,9,52.43,0.1,424.68,76.91
ORD-102235,2025-10-02,CUST-0106,Home Office,Central,Furniture,4,81.11,0.0,324.44,33.54
ORD-102692,2025-10-02,CUST-0774,Corporate,West,Office Supplies,8,74.87,0.05,569.01,70.22
ORD-103747,2025-10-02,CUST-0281,Corporate,West,Office Supplies,8,46.84,0.05,355.98,49.72
ORD-101678,2025-10-02,CUST-0061,Home Office,South,Office Supplies,4,56.23,0.3,157.44,-11.79
ORD-103948,2025-10-02,CUST-0236,Consumer,Central,Furniture,6,304.91,0.3,1280.62,-204.09
ORD-104571,2025-10-02,CUST-0731,Consumer,East,Office Supplies,7,148.62,0.2,832.27,-27.18
ORD-102620,2025-10-03,CUST-0687,Consumer,North,Technology,5,984.63,0.05,4676.99,817.9
ORD-104512,2025-10-03,CUST-0253,Home Office,East,Technology,4,325.37,0.0,1301.48,208.32
ORD-104442,2025-10-03,CUST-0354,Consumer,West,Furniture,7,577.87,0.0,4045.09,78.86
ORD-104347,2025-10-03,CUST-0520,Corporate,Central,Office Supplies,3,82.58,0.1,222.97,8.27
ORD-103675,2025-10-03,CUST-0509,Home Office,South,Furniture,5,459.74,0.2,1838.96,-322.68
ORD-103404,2025-10-03,CUST-0385,Consumer,Central,Office Supplies,5,15.25,0.0,76.25,6.78
ORD-101338,2025-10-03,CUST-0555,Home Office,West,Office Supplies,9,61.79,0.1,500.5,65.01
ORD-103248,2025-10-04,CUST-0495,Consumer,Central,Office Supplies,10,38.03,0.2,304.24,14.0
ORD-102164,2025-10-04,CUST-0094,Home Office,West,Office Supplies,1,99.77,0.1,89.79,9.42
ORD-103658,2025-10-04,CUST-0073,Consumer,South,Office Supplies,2,95.28,0.05,181.03,24.24
ORD-103444,2025-10-04,CUST-0314,Consumer,Central,Technology,3,864.53,0.0,2593.59,456.38
ORD-103427,2025-10-04,CUST-0505,Corporate,South,Office Supplies,10,107.09,0.05,1017.36,119.68
ORD-100857,2025-10-04,CUST-0743,Home Office,North,Office Supplies,3,126.73,0.2,304.15,4.41
ORD-104840,2025-10-04,CUST-0123,Consumer,West,Furniture,3,453.97,0.0,1361.91,31.33
ORD-101325,2025-10-04,CUST-0423,Home Office,South,Furniture,7,447.93,0.1,2821.96,-96.13
ORD-101151,2025-10-04,CUST-0103,Corporate,East,Office Supplies,1,112.86,0.05,107.22,21.75
ORD-100405,2025-10-04,CUST-0137,Consumer,East,Office Supplies,3,51.5,0.2,123.6,1.64
ORD-104906,2025-10-04,CUST-0083,Consumer,South,Furniture,2,489.66,0.0,979.32,211.17
ORD-104903,2025-10-04,CUST-0252,Consumer,East,Furniture,10,425.68,0.05,4043.96,243.27
ORD-100895,2025-10-05,CUST-0282,Consumer,West,Technology,9,819.91,0.05,7010.23,1191.4
ORD-104923,2025-10-05,CUST-0458,Consumer,West,Office Supplies,4,90.16,0.05,342.61,54.82
ORD-100816,2025-10-05,CUST-0605,Corporate,South,Office Supplies,5,93.76,0.0,468.8,111.03
ORD-103907,2025-10-06,CUST-0506,Corporate,West,Office Supplies,7,23.38,0.3,114.56,-6.97
ORD-102754,2025-10-06,CUST-0538,Consumer,West,Office Supplies,6,19.06,0.05,108.64,4.61
ORD-102933,2025-10-06,CUST-0200,Corporate,West,Furniture,1,148.85,0.0,148.85,18.16
ORD-102645,2025-10-06,CUST-0693,Consumer,West,Office Supplies,3,10.81,0.05,30.81,4.77
ORD-103945,2025-10-06,CUST-0200,Corporate,West,Office Supplies,10,31.51,0.05,299.35,46.37
ORD-101773,2025-10-06,CUST-0209,Consumer,West,Office Supplies,2,134.43,0.0,268.86,58.41
ORD-104656,2025-10-06,CUST-0113,Corporate,North,Furniture,3,90.51,0.05,257.95,8.12
ORD-101713,2025-10-07,CUST-0466,Home Office,North,Office Supplies,1,113.47,0.2,90.78,-4.91
ORD-102494,2025-10-07,CUST-0506,Corporate,West,Office Supplies,8,74.7,0.1,537.84,48.46
ORD-103063,2025-10-07,CUST-0794,Consumer,North,Furniture,9,99.81,0.05,853.38,78.83
ORD-101522,2025-10-07,CUST-0198,Home Office,Central,Office Supplies,9,103.65,0.0,932.85,170.44
ORD-103597,2025-10-07,CUST-0445,Corporate,West,Furniture,3,287.28,0.1,775.66,-23.76
ORD-104589,2025-10-07,CUST-0517,Corporate,East,Office Supplies,4,130.41,0.1,469.48,51.67
ORD-103337,2025-10-07,CUST-0154,Consumer,West,Office Supplies,10,26.34,0.05,250.23,14.55
ORD-103700,2025-10-07,CUST-0278,Home Office,Central,Office Supplies,10,127.79,0.0,1277.9,132.07
ORD-101119,2025-10-08,CUST-0120,Home Office,North,Office Supplies,3,56.54,0.1,152.66,24.48
ORD-100451,2025-10-08,CUST-0354,Consumer,West,Technology,2,590.74,0.05,1122.41,282.01
ORD-103626,2025-10-08,CUST-0084,Corporate,East,Office Supplies,9,127.35,0.0,1146.15,224.45
ORD-104197,2025-10-08,CUST-0188,Corporate,West,Office Supplies,6,26.64,0.1,143.86,9.17
ORD-102005,2025-10-08,CUST-0456,Corporate,West,Office Supplies,7,19.57,0.05,130.14,13.74
ORD-103542,2025-10-09,CUST-0071,Corporate,South,Office Supplies,1,21.28,0.2,17.02,0.43
ORD-104861,2025-10-09,CUST-0667,Corporate,Central,Furniture,9,460.9,0.0,4148.1,240.19
ORD-100501,2025-10-09,CUST-0384,Corporate,Central,Office Supplies,9,137.78,0.1,1116.02,89.08
ORD-102363,2025-10-09,CUST-0423,Home Office,South,Technology,4,506.91,0.0,2027.64,431.51
ORD-101736,2025-10-09,CUST-0100,Corporate,North,Furniture,1,261.96,0.0,261.96,32.63
ORD-104122,2025-10-10,CUST-0694,Home Office,West,Furniture,5,290.99,0.1,1309.46,95.87
ORD-100875,2025-10-10,CUST-0164,Home Office,East,Office Supplies,9,37.45,0.05,320.2,15.01
ORD-103050,2025-10-10,CUST-0116,Home Office,North,Office Supplies,7,33.68,0.05,223.97,32.46
ORD-102610,2025-10-10,CUST-0674,Corporate,South,Technology,6,875.25,,5251.5,821.14
ORD-100661,2025-10-10,CUST-0613,Home Office,Central,Technology,7,265.21,0.2,1485.18,21.8
ORD-102772,2025-10-10,CUST-0416,Home Office,South,Furniture,8,191.44,0.1,1378.37,-31.57
ORD-104261,2025-10-10,CUST-0361,Corporate,North,Office Supplies,4,139.68,0.1,502.85,36.43
ORD-102632,2025-10-10,CUST-0053,Consumer,Central,Technology,9,1124.85,0.0,10123.65,2313.28
ORD-101752,2025-10-11,CUST-0437,Consumer,Central,Office Supplies,3,133.56,0.2,320.54,-3.88
ORD-103540,2025-10-11,CUST-0032,Consumer,East,Office Supplies,6,38.5,0.05,219.45,31.42
ORD-102286,2025-10-11,CUST-0372,Consumer,Central,Furniture,1,456.26,0.0,456.26,66.04
ORD-101248,2025-10-11,CUST-0742,Home Office,North,Office Supplies,3,122.81,0.0,368.43,60.8
ORD-104898,2025-10-11,CUST-0273,Consumer,South,Technology,1,262.79,0.1,236.51,38.07
ORD-100955,2025-10-11,CUST-0361,Corporate,North,Office Supplies,2,21.16,0.0,42.32,7.87
ORD-103662,2025-10-12,CUST-0467,Corporate,Central,Furniture,3,186.6,0.2,447.84,-60.91
ORD-100802,2025-10-12,CUST-0207,Consumer,East,Office Supplies,1,75.78,0.0,75.78,15.59
ORD-103613,2025-10-12,CUST-0422,Consumer,South,Technology,2,1099.52,0.0,2199.04,504.51
ORD-100845,2025-10-12,CUST-0629,Corporate,West,Technology,10,709.47,0.0,7094.7,1386.26
ORD-101562,2025-10-12,CUST-0690,Home Office,South,Furniture,10,333.04,0.2,2664.32,-52.07
ORD-101225,2025-10-12,CUST-0230,Consumer,North,Office Supplies,8,102.43,0.2,655.55,21.38
ORD-103011,2025-10-12,CUST-0033,Consumer,South,Furniture,8,335.47,0.2,2147.01,-262.13
ORD-101580,2025-10-12,CUST-0607,Consumer,South,Office Supplies,8,122.24,0.0,977.92,192.3
ORD-100180,2025-10-13,CUST-0654,Home Office,South,Office Supplies,1,105.71,0.1,95.14,16.64
ORD-100178,2025-10-13,CUST-0665,Consumer,South,Furniture,6,485.93,0.05,2769.8,38.95
ORD-103370,2025-10-14,CUST-0256,Home Office,South,Office Supplies,8,149.22,0.1,1074.38,43.25
ORD-102706,2025-10-14,CUST-0314,Consumer,Central,Office Supplies,8,49.09,0.1,353.45,35.34
ORD-100023,2025-10-14,CUST-0426,Consumer,East,Office Supplies,5,113.41,0.3,396.93,-52.1
ORD-104354,2025-10-14,CUST-0706,Consumer,Central,Technology,6,230.39,0.0,1382.34,291.33
ORD-101020,2025-10-14,CUST-0364,Consumer,North,Office Supplies,8,132.3,0.0,1058.4,294.46
ORD-101149,2025-10-14,CUST-0261,Consumer,North,Furniture,2,151.58,0.1,272.84,6.67
ORD-102729,2025-10-14,CUST-0696,Corporate,South,Office Supplies,5,8.1,0.05,38.48,3.27
ORD-102403,2025-10-14,CUST-0399,Home Office,South,Office Supplies,4,58.08,0.0,232.32,48.61
ORD-101909,2025-10-14,CUST-0345,Consumer,Central,Office Supplies,6,86.83,0.0,520.98,107.87
ORD-102591,2025-10-14,CUST-0637,Corporate,Central,Technology,9,413.56,0.0,3722.04,864.57
ORD-101222,2025-10-15,CUST-0362,Consumer,North,Office Supplies,7,60.58,0.0,424.06,55.51
ORD-102166,2025-10-15,CUST-0529,Home Office,East,Furniture,8,329.1,0.3,1842.96,-333.08
ORD-102202,2025-10-15,CUST-0598,Corporate,East,Technology,5,1024.48,0.0,5122.4,1867.25
ORD-100181,2025-10-15,CUST-0330,Consumer,West,Office Supplies,5,33.3,0.1,149.85,25.25
ORD-101514,2025-10-15,CUST-0600,Home Office,East,Office Supplies,6,44.79,0.1,241.87,25.26
ORD-100651,2025-10-16,CUST-0118,Corporate,Central,Office Supplies,6,113.88,0.1,614.95,31.9
ORD-102140,2025-10-16,CUST-0267,Corporate,East,Office Supplies,4,82.27,0.1,296.17,-5.0
ORD-102666,2025-10-16,CUST-0373,Consumer,East,Furniture,5,297.86,0.1,1340.37,12.43
ORD-104378,2025-10-17,CUST-0451,Corporate,North,Office Supplies,3,37.24,0.3,78.2,-6.37
ORD-100938,2025-10-17,CUST-0538,Consumer,West,Office Supplies,6,51.0,0.1,275.4,38.9
ORD-100815,2025-10-17,CUST-0131,Corporate,Central,Office Supplies,6,93.1,0.05,530.67,116.82
ORD-100413,2025-10-17,CUST-0042,Consumer,North,Technology,1,342.19,0.0,342.19,56.05
ORD-100691,2025-10-17,CUST-0056,Home Office,East,Office Supplies,9,66.11,0.2,475.99,-15.99
ORD-100151,2025-10-17,CUST-0179,Home Office,East,Furniture,5,333.38,0.05,1583.56,-2.48
ORD-104284,2025-10-17,CUST-0200,Corporate,West,Technology,7,812.32,0.0,5686.24,377.89
ORD-101488,2025-10-17,CUST-0290,Consumer,Central,Furniture,5,195.07,0.0,975.35,93.84
ORD-102224,2025-10-18,CUST-0384,Corporate,Central,Technology,9,782.99,0.3,4932.84,-161.3
ORD-104179,2025-10-18,CUST-0263,Consumer,South,Technology,4,630.56,0.0,2522.24,686.93
ORD-100369,2025-10-18,CUST-0044,Home Office,East,Technology,4,918.22,0.2,2938.3,245.85
ORD-103240,2025-10-18,CUST-0467,Corporate,Central,Office Supplies,9,129.55,0.0,1165.95,187.78
ORD-102309,2025-10-18,CUST-0339,Corporate,West,Office Supplies,2,108.56,0.2,173.7,-14.6
ORD-104623,2025-10-19,CUST-0225,Home Office,South,Office Supplies,10,68.08,0.2,544.64,5.68
ORD-101418,2025-10-19,CUST-0497,Consumer,Central,Technology,7,585.7,0.0,4099.9,728.42
ORD-102094,2025-10-19,CUST-0459,Consumer,West,Furniture,5,283.01,0.0,1415.05,101.12
ORD-103131,2025-10-20,CUST-0553,Home Office,West,Furniture,10,438.25,0.3,3067.75,-543.33
ORD-104713,2025-10-20,CUST-0567,Consumer,South,Technology,9,117.98,0.1,955.64,74.06
ORD-102424,2025-10-20,CUST-0277,Consumer,East,Office Supplies,7,94.45,0.05,628.09,56.14
ORD-102527,2025-10-21,CUST-0564,Corporate,South,Office Supplies,10,134.7,0.0,1347.0,404.77
ORD-104023,2025-10-21,CUST-0782,Corporate,East,Office Supplies,5,49.05,0.0,245.25,45.07
ORD-100713,2025-10-21,CUST-0477,Home Office,West,Office Supplies,6,116.8,0.2,560.64,22.79
ORD-101758,2025-10-21,CUST-0787,Consumer,West,Technology,8,493.4,0.0,3947.2,811.33
ORD-100912,2025-10-21,CUST-0142,Home Office,East,Office Supplies,8,54.64,0.0,437.12,112.48
ORD-104431,2025-10-21,CUST-0055,Corporate,North,Office Supplies,4,6.13,0.2,19.62,0.34
ORD-100109,2025-10-21,CUST-0654,Home Office,South,Office Supplies,1,144.58,0.0,144.58,24.0
ORD-103457,2025-10-21,CUST-0602,Consumer,East,Office Supplies,7,138.09,0.1,869.97,71.49
ORD-100295,2025-10-21,CUST-0387,Consumer,North,Office Supplies,9,40.46,0.0,364.14,79.09
ORD-102619,2025-10-21,CUST-0568,Consumer,North,Furniture,1,254.92,0.1,229.43,-12.56
ORD-101388,2025-10-22,CUST-0133,Home Office,Central,Furniture,7,175.4,0.0,1227.8,168.71
ORD-100865,2025-10-22,CUST-0527,Consumer,North,Office Supplies,8,81.51,0.05,619.48,111.31
ORD-101912,2025-10-22,CUST-0642,Consumer,Central,Office Supplies,9,79.01,0.1,639.98,65.56
ORD-100602,2025-10-22,CUST-0059,Home Office,West,Furniture,7,405.56,0.1,2555.03,86.53
ORD-104099,2025-10-23,CUST-0234,Consumer,Central,Office Supplies,8,115.44,0.05,877.34,73.45
ORD-103562,2025-10-23,CUST-0055,Corporate,North,Technology,7,230.44,0.0,1613.08,278.82
ORD-104029,2025-10-23,CUST-0195,Consumer,West,Office Supplies,8,71.42,0.0,571.36,94.01
ORD-104470,2025-10-23,CUST-0469,Consumer,North,Office Supplies,4,111.69,0.0,446.76,123.35
ORD-103731,2025-10-24,CUST-0284,Consumer,South,Office Supplies,2,29.5,0.05,56.05,10.6
ORD-103075,2025-10-24,CUST-0470,Consumer,West,Furniture,10,545.8,0.1,4912.2,-7.67
ORD-101851,2025-10-24,CUST-0136,Consumer,West,Furniture,1,276.46,0.3,193.52,-36.73
ORD-101874,2025-10-24,CUST-0455,Home Office,South,Office Supplies,3,78.73,0.0,236.19,53.5
ORD-101954,2025-10-24,CUST-0290,Consumer,Central,Technology,5,137.31,0.1,617.9,38.36
ORD-103661,2025-10-25,CUST-0396,Corporate,Central,Office Supplies,6,10.95,0.0,65.7,16.09
ORD-100553,2025-10-25,CUST-0462,Consumer,West,Office Supplies,2,7.2,0.0,14.4,2.73
ORD-101033,2025-10-25,CUST-0141,Consumer,South,Furniture,10,465.48,0.1,4189.32,351.32
ORD-104156,2025-10-25,CUST-0320,Consumer,East,Furniture,6,458.19,0.0,2749.14,86.96
ORD-104104,2025-10-25,CUST-0427,Consumer,South,Office Supplies,6,29.8,0.0,178.8,46.83
ORD-103403,2025-10-25,CUST-0499,Consumer,West,Office Supplies,7,148.28,0.05,986.06,107.09
ORD-101648,2025-10-25,CUST-0363,Consumer,Central,Technology,9,607.24,0.2,4372.13,-48.86
ORD-100694,2025-10-26,CUST-0602,Consumer,East,Office Supplies,1,111.94,0.3,78.36,2.15
ORD-104829,2025-10-26,CUST-0527,Consumer,North,Office Supplies,6,9.53,0.0,57.18,14.98
ORD-104129,2025-10-26,CUST-0302,Home Office,Central,Furniture,2,288.3,0.1,518.94,-0.02
ORD-100576,2025-10-26,CUST-0686,Home Office,North,Office Supplies,9,104.77,0.0,942.93,230.67
ORD-101563,2025-10-26,CUST-0796,Consumer,South,Furniture,1,215.66,0.05,204.88,13.89
ORD-104734,2025-10-26,CUST-0669,Consumer,East,Office Supplies,9,129.5,0.2,932.4,-74.6
ORD-103477,2025-10-26,CUST-0635,Consumer,South,Office Supplies,4,112.86,0.1,406.3,14.27
ORD-100100,2025-10-26,CUST-0646,Corporate,North,Furniture,9,244.7,0.0,2202.3,42.29
ORD-100419,2025-10-27,CUST-0059,Home Office,West,Office Supplies,6,44.62,0.0,267.72,24.28
ORD-103929,2025-10-27,CUST-0077,Home Office,North,Office Supplies,10,119.79,0.1,1078.11,165.35
ORD-104980,2025-10-27,CUST-0150,Corporate,West,Furniture,6,567.23,0.05,3233.21,0.69
ORD-104068,2025-10-27,CUST-0426,Consumer,East,Office Supplies,7,44.8,0.1,282.24,51.94
ORD-101794,2025-10-27,CUST-0114,Consumer,West,Office Supplies,6,48.24,0.1,260.5,56.82
ORD-101056,2025-10-27,CUST-0106,Home Office,Central,Office Supplies,6,44.98,0.1,242.89,12.96
ORD-104286,2025-10-27,CUST-0321,Corporate,North,Office Supplies,1,8.92,0.1,8.03,0.63
ORD-102256,2025-10-27,CUST-0759,Corporate,West,Office Supplies,3,109.29,0.05,311.48,23.69
ORD-102524,2025-10-28,CUST-0527,Consumer,North,Furniture,1,305.41,0.3,213.79,-40.73
ORD-101446,2025-10-28,CUST-0538,Consumer,West,Furniture,6,574.41,0.1,3101.81,320.03
ORD-104443,2025-10-28,CUST-0159,Consumer,South,Office Supplies,1,17.06,0.05,16.21,2.78
ORD-102595,2025-10-29,CUST-0516,Consumer,West,Office Supplies,9,66.74,0.1,540.59,36.59
ORD-104587,2025-10-29,CUST-0116,Home Office,North,Office Supplies,9,124.48,0.0,1120.32,243.58
ORD-102953,2025-10-29,CUST-0633,Home Office,West,Office Supplies,7,76.16,0.2,426.5,23.13
ORD-102526,2025-10-29,CUST-0361,Corporate,North,Technology,8,1182.84,0.05,8989.58,1374.1
ORD-101691,2025-10-29,CUST-0712,Home Office,South,Office Supplies,9,42.09,0.0,378.81,93.6
ORD-101081,2025-10-29,CUST-0770,Consumer,South,Office Supplies,8,95.23,0.2,609.47,-17.84
ORD-100853,2025-10-29,CUST-0761,Consumer,North,Furniture,2,502.63,0.0,1005.26,85.21
ORD-101600,2025-10-29,CUST-0713,Corporate,North,Furniture,7,143.89,0.0,1007.23,40.14
ORD-103881,2025-10-30,CUST-0567,Consumer,South,Furniture,9,589.38,0.0,5304.42,442.19
ORD-103584,2025-10-30,CUST-0060,Home Office,East,Office Supplies,4,135.6,0.1,488.16,29.34
ORD-102959,2025-10-30,CUST-0279,Consumer,North,Office Supplies,8,68.36,0.1,492.19,59.23
ORD-104979,2025-10-30,CUST-0018,Corporate,South,Furniture,8,413.16,0.1,2974.75,199.41
ORD-104108,2025-10-31,CUST-0032,Consumer,East,Office Supplies,9,35.8,0.1,289.98,55.41
ORD-100676,2025-10-31,CUST-0216,Consumer,West,Office Supplies,4,46.13,0.1,166.07,11.26
ORD-104385,2025-10-31,CUST-0444,Corporate,South,Office Supplies,1,28.42,0.2,22.74,-1.15
ORD-100320,2025-10-31,CUST-0783,Consumer,East,Technology,3,871.65,0.2,2091.96,26.81
ORD-100161,2025-10-31,CUST-0140,Consumer,North,Technology,6,1014.39,0.2,4869.07,-7.74
ORD-103158,2025-10-31,CUST-0012,Corporate,North,Office Supplies,2,8.47,0.2,13.55,-0.37
ORD-103377,2025-10-31,CUST-0447,Home Office,East,Office Supplies,4,119.61,0.0,478.44,59.02
ORD-104731,2025-10-31,CUST-0074,Consumer,Central,Technology,8,738.08,0.0,5904.64,1459.6
ORD-104782,2025-10-31,CUST-0161,Consumer,West,Technology,9,595.07,0.2,4284.5,235.86
ORD-104661,2025-10-31,CUST-0170,Corporate,North,Furniture,10,394.84,0.1,3553.56,222.43
ORD-103091,2025-10-31,CUST-0677,Corporate,North,Office Supplies,1,86.08,0.0,86.08,15.15
ORD-101397,2025-10-31,CUST-0684,Consumer,Central,Office Supplies,9,93.07,0.3,586.34,-47.56
ORD-101664,2025-11-01,CUST-0659,Consumer,Central,Furniture,2,435.06,0.0,870.12,44.08
ORD-100584,2025-11-01,CUST-0434,Consumer,Central,Technology,4,685.52,0.2,2193.66,13.64
ORD-103202,2025-11-01,CUST-0677,Corporate,North,Technology,6,684.67,0.0,4108.02,676.04
ORD-101700,2025-11-01,CUST-0545,Home Office,Central,Office Supplies,9,47.43,0.0,426.87,94.96
ORD-100973,2025-11-01,CUST-0705,Consumer,Central,Office Supplies,10,71.8,0.0,718.0,163.28
ORD-102319,2025-11-02,CUST-0746,Consumer,Central,Office Supplies,3,149.38,0.05,425.73,36.08
ORD-102761,2025-11-02,CUST-0565,Home Office,South,Technology,8,1086.25,0.05,8255.5,1116.7
ORD-103242,2025-11-02,CUST-0272,Consumer,West,Furniture,7,195.92,0.0,1371.44,139.36
ORD-104646,2025-11-02,CUST-0775,Consumer,West,Office Supplies,4,100.08,0.0,400.32,58.01
ORD-103514,2025-11-02,CUST-0235,Home Office,Central,Technology,3,320.4,0.1,865.08,92.64
ORD-103089,2025-11-02,CUST-0208,Consumer,Central,Furniture,8,206.32,0.0,1650.56,136.15
ORD-100401,2025-11-02,CUST-0206,Corporate,East,Office Supplies,8,40.04,0.0,320.32,45.82
ORD-104184,2025-11-02,CUST-0429,Consumer,East,Office Supplies,3,60.12,0.1,162.32,15.75
ORD-103048,2025-11-02,CUST-0081,Consumer,East,Technology,9,811.34,0.05,6936.96,1358.76
ORD-104406,2025-11-02,CUST-0432,Corporate,East,Office Supplies,7,21.29,0.1,134.13,-1.19
ORD-100764,2025-11-02,CUST-0722,Corporate,South,Office Supplies,2,116.27,0.05,220.91,39.02
ORD-100781,2025-11-02,CUST-0450,Home Office,North,Technology,9,842.19,0.0,7579.71,1564.98
ORD-104918,2025-11-03,CUST-0285,Consumer,North,Furniture,3,353.23,0.1,953.72,83.89
ORD-104329,2025-11-03,CUST-0746,Consumer,Central,Technology,2,832.4,0.0,1664.8,382.37
ORD-100985,2025-11-03,CUST-0190,Consumer,North,Furniture,5,558.63,0.0,2793.15,326.32
ORD-104988,2025-11-03,CUST-0014,Corporate,West,Technology,1,652.76,0.0,652.76,194.11
ORD-101759,2025-11-04,CUST-0225,Home Office,South,Office Supplies,3,73.08,0.2,175.39,8.61
ORD-100502,2025-11-04,CUST-0525,Consumer,Central,Technology,2,1061.62,0.05,2017.08,439.28
ORD-101828,2025-11-04,CUST-0501,Corporate,South,Furniture,7,344.84,0.1,2172.49,86.01
ORD-101006,2025-11-04,CUST-0374,Consumer,Central,Office Supplies,3,53.33,0.05,151.99,27.22
ORD-104762,2025-11-04,CUST-0493,Consumer,Central,Office Supplies,9,48.68,0.2,350.5,-31.34
ORD-100264,2025-11-04,CUST-0528,Corporate,South,Technology,6,1024.68,0.0,6148.08,1363.56
ORD-102908,2025-11-05,CUST-0212,Corporate,Central,Furniture,8,93.42,0.1,672.62,-1.27
ORD-103923,2025-11-05,CUST-0141,Consumer,South,Office Supplies,4,103.25,0.2,330.4,10.33
ORD-104601,2025-11-05,CUST-0366,Consumer,Central,Office Supplies,4,23.73,0.1,85.43,13.53
ORD-103382,2025-11-05,CUST-0619,Consumer,Central,Technology,1,565.42,0.1,508.88,68.78
ORD-102214,2025-11-05,CUST-0002,Corporate,West,Office Supplies,6,143.02,0.1,772.31,107.79
ORD-102819,2025-11-05,CUST-0170,Corporate,North,Office Supplies,1,101.26,0.0,101.26,17.57
ORD-101637,2025-11-05,CUST-0281,Corporate,West,Office Supplies,10,34.71,0.0,347.1,75.64
ORD-104085,2025-11-05,CUST-0069,Home Office,North,Technology,2,343.17,0.05,652.02,54.29
ORD-102493,2025-11-05,CUST-0751,Consumer,East,Office Supplies,7,118.23,0.0,827.61,175.0
ORD-103201,2025-11-05,CUST-0014,Corporate,West,Technology,10,111.77,0.0,1117.7,272.71
ORD-100994,2025-11-06,CUST-0249,Consumer,North,Office Supplies,10,117.97,0.0,1179.7,278.83
ORD-101311,2025-11-06,CUST-0163,Corporate,North,Office Supplies,1,49.16,0.3,34.41,-3.53
ORD-104754,2025-11-06,CUST-0768,Consumer,Central,Furniture,6,551.09,0.0,3306.54,234.11
ORD-103428,2025-11-06,CUST-0031,Consumer,East,Furniture,6,278.5,0.1,1503.9,-124.24
ORD-100630,2025-11-06,CUST-0108,Consumer,North,Office Supplies,8,38.75,0.0,310.0,87.73
ORD-101082,2025-11-06,CUST-0531,Corporate,East,Office Supplies,7,88.71,0.05,589.92,50.16
ORD-103041,2025-11-06,CUST-0776,Consumer,South,Technology,1,810.69,0.0,810.69,156.24
ORD-103894,2025-11-06,CUST-0738,Corporate,East,Office Supplies,6,137.05,,740.07,24.45
ORD-104043,2025-11-06,CUST-0784,Corporate,South,Office Supplies,5,133.37,0.0,666.85,133.03
ORD-100225,2025-11-06,CUST-0603,Corporate,West,Technology,10,665.32,0.05,6320.54,1138.11
ORD-100292,2025-11-07,CUST-0063,Consumer,North,Furniture,5,370.06,0.3,1295.21,-118.7
ORD-100131,2025-11-07,CUST-0411,Home Office,South,Office Supplies,6,11.15,0.0,66.9,16.36
ORD-102579,2025-11-07,CUST-0713,Corporate,North,Technology,5,155.51,0.0,777.55,255.68
ORD-101945,2025-11-07,CUST-0429,Consumer,East,Technology,10,258.26,0.0,2582.6,490.53
ORD-103557,2025-11-07,CUST-0284,Consumer,South,Furniture,5,249.3,0.0,1246.5,178.71
ORD-101949,2025-11-07,CUST-0776,Consumer,South,Furniture,8,168.06,0.05,1277.26,95.69
ORD-101985,2025-11-08,CUST-0771,Consumer,West,Office Supplies,8,45.71,0.0,365.68,53.16
ORD-100590,2025-11-08,CUST-0791,Corporate,East,Technology,8,1071.77,0.05,8145.45,1633.9
ORD-103395,2025-11-08,CUST-0099,Consumer,North,Technology,10,918.05,0.1,8262.45,1082.81
ORD-100011,2025-11-08,CUST-0352,Home Office,,Furniture,5,392.24,0.0,1961.2,189.11
ORD-101305,2025-11-08,CUST-0473,Corporate,Central,Furniture,8,169.22,0.1,1218.38,-19.92
ORD-101284,2025-11-08,CUST-0505,Corporate,South,Office Supplies,3,129.91,0.1,350.76,40.8
ORD-102655,2025-11-08,CUST-0464,Corporate,North,Furniture,2,290.25,0.05,551.48,13.42
ORD-101820,2025-11-09,CUST-0576,Consumer,East,Office Supplies,9,17.76,0.1,143.86,1.19
ORD-102133,2025-11-09,CUST-0390,Corporate,West,Office Supplies,4,92.49,0.05,351.46,63.0
ORD-100218,2025-11-09,CUST-0550,Corporate,Central,Office Supplies,10,53.04,0.05,503.88,52.87
ORD-103785,2025-11-09,CUST-0052,Corporate,South,Office Supplies,6,8.73,0.05,49.76,6.69
ORD-100430,2025-11-09,CUST-0462,Consumer,West,Furniture,4,529.83,0.0,2119.32,144.11
ORD-103758,2025-11-09,CUST-0777,Consumer,North,Office Supplies,8,100.82,0.1,725.9,-0.24
ORD-102115,2025-11-09,CUST-0457,Consumer,Central,Furniture,3,483.89,0.05,1379.09,78.0
ORD-103204,2025-11-09,CUST-0799,Consumer,South,Technology,7,394.69,0.0,2762.83,481.63
ORD-101556,2025-11-10,CUST-0291,Corporate,West,Office Supplies,1,108.15,0.0,108.15,18.54
ORD-102043,2025-11-10,CUST-0715,Consumer,West,Office Supplies,9,93.39,0.1,756.46,55.13
ORD-102189,2025-11-10,CUST-0778,Corporate,North,Furniture,9,132.4,0.2,953.28,-61.3
ORD-103888,2025-11-10,CUST-0769,Corporate,East,Office Supplies,9,87.03,0.0,783.27,130.56
ORD-102217,2025-11-10,CUST-0295,Corporate,West,Office Supplies,2,36.45,0.05,69.26,8.63
ORD-101947,2025-11-10,CUST-0797,Corporate,East,Office Supplies,3,118.78,0.1,320.71,35.66
ORD-101249,2025-11-10,CUST-0009,Corporate,West,Office Supplies,10,67.34,0.1,606.06,80.37
ORD-104012,2025-11-10,CUST-0669,Consumer,East,Office Supplies,4,146.6,0.0,586.4,106.31
ORD-102145,2025-11-10,CUST-0011,Corporate,,Office Supplies,6,52.73,0.2,253.1,-3.44
ORD-102065,2025-11-10,CUST-0100,Corporate,North,Technology,4,419.21,0.0,1676.84,412.86
ORD-100757,2025-11-11,CUST-0174,Consumer,Central,Furniture,1,218.82,0.05,207.88,11.47
ORD-102868,2025-11-11,CUST-0417,Home Office,South,Technology,8,1091.89,0.0,8735.12,1253.09
ORD-102419,2025-11-11,CUST-0677,Corporate,North,Office Supplies,4,121.32,0.1,436.75,29.65
ORD-102901,2025-11-11,CUST-0237,Corporate,North,Furniture,5,203.59,0.0,1017.95,109.95
ORD-101430,2025-11-11,CUST-0322,Corporate,Central,Office Supplies,6,118.99,0.05,678.24,135.33
ORD-100360,2025-11-11,CUST-0357,Consumer,North,Office Supplies,1,27.19,0.0,27.19,6.13
ORD-102973,2025-11-11,CUST-0204,Corporate,North,Office Supplies,2,58.47,0.0,116.94,14.94
ORD-101866,2025-11-12,CUST-0478,Home Office,North,Furniture,3,455.07,0.05,1296.95,58.51
ORD-103199,2025-11-12,CUST-0316,Consumer,Central,Office Supplies,2,68.02,0.1,122.44,12.13
ORD-103782,2025-11-12,CUST-0380,Home Office,West,Furniture,4,163.04,0.1,586.94,19.47
ORD-102409,2025-11-12,CUST-0118,Corporate,Central,Technology,6,1091.69,0.1,5895.13,518.73
ORD-103478,2025-11-12,CUST-0315,Corporate,South,Technology,5,1047.93,0.0,5239.65,1143.86
ORD-101285,2025-11-12,CUST-0628,Corporate,North,Office Supplies,4,124.67,0.0,498.68,81.65
ORD-102623,2025-11-12,CUST-0677,Corporate,North,Office Supplies,9,93.44,0.0,840.96,120.82
ORD-104759,2025-11-12,CUST-0281,Corporate,West,Technology,6,672.2,0.0,4033.2,994.93
ORD-101113,2025-11-12,CUST-0243,Home Office,North,Furniture,4,86.3,0.1,310.68,-5.51
ORD-100234,2025-11-13,CUST-0651,Corporate,Central,Office Supplies,2,115.58,0.0,231.16,47.99
ORD-103310,2025-11-13,CUST-0735,Home Office,East,Office Supplies,9,13.4,0.1,108.54,7.02
ORD-103718,2025-11-14,CUST-0177,Consumer,East,Office Supplies,7,11.83,0.0,82.81,11.72
ORD-103808,2025-11-14,CUST-0058,Consumer,Central,Office Supplies,10,118.94,0.1,1070.46,138.76
ORD-101228,2025-11-14,CUST-0351,Corporate,South,Office Supplies,1,71.36,0.1,64.22,5.86
ORD-103828,2025-11-14,CUST-0058,Consumer,Central,Office Supplies,6,66.06,0.0,396.36,36.29
ORD-104316,2025-11-14,CUST-0361,Corporate,North,Office Supplies,8,138.2,0.2,884.48,23.77
ORD-103604,2025-11-14,CUST-0237,Corporate,North,Office Supplies,3,132.46,0.0,397.38,82.36
ORD-100882,2025-11-14,CUST-0302,Home Office,Central,Furniture,6,324.82,0.2,1559.14,-168.17
ORD-102788,2025-11-14,CUST-0302,Home Office,Central,Furniture,1,341.45,0.1,307.3,9.51
ORD-100173,2025-11-15,CUST-0628,Corporate,North,Office Supplies,7,134.96,0.0,944.72,191.12
ORD-101390,2025-11-15,CUST-0005,Corporate,Central,Office Supplies,1,51.48,0.0,51.48,11.75
ORD-100381,2025-11-15,CUST-0487,Home Office,Central,Technology,1,218.74,0.2,174.99,15.25
ORD-101470,2025-11-15,CUST-0392,Home Office,East,Office Supplies,4,63.1,0.0,252.4,50.66
ORD-100190,2025-11-15,CUST-0019,Consumer,North,Office Supplies,8,138.26,0.0,1106.08,284.5
ORD-103180,2025-11-15,CUST-0540,Home Office,West,Office Supplies,4,36.26,0.05,137.79,11.89
ORD-102103,2025-11-15,CUST-0437,Consumer,Central,Furniture,8,593.77,0.0,4750.16,472.62
ORD-101438,2025-11-15,CUST-0780,Consumer,Central,Technology,3,930.83,0.0,2792.49,505.87
ORD-100376,2025-11-15,CUST-0362,Consumer,North,Office Supplies,3,44.26,0.05,126.14,19.61
ORD-103311,2025-11-15,CUST-0302,Home Office,Central,Furniture,1,165.77,0.1,149.19,2.74
ORD-103730,2025-11-15,CUST-0244,Home Office,Central,Technology,8,300.73,0.3,1684.09,-150.7
ORD-102507,2025-11-15,CUST-0286,Home Office,South,Office Supplies,10,51.75,0.0,517.5,60.02
ORD-100339,2025-11-15,CUST-0266,Consumer,Central,Furniture,2,241.78,0.0,483.56,56.86
ORD-102201,2025-11-15,CUST-0443,Corporate,South,Technology,6,450.46,0.2,2162.21,34.63
ORD-101073,2025-11-15,CUST-0239,Consumer,North,Office Supplies,7,48.42,0.0,338.94,70.95
ORD-100142,2025-11-16,CUST-0331,Home Office,East,Furniture,9,454.49,0.2,3272.33,-382.57
ORD-103456,2025-11-16,CUST-0115,Consumer,Central,Office Supplies,1,84.57,0.2,67.66,1.11
ORD-103109,2025-11-16,CUST-0128,Home Office,South,Office Supplies,1,57.42,0.05,54.55,4.9
ORD-101585,2025-11-17,CUST-0106,Home Office,Central,Furniture,3,165.9,0.1,447.93,32.34
ORD-101675,2025-11-17,CUST-0411,Home Office,South,Office Supplies,3,52.85,0.2,126.84,-1.01
ORD-104331,2025-11-17,CUST-0334,Corporate,South,Technology,3,1170.3,0.0,3510.9,515.05
ORD-104621,2025-11-17,CUST-0310,Consumer,North,Furniture,6,391.9,0.05,2233.83,-89.6
ORD-102855,2025-11-17,CUST-0316,Consumer,Central,Technology,6,194.75,0.0,1168.5,257.53
ORD-100467,2025-11-18,CUST-0325,Home Office,East,Furniture,8,472.45,0.1,3401.64,160.57
ORD-103770,2025-11-18,CUST-0585,Consumer,South,Office Supplies,10,144.61,0.05,1373.8,226.28
ORD-104913,2025-11-18,CUST-0585,Consumer,South,Office Supplies,3,133.83,0.1,361.34,32.81
ORD-104308,2025-11-18,CUST-0728,Consumer,Central,Office Supplies,10,19.69,0.1,177.21,10.31
ORD-104813,2025-11-18,CUST-0768,Consumer,Central,Office Supplies,10,38.29,0.3,268.03,-18.44
ORD-102506,2025-11-18,CUST-0252,Consumer,East,Office Supplies,1,142.94,0.0,142.94,17.64
ORD-100954,2025-11-18,CUST-0078,Consumer,East,Office Supplies,10,16.87,0.0,168.7,35.28
ORD-101843,2025-11-18,CUST-0008,Home Office,East,Office Supplies,8,83.44,0.2,534.02,-30.36
ORD-102036,2025-11-19,CUST-0412,Consumer,South,Technology,2,480.43,0.2,768.69,3.81
ORD-101977,2025-11-19,CUST-0761,Consumer,North,Office Supplies,2,7.24,0.0,14.48,2.81
ORD-103300,2025-11-19,CUST-0594,Home Office,West,Office Supplies,4,91.27,0.1,328.57,19.85
ORD-100936,2025-11-19,CUST-0748,Consumer,North,Office Supplies,2,111.97,0.3,156.76,-21.58
ORD-102598,2025-11-19,CUST-0348,Consumer,North,Office Supplies,1,37.47,0.0,37.47,7.55
ORD-102887,2025-11-19,CUST-0651,Corporate,Central,Furniture,9,599.53,0.1,4856.19,-125.45
ORD-101654,2025-11-20,CUST-0583,Consumer,East,Technology,7,205.81,0.05,1368.64,328.39
ORD-103129,2025-11-20,CUST-0351,Corporate,South,Furniture,7,418.75,0.05,2784.69,308.73
ORD-101413,2025-11-20,CUST-0724,Home Office,South,Office Supplies,9,137.36,0.2,988.99,-5.89
ORD-102479,2025-11-21,CUST-0453,Home Office,North,Office Supplies,4,140.36,0.0,561.44,148.71
ORD-103952,2025-11-21,CUST-0565,Home Office,South,Furniture,5,125.88,0.05,597.93,71.53
ORD-101730,2025-11-21,CUST-0464,Corporate,North,Furniture,4,491.44,0.0,1965.76,74.55
ORD-104680,2025-11-21,CUST-0103,Corporate,East,Technology,6,252.86,0.1,1365.44,262.81
ORD-103330,2025-11-21,CUST-0576,Consumer,East,Furniture,7,467.87,0.05,3111.34,-60.66
ORD-102765,2025-11-21,CUST-0527,Consumer,North,Office Supplies,7,115.24,0.1,726.01,83.24
ORD-103387,2025-11-21,CUST-0655,Corporate,West,Furniture,7,228.99,0.0,1602.93,149.08
ORD-100346,2025-11-22,CUST-0755,Corporate,South,Technology,8,1192.23,0.3,6676.49,-167.87
ORD-102060,2025-11-22,CUST-0339,Corporate,West,Furniture,6,235.25,0.2,1129.2,-79.84
ORD-101309,2025-11-22,CUST-0231,Corporate,South,Technology,10,585.76,0.1,5271.84,397.42
ORD-101458,2025-11-22,CUST-0249,Consumer,North,Technology,7,791.87,0.05,5265.94,1077.95
ORD-100462,2025-11-22,CUST-0015,Corporate,East,Office Supplies,1,127.92,0.05,121.52,24.58
ORD-104025,2025-11-23,CUST-0005,Corporate,Central,Furniture,5,440.61,0.3,1542.14,-269.88
ORD-102218,2025-11-23,CUST-0750,Consumer,North,Office Supplies,1,27.2,0.0,27.2,2.75
ORD-101026,2025-11-23,CUST-0586,Home Office,Central,Furniture,4,356.68,0.0,1426.72,234.61
ORD-101371,2025-11-23,CUST-0013,Consumer,East,Office Supplies,9,133.78,0.0,1204.02,249.78
ORD-103957,2025-11-23,CUST-0629,Corporate,West,Office Supplies,6,60.92,0.0,365.52,62.91
ORD-102690,2025-11-24,CUST-0702,Home Office,South,Technology,9,1028.77,0.05,8795.98,1880.19
ORD-101263,2025-11-24,CUST-0144,Corporate,East,Office Supplies,7,146.62,0.2,821.07,9.91
ORD-102300,2025-11-24,CUST-0614,Corporate,South,Office Supplies,7,100.81,0.0,705.67,210.34
ORD-100319,2025-11-24,CUST-0242,Consumer,South,Office Supplies,9,123.98,0.2,892.66,-21.12
ORD-101453,2025-11-24,CUST-0521,Consumer,Central,Technology,9,335.76,0.05,2870.75,438.14
ORD-101592,2025-11-24,CUST-0529,Home Office,East,Office Supplies,4,110.13,0.0,440.52,92.39
ORD-103864,2025-11-24,CUST-0767,Home Office,South,Technology,4,774.47,0.1,2788.09,508.53
ORD-103016,2025-11-24,CUST-0545,Home Office,Central,Technology,7,683.27,0.0,4782.89,597.39
ORD-104855,2025-11-25,CUST-0130,Home Office,East,Furniture,6,515.88,0.0,3095.28,333.63
ORD-102599,2025-11-25,CUST-0773,Home Office,East,Office Supplies,2,63.89,0.0,127.78,25.87
ORD-102233,2025-11-25,CUST-0310,Consumer,North,Office Supplies,3,143.56,0.05,409.15,66.0
ORD-101013,2025-11-25,CUST-0135,Consumer,South,Office Supplies,1,31.83,0.1,28.65,2.77
ORD-104050,2025-11-25,CUST-0171,Home Office,South,Office Supplies,9,72.01,0.3,453.66,-50.22
ORD-104345,2025-11-25,CUST-0589,Consumer,South,Office Supplies,5,22.53,0.1,101.38,5.98
ORD-102553,2025-11-25,CUST-0169,Corporate,East,Furniture,8,116.77,0.05,887.45,60.05
ORD-102502,2025-11-25,CUST-0148,Consumer,East,Office Supplies,3,49.69,0.05,141.62,17.65
ORD-100387,2025-11-26,CUST-0540,Home Office,West,Office Supplies,2,17.23,0.0,34.46,5.61
ORD-103598,2025-11-26,CUST-0762,Consumer,North,Furniture,6,223.35,0.0,1340.1,134.84
ORD-104120,2025-11-26,CUST-0354,Consumer,West,Furniture,6,425.97,0.1,2300.24,-55.17
ORD-101950,2025-11-26,CUST-0545,Home Office,Central,Office Supplies,7,94.64,0.0,662.48,145.1
ORD-103268,2025-11-26,CUST-0180,Home Office,East,Office Supplies,4,6.83,0.05,25.95,1.11
ORD-102002,2025-11-27,CUST-0058,Consumer,Central,Furniture,8,237.57,0.0,1900.56,146.01
ORD-104057,2025-11-27,CUST-0490,Home Office,South,Technology,10,1075.27,0.0,10752.7,2989.08
ORD-103877,2025-11-27,CUST-0055,Corporate,North,Office Supplies,2,6.56,0.0,13.12,2.79
ORD-101919,2025-11-27,CUST-0248,Corporate,Central,Office Supplies,2,49.2,0.0,98.4,16.08
ORD-100966,2025-11-27,CUST-0747,Consumer,East,Office Supplies,4,13.0,0.1,46.8,-0.23
ORD-100169,2025-11-27,CUST-0747,Consumer,East,Office Supplies,3,136.96,0.3,287.62,-27.38
ORD-100964,2025-11-27,CUST-0317,Corporate,East,Furniture,1,88.02,0.0,88.02,9.74
ORD-103100,2025-11-27,CUST-0236,Consumer,Central,Office Supplies,9,70.55,0.1,571.45,15.92
ORD-104356,2025-11-27,CUST-0785,Consumer,North,Furniture,3,121.38,0.1,327.73,3.71
ORD-100915,2025-11-27,CUST-0517,Corporate,East,Technology,8,149.58,0.0,1196.64,260.09
ORD-103687,2025-11-27,CUST-0272,Consumer,West,Office Supplies,8,104.45,0.2,668.48,25.63
ORD-101060,2025-11-27,CUST-0584,Corporate,North,Office Supplies,10,59.76,0.05,567.72,53.91
ORD-103379,2025-11-28,CUST-0381,Consumer,South,Technology,6,334.48,0.1,1806.19,164.89
ORD-103970,2025-11-28,CUST-0787,Consumer,West,Technology,9,747.37,0.0,6726.33,1298.46
ORD-103236,2025-11-28,CUST-0753,Corporate,North,Office Supplies,1,119.03,0.05,113.08,11.3
ORD-100719,2025-11-29,CUST-0656,Home Office,Central,Office Supplies,4,35.25,0.3,98.7,-3.38
ORD-100891,2025-11-29,CUST-0217,Corporate,Central,Furniture,9,590.69,0.3,3721.35,-620.07
ORD-104793,2025-11-29,CUST-0312,Corporate,North,Technology,10,1107.17,0.2,8857.36,-295.35
ORD-100223,2025-11-29,CUST-0490,Home Office,South,Technology,8,1195.46,0.1,8607.31,1909.28
ORD-104258,2025-11-29,CUST-0348,Consumer,North,Office Supplies,8,117.11,0.05,890.04,124.43
ORD-102823,2025-11-29,CUST-0607,Consumer,South,Furniture,4,111.97,0.0,447.88,52.3
ORD-101517,2025-11-29,CUST-0192,Consumer,East,Furniture,8,482.22,0.05,3664.87,-113.6
ORD-102435,2025-11-30,CUST-0557,Corporate,South,Office Supplies,10,108.03,0.1,972.27,74.18
ORD-102948,2025-12-01,CUST-0461,Consumer,East,Technology,8,1019.01,0.0,8152.08,1919.05
ORD-101384,2025-12-01,CUST-0194,Consumer,East,Office Supplies,5,51.1,0.0,255.5,49.09
ORD-100341,2025-12-01,CUST-0574,Consumer,North,Furniture,5,510.61,0.0,2553.05,298.91
ORD-100136,2025-12-01,CUST-0310,Consumer,North,Office Supplies,9,122.04,0.05,1043.44,156.94
ORD-102534,2025-12-01,CUST-0126,Consumer,East,Office Supplies,5,147.67,0.05,701.43,104.3
ORD-101743,2025-12-01,CUST-0232,Consumer,Central,Office Supplies,8,43.58,0.05,331.21,56.85
ORD-100526,2025-12-01,CUST-0700,Consumer,West,Office Supplies,7,7.08,0.2,39.65,-4.2
ORD-104260,2025-12-02,CUST-0780,Consumer,Central,Furniture,3,343.49,0.0,1030.47,-6.05
ORD-103844,2025-12-02,CUST-0470,Consumer,West,Technology,1,787.48,0.0,787.48,210.59
ORD-102621,2025-12-02,CUST-0126,Consumer,East,Technology,5,819.88,0.05,3894.43,464.58
ORD-103786,2025-12-02,CUST-0607,Consumer,South,Furniture,4,362.9,0.1,1306.44,112.29
ORD-100723,2025-12-02,CUST-0062,Consumer,North,Furniture,9,569.87,0.3,3590.18,-437.63
ORD-100687,2025-12-02,CUST-0466,Home Office,,Office Supplies,5,64.07,0.1,288.32,24.46
ORD-100904,2025-12-02,CUST-0411,Home Office,South,Furniture,7,541.7,0.0,3791.9,184.56
ORD-103510,2025-12-02,CUST-0675,Consumer,West,Office Supplies,1,117.48,0.2,93.98,-0.62
ORD-103102,2025-12-02,CUST-0285,Consumer,North,Office Supplies,7,35.5,0.0,248.5,35.71
ORD-103270,2025-12-02,CUST-0362,Consumer,North,Office Supplies,2,115.32,0.0,230.64,26.95
ORD-102490,2025-12-02,CUST-0404,Corporate,West,Technology,7,403.08,0.05,2680.48,630.42
ORD-103951,2025-12-02,CUST-0022,Consumer,Central,Office Supplies,7,109.52,0.0,766.64,70.6
ORD-101501,2025-12-03,CUST-0030,Consumer,South,Office Supplies,9,58.76,0.0,528.84,114.3
ORD-103771,2025-12-03,CUST-0766,Home Office,West,Furniture,2,233.65,0.0,467.3,57.81
ORD-100849,2025-12-03,CUST-0746,Consumer,Central,Furniture,2,91.36,0.3,127.9,-21.9
ORD-101698,2025-12-03,CUST-0769,Corporate,East,Office Supplies,2,144.35,0.0,288.7,61.97
ORD-100099,2025-12-04,CUST-0785,Consumer,North,Technology,4,766.53,0.0,3066.12,613.13
ORD-101831,2025-12-04,CUST-0476,Home Office,Central,Furniture,3,570.9,0.2,1370.16,-30.95
ORD-103726,2025-12-04,CUST-0070,Home Office,South,Office Supplies,1,74.89,0.0,74.89,10.97
ORD-104170,2025-12-04,CUST-0585,Consumer,South,Office Supplies,2,137.32,0.1,247.18,24.13
ORD-103779,2025-12-04,CUST-0503,Consumer,South,Technology,1,767.29,0.1,690.56,111.25
ORD-101334,2025-12-05,CUST-0480,Consumer,South,Office Supplies,5,127.68,0.2,510.72,21.62
ORD-103071,2025-12-05,CUST-0138,Home Office,South,Office Supplies,7,140.32,0.0,982.24,210.87
ORD-103619,2025-12-05,CUST-0631,Corporate,Central,Office Supplies,4,145.33,0.3,406.92,-13.68
ORD-103161,2025-12-05,CUST-0657,Home Office,South,Office Supplies,1,133.76,0.2,107.01,1.62
ORD-100604,2025-12-05,CUST-0603,Corporate,West,Furniture,7,564.18,0.0,3949.26,497.4
ORD-101406,2025-12-05,CUST-0768,Consumer,Central,Technology,9,606.7,0.0,5460.3,1758.16
ORD-103631,2025-12-06,CUST-0154,Consumer,West,Office Supplies,3,51.77,0.0,155.31,35.19
ORD-101333,2025-12-06,CUST-0206,Corporate,East,Furniture,3,191.58,0.0,574.74,102.92
ORD-103093,2025-12-06,CUST-0029,Consumer,Central,Furniture,3,386.95,0.0,1160.85,89.08
ORD-101606,2025-12-06,CUST-0589,Consumer,South,Office Supplies,7,62.82,0.3,307.82,-21.04
ORD-103295,2025-12-07,CUST-0021,Consumer,Central,Office Supplies,10,7.87,0.1,70.83,11.06
ORD-104060,2025-12-07,CUST-0649,Home Office,West,Office Supplies,7,96.17,0.0,673.19,136.39
ORD-102254,2025-12-07,CUST-0777,Consumer,North,Office Supplies,4,66.7,0.0,266.8,55.68
ORD-104784,2025-12-07,CUST-0107,Corporate,West,Technology,1,975.96,0.0,975.96,212.21
ORD-100232,2025-12-07,CUST-0145,Corporate,South,Furniture,9,382.81,0.0,3445.29,504.86
ORD-103469,2025-12-07,CUST-0079,Consumer,East,Office Supplies,4,26.71,0.0,106.84,20.09
ORD-100031,2025-12-08,CUST-0234,Consumer,Central,Office Supplies,9,66.1,0.0,594.9,110.52
ORD-102906,2025-12-08,CUST-0352,Home Office,South,Office Supplies,7,144.23,0.0,1009.61,136.13
ORD-102181,2025-12-08,CUST-0054,Consumer,West,Office Supplies,2,66.96,0.2,107.14,-2.64
ORD-100103,2025-12-09,CUST-0338,Corporate,East,Furniture,9,369.23,0.3,2326.15,-243.88
ORD-102961,2025-12-09,CUST-0606,Consumer,South,Technology,2,1182.04,0.0,2364.08,604.24
ORD-101971,2025-12-09,CUST-0293,Consumer,North,Office Supplies,1,14.12,0.05,13.41,3.33
ORD-104463,2025-12-09,CUST-0178,Home Office,East,Furniture,9,482.28,0.2,3472.42,25.84
ORD-102179,2025-12-09,CUST-0584,Corporate,North,Office Supplies,5,118.43,0.1,532.94,58.86
ORD-100612,2025-12-09,CUST-0031,Consumer,East,Technology,6,990.11,0.1,5346.59,1557.46
ORD-101402,2025-12-09,CUST-0036,Home Office,Central,Office Supplies,1,112.85,0.05,107.21,18.89
ORD-103513,2025-12-10,CUST-0639,Corporate,Central,Office Supplies,10,142.3,0.2,1138.4,-47.79
ORD-102067,2025-12-10,CUST-0017,Home Office,West,Technology,10,1040.37,0.05,9883.51,2764.79
ORD-102546,2025-12-10,CUST-0656,Home Office,Central,Furniture,3,358.13,0.0,1074.39,62.19
ORD-101270,2025-12-10,CUST-0336,Consumer,East,Office Supplies,6,112.56,0.0,675.36,125.92
ORD-104479,2025-12-10,CUST-0678,Corporate,East,Office Supplies,3,127.9,0.0,383.7,63.26
ORD-101955,2025-12-10,CUST-0276,Consumer,West,Technology,6,768.74,0.2,3689.95,185.83
ORD-101953,2025-12-10,CUST-0605,Corporate,South,Furniture,7,245.7,0.2,1375.92,-68.24
ORD-100022,2025-12-10,CUST-0490,Home Office,South,Office Supplies,5,103.85,0.0,519.25,116.58
ORD-103250,2025-12-11,CUST-0161,Consumer,West,Office Supplies,4,131.7,0.3,368.76,-30.13
ORD-100201,2025-12-11,CUST-0451,Corporate,North,Office Supplies,3,105.04,0.05,299.36,38.18
ORD-101419,2025-12-11,CUST-0493,Consumer,Central,Technology,9,560.28,0.1,4538.27,328.28
ORD-102710,2025-12-11,CUST-0707,Consumer,East,Furniture,4,159.99,0.3,447.97,-87.31
ORD-101757,2025-12-11,CUST-0570,Home Office,Central,Furniture,1,259.96,0.0,259.96,23.38
ORD-102290,2025-12-11,CUST-0551,Consumer,South,Office Supplies,8,35.23,0.2,225.47,0.12
ORD-103564,2025-12-12,CUST-0465,Consumer,Central,Office Supplies,8,112.21,0.0,897.68,182.62
ORD-104609,2025-12-12,CUST-0426,Consumer,East,Technology,8,370.84,0.05,2818.38,538.57
ORD-104451,2025-12-12,CUST-0085,Corporate,South,Office Supplies,10,25.65,0.1,230.85,30.76
ORD-102411,2025-12-13,CUST-0542,Consumer,West,Office Supplies,10,81.94,0.0,819.4,116.44
ORD-103884,2025-12-13,CUST-0407,Corporate,Central,Office Supplies,1,29.51,0.1,26.56,2.92
ORD-101374,2025-12-13,CUST-0514,Consumer,West,Furniture,7,376.72,0.1,2373.34,285.11
ORD-102896,2025-12-13,CUST-0008,Home Office,East,Technology,7,462.41,0.2,2589.5,-104.77
ORD-103735,2025-12-13,CUST-0035,Consumer,North,Office Supplies,6,126.28,0.05,719.8,139.98
ORD-103392,2025-12-13,CUST-0582,Corporate,East,Technology,7,890.76,0.05,5923.55,1105.37
ORD-103045,2025-12-14,CUST-0036,Home Office,Central,Office Supplies,4,89.47,0.1,322.09,26.72
ORD-104218,2025-12-14,CUST-0352,Home Office,South,Technology,8,753.0,0.05,5722.8,1521.77
ORD-100005,2025-12-14,CUST-0614,Corporate,South,Technology,10,950.4,0.05,9028.8,597.27
ORD-101193,2025-12-14,CUST-0733,Home Office,East,Office Supplies,3,127.67,0.0,383.01,61.66
ORD-101411,2025-12-14,CUST-0332,Corporate,East,Technology,9,503.89,0.0,4535.01,1187.74
ORD-101134,2025-12-14,CUST-0696,Corporate,South,Office Supplies,9,134.71,0.05,1151.77,88.9
ORD-101065,2025-12-14,CUST-0416,Home Office,South,Office Supplies,6,121.52,0.2,583.3,-6.75
ORD-102076,2025-12-14,CUST-0592,Consumer,West,Office Supplies,10,15.37,0.2,122.96,3.58
ORD-101435,2025-12-14,CUST-0798,Consumer,North,Furniture,3,373.48,0.0,1120.44,206.0
ORD-104230,2025-12-14,CUST-0477,Home Office,,Office Supplies,7,64.85,0.0,453.95,98.05
ORD-100624,2025-12-15,CUST-0779,Home Office,North,Technology,5,605.62,0.0,3028.1,593.57
ORD-101439,2025-12-15,CUST-0081,Consumer,East,Furniture,9,294.38,0.2,2119.54,-92.73
ORD-102056,2025-12-15,CUST-0455,Home Office,South,Office Supplies,10,45.07,0.0,450.7,49.43
ORD-104700,2025-12-15,CUST-0066,Home Office,North,Furniture,5,467.32,0.05,2219.77,203.77
ORD-104595,2025-12-15,CUST-0064,Consumer,West,Technology,8,1129.99,0.1,8135.93,1190.73
ORD-101084,2025-12-16,CUST-0012,Corporate,North,Office Supplies,1,21.26,0.0,21.26,4.65
ORD-101267,2025-12-16,CUST-0057,Consumer,West,Office Supplies,5,56.09,0.0,280.45,44.18
ORD-100872,2025-12-16,CUST-0406,Consumer,North,Technology,5,365.15,0.1,1643.18,188.06
ORD-104363,2025-12-16,CUST-0350,Corporate,South,Office Supplies,4,62.49,0.0,249.96,50.43
ORD-102998,2025-12-16,CUST-0188,Corporate,West,Office Supplies,10,118.9,0.0,1189.0,251.06
ORD-104953,2025-12-17,CUST-0385,Consumer,Central,Technology,2,354.26,0.1,637.67,87.48
ORD-100446,2025-12-17,CUST-0348,Consumer,North,Furniture,7,270.25,0.2,1513.4,-37.91
ORD-100456,2025-12-17,CUST-0286,Home Office,South,Technology,3,918.2,0.0,2754.6,656.61
ORD-100296,2025-12-17,CUST-0467,Corporate,Central,Office Supplies,3,44.85,0.1,121.1,14.17
ORD-102824,2025-12-17,CUST-0422,Consumer,South,Office Supplies,6,74.91,0.0,449.46,79.95
ORD-103990,2025-12-17,CUST-0123,Consumer,West,Technology,2,106.31,0.0,212.62,43.63
ORD-101712,2025-12-17,CUST-0674,Corporate,South,Furniture,5,494.02,0.0,2470.1,215.38
ORD-101114,2025-12-17,CUST-0448,Consumer,East,Office Supplies,5,19.1,0.05,90.72,6.58
ORD-104546,2025-12-17,CUST-0720,Home Office,East,Office Supplies,8,107.11,0.2,685.5,9.33
ORD-100598,2025-12-18,CUST-0667,Corporate,Central,Office Supplies,5,18.74,0.0,93.7,17.59
ORD-101344,2025-12-18,CUST-0548,Home Office,East,Technology,5,740.72,0.0,3703.6,417.64
ORD-102044,2025-12-18,CUST-0587,Home Office,South,Office Supplies,5,16.18,0.0,80.9,2.24
ORD-102891,2025-12-18,CUST-0123,Consumer,West,Furniture,8,448.12,0.2,2867.97,-163.04
ORD-101486,2025-12-18,CUST-0246,Corporate,West,Office Supplies,10,10.71,0.05,101.74,21.52
ORD-104583,2025-12-18,CUST-0214,Consumer,North,Furniture,9,277.66,0.3,1749.26,-222.7
ORD-100914,2025-12-19,CUST-0015,Corporate,East,Furniture,6,505.06,0.1,2727.32,161.01
ORD-101634,2025-12-19,CUST-0336,Consumer,East,Furniture,7,200.55,0.3,982.7,-163.08
ORD-100837,2025-12-19,CUST-0119,Corporate,North,Furniture,7,592.01,0.2,3315.26,-370.36
ORD-103160,2025-12-19,CUST-0282,Consumer,West,Office Supplies,1,121.62,0.1,109.46,8.28
ORD-100784,2025-12-20,CUST-0661,Consumer,South,Office Supplies,9,77.62,0.0,698.58,141.03
ORD-100913,2025-12-20,CUST-0143,Consumer,East,Furniture,7,230.04,0.0,1610.28,168.14
ORD-104943,2025-12-20,CUST-0652,Corporate,North,Furniture,9,232.85,0.05,1990.87,-61.63
ORD-103173,2025-12-20,CUST-0003,Consumer,North,Furniture,9,579.66,0.0,5216.94,414.64
ORD-101701,2025-12-20,CUST-0796,Consumer,South,Furniture,8,280.7,0.0,2245.6,235.95
ORD-103432,2025-12-20,CUST-0501,Corporate,South,Technology,2,1139.16,0.05,2164.4,464.61
ORD-100613,2025-12-20,CUST-0799,Consumer,South,Office Supplies,10,74.99,0.1,674.91,18.33
ORD-101873,2025-12-21,CUST-0192,Consumer,East,Technology,8,927.04,0.0,7416.32,2014.89
ORD-100622,2025-12-21,CUST-0796,Consumer,South,Furniture,2,528.9,0.0,1057.8,138.93
ORD-104177,2025-12-21,CUST-0145,Corporate,South,Furniture,10,562.12,0.3,3934.84,-1073.64
ORD-101872,2025-12-21,CUST-0017,Home Office,West,Technology,7,403.01,0.0,2821.07,713.24
ORD-103034,2025-12-21,CUST-0725,Consumer,Central,Office Supplies,8,61.59,0.0,492.72,101.72
ORD-102325,2025-12-21,CUST-0273,Consumer,South,Office Supplies,9,149.19,0.05,1275.57,141.49
ORD-103886,2025-12-22,CUST-0233,Consumer,West,Furniture,4,525.15,0.0,2100.6,186.18
ORD-102386,2025-12-22,CUST-0429,Consumer,East,Office Supplies,4,50.33,0.0,201.32,30.58
ORD-104602,2025-12-22,CUST-0602,Consumer,East,Office Supplies,10,34.81,0.2,278.48,-9.54
ORD-103170,2025-12-22,CUST-0595,Consumer,Central,Furniture,7,571.44,0.0,4000.08,127.28
ORD-101988,2025-12-22,CUST-0783,Consumer,East,Technology,5,380.65,0.05,1808.09,271.07
ORD-100385,2025-12-22,CUST-0098,Corporate,North,Furniture,8,253.1,0.0,2024.8,191.33
ORD-102261,2025-12-22,CUST-0230,Consumer,North,Furniture,7,375.3,0.3,1838.97,-193.76
ORD-102693,2025-12-22,CUST-0764,Home Office,West,Technology,9,1179.9,0.05,10088.14,1590.06
ORD-102940,2025-12-22,CUST-0640,Consumer,West,Office Supplies,6,67.49,0.1,364.45,44.1
ORD-102894,2025-12-22,CUST-0408,Home Office,East,Technology,8,663.8,0.0,5310.4,1184.32
ORD-101705,2025-12-22,CUST-0019,Consumer,North,Furniture,6,545.12,0.05,3107.18,-137.57
ORD-102050,2025-12-22,CUST-0085,Corporate,South,Technology,10,156.25,0.0,1562.5,311.68
ORD-103760,2025-12-23,CUST-0774,Corporate,West,Office Supplies,5,122.25,0.0,611.25,157.94
ORD-103512,2025-12-23,CUST-0290,Consumer,Central,Office Supplies,9,78.55,0.05,671.6,60.15
ORD-102793,2025-12-23,CUST-0635,Consumer,South,Furniture,9,426.44,0.05,3646.06,324.61
ORD-100980,2025-12-23,CUST-0401,Consumer,Central,Office Supplies,1,130.31,0.3,91.22,-13.31
ORD-100540,2025-12-24,CUST-0380,Home Office,West,Technology,9,162.28,0.05,1387.49,200.41
ORD-101187,2025-12-24,CUST-0008,Home Office,East,Office Supplies,1,123.98,0.1,111.58,3.9
ORD-100543,2025-12-24,CUST-0701,Consumer,South,Technology,2,360.54,0.1,648.97,59.73
ORD-102358,2025-12-24,CUST-0795,Corporate,East,Office Supplies,6,116.21,0.0,697.26,173.7
ORD-104560,2025-12-24,CUST-0129,Consumer,South,Technology,10,861.28,0.1,7751.52,594.15
ORD-101766,2025-12-24,CUST-0570,Home Office,Central,Technology,7,1069.07,0.05,7109.32,1617.96
ORD-104757,2025-12-24,CUST-0341,Home Office,South,Office Supplies,8,49.51,0.1,356.47,27.91
ORD-104542,2025-12-24,CUST-0474,Consumer,North,Office Supplies,2,72.99,0.0,145.98,32.5
ORD-101862,2025-12-24,CUST-0513,Corporate,South,Office Supplies,6,93.78,0.2,450.14,18.75
ORD-103956,2025-12-24,CUST-0606,Consumer,South,Furniture,5,387.78,0.0,1938.9,217.38
ORD-102132,2025-12-25,CUST-0247,Corporate,West,Technology,5,1129.13,0.1,5081.09,495.6
ORD-103454,2025-12-25,CUST-0201,Consumer,East,Office Supplies,2,149.39,0.2,239.02,12.93
ORD-100809,2025-12-25,CUST-0443,Corporate,South,Furniture,1,560.45,0.2,448.36,-25.43
ORD-102769,2025-12-25,CUST-0139,Corporate,South,Office Supplies,10,45.0,0.0,450.0,77.13
ORD-102395,2025-12-25,CUST-0119,Corporate,North,Office Supplies,6,49.37,0.0,296.22,54.34
ORD-102717,2025-12-25,CUST-0407,Corporate,Central,Office Supplies,7,103.71,0.05,689.67,70.78
ORD-103988,2025-12-25,CUST-0620,Corporate,North,Furniture,4,496.75,0.3,1390.9,-251.25
ORD-104468,2025-12-26,CUST-0614,Corporate,South,Technology,6,993.87,0.2,4770.58,238.16
ORD-102107,2025-12-26,CUST-0181,Home Office,North,Technology,10,124.06,0.05,1178.57,310.13
ORD-100812,2025-12-26,CUST-0405,Home Office,West,Technology,5,810.42,0.1,3646.89,241.13
ORD-103712,2025-12-26,CUST-0637,Corporate,Central,Office Supplies,4,5.84,0.05,22.19,2.87
ORD-101022,2025-12-26,CUST-0533,Corporate,West,Technology,1,895.16,0.0,895.16,124.29
ORD-101129,2025-12-26,CUST-0747,Consumer,East,Office Supplies,1,134.59,0.05,127.86,13.59
ORD-100177,2025-12-26,CUST-0750,Consumer,North,Office Supplies,10,44.38,0.0,443.8,82.7
ORD-102650,2025-12-26,CUST-0300,Consumer,West,Furniture,8,90.47,0.0,723.76,73.34
ORD-101861,2025-12-27,CUST-0794,Consumer,North,Office Supplies,8,135.93,0.05,1033.07,128.9
ORD-101618,2025-12-27,CUST-0271,Consumer,West,Office Supplies,10,70.97,0.1,638.73,107.47
ORD-102147,2025-12-27,CUST-0147,Consumer,Central,Furniture,7,179.49,0.3,879.5,-84.2
ORD-101383,2025-12-27,CUST-0085,Corporate,South,Office Supplies,2,115.25,0.2,184.4,-13.96
ORD-104288,2025-12-27,CUST-0634,Home Office,East,Office Supplies,5,104.44,0.0,522.2,54.62
ORD-100998,2025-12-27,CUST-0443,Corporate,South,Furniture,9,320.13,0.0,2881.17,182.11
ORD-104172,2025-12-28,CUST-0135,Consumer,South,Furniture,8,256.43,0.0,2051.44,196.09
ORD-101477,2025-12-28,CUST-0732,Consumer,West,Office Supplies,3,11.17,0.05,31.83,4.55
ORD-102310,2025-12-28,CUST-0168,Consumer,South,Office Supplies,3,56.12,0.2,134.69,-6.14
ORD-101578,2025-12-28,CUST-0799,Consumer,South,Furniture,5,529.73,0.0,2648.65,374.3
ORD-100527,2025-12-28,CUST-0709,Corporate,South,Office Supplies,2,52.23,0.3,73.12,-2.34
ORD-102569,2025-12-28,CUST-0671,Home Office,North,Furniture,7,517.79,0.3,2537.17,-517.71
ORD-104645,2025-12-28,CUST-0315,Corporate,South,Office Supplies,2,44.04,0.0,88.08,21.59
ORD-100710,2025-12-28,CUST-0237,Corporate,North,Technology,9,483.3,0.1,3914.73,703.08
ORD-102903,2025-12-29,CUST-0228,Consumer,South,Office Supplies,4,21.31,0.05,80.98,9.42
ORD-100404,2025-12-29,CUST-0668,Home Office,West,Office Supplies,9,130.14,0.05,1112.7,67.55
ORD-103142,2025-12-29,CUST-0026,Consumer,North,Office Supplies,6,48.49,0.2,232.75,-9.17
ORD-104124,2025-12-29,CUST-0056,Home Office,East,Office Supplies,2,84.23,0.2,134.77,4.75
ORD-104492,2025-12-29,CUST-0114,Consumer,West,Furniture,9,196.69,0.0,1770.21,109.7
ORD-101259,2025-12-29,CUST-0243,Home Office,North,Technology,10,411.73,0.3,2882.11,-105.4
ORD-104684,2025-12-29,CUST-0506,Corporate,West,Office Supplies,9,92.23,0.2,664.06,29.3
ORD-103989,2025-12-29,CUST-0638,Consumer,North,Office Supplies,7,45.52,0.0,318.64,18.77
ORD-104302,2025-12-30,CUST-0065,Consumer,Central,Office Supplies,10,148.29,0.05,1408.76,129.01
ORD-104270,2025-12-30,CUST-0370,Corporate,West,Furniture,6,500.82,0.2,2403.94,-287.71
ORD-101108,2025-12-30,CUST-0184,Home Office,East,Technology,6,734.57,0.3,3085.19,-205.19
ORD-102800,2025-12-30,CUST-0702,Home Office,South,Office Supplies,3,127.01,0.1,342.93,39.05
ORD-102440,2025-12-30,CUST-0325,Home Office,East,Technology,7,705.98,0.0,4941.86,646.51
ORD-103547,2025-12-30,CUST-0782,Corporate,East,Office Supplies,10,25.26,0.05,239.97,32.26
ORD-104781,2025-12-30,CUST-0209,Consumer,West,Furniture,9,271.85,0.1,2201.98,-34.84
ORD-100672,2025-12-30,CUST-0266,Consumer,Central,Office Supplies,7,139.21,0.0,974.47,186.44
ORD-103595,2025-12-30,CUST-0153,Corporate,South,Office Supplies,8,141.92,0.1,1021.82,33.12
ORD-100667,2025-12-31,CUST-0129,Consumer,South,Office Supplies,9,138.05,0.1,1118.21,106.64
ORD-100409,2025-12-31,CUST-0137,Consumer,East,Technology,4,866.88,0.05,3294.14,455.2
ORD-104889,2025-12-31,CUST-0039,Consumer,West,Office Supplies,9,5.73,0.05,48.99,7.6
ORD-101855,2025-12-31,CUST-0654,Home Office,South,Office Supplies,10,88.41,0.05,839.89,131.44
ORD-103874,2025-12-31,CUST-0706,Consumer,Central,Office Supplies,3,90.38,0.0,271.14,47.5
ORD-102210,2025-12-31,CUST-0707,Consumer,East,Office Supplies,10,141.73,0.2,1133.84,55.83
ORD-101130,2025-12-31,CUST-0605,Corporate,South,Office Supplies,6,66.55,0.1,359.37,66.29
ORD-102920,2025-12-31,CUST-0737,Home Office,South,Office Supplies,4,106.0,0.0,424.0,75.13
ORD-103303,2025-12-31,CUST-0792,Home Office,East,Office Supplies,5,143.72,0.3,503.02,-21.12
ORD-101560,2025-12-31,CUST-0307,Corporate,South,Office Supplies,7,49.34,0.1,310.84,25.56
ORD-101520,2023-12-01,CUST-0546,Consumer,Central,Office Supplies,1,31.73,0.0,31.73,6.97
ORD-103374,2024-08-17,CUST-0643,Consumer,North,Office Supplies,8,64.22,0.0,513.76,93.77
ORD-102110,2024-09-02,CUST-0292,Corporate,North,Technology,2,820.74,0.0,1641.48,300.59
ORD-103086,2023-09-28,CUST-0574,Consumer,North,Office Supplies,9,54.79,0.0,493.11,58.32
ORD-100309,2023-07-04,CUST-0051,Home Office,West,Furniture,8,409.58,0.2,2621.31,-253.52
ORD-102886,2023-02-01,CUST-0641,Consumer,North,Office Supplies,2,110.12,0.0,220.24,28.6
ORD-101181,2023-06-06,CUST-0342,Consumer,East,Furniture,1,477.61,0.0,477.61,72.36
ORD-104183,2024-07-18,CUST-0460,Home Office,South,Office Supplies,6,5.4,0.0,32.4,4.73
ORD-104144,2024-07-05,CUST-0490,Home Office,South,Furniture,8,469.92,0.05,3571.39,252.96
ORD-103159,2023-12-16,CUST-0768,Consumer,Central,Office Supplies,9,123.26,0.0,1109.34,241.54
ORD-103567,2024-07-16,CUST-0049,Consumer,East,Furniture,4,226.8,0.3,635.04,-96.72
ORD-102384,2023-03-04,CUST-0703,Consumer,West,Technology,10,932.06,0.0,9320.6,1788.86
ORD-100942,2023-08-25,CUST-0517,Corporate,East,Office Supplies,3,99.56,0.3,209.08,-26.95
ORD-101903,2023-07-24,CUST-0365,Corporate,East,Office Supplies,3,8.93,0.1,24.11,1.98
ORD-104807,2024-11-09,CUST-0413,Consumer,South,Office Supplies,2,50.86,0.0,101.72,21.24
ORD-103902,2025-02-19,CUST-0569,Consumer,East,Office Supplies,4,30.73,0.0,122.92,29.27
ORD-104801,2023-10-02,CUST-0430,Corporate,South,Technology,2,972.94,0.3,1362.12,-80.01
ORD-100185,2024-12-28,CUST-0275,Corporate,South,Furniture,7,376.37,0.0,2634.59,435.3
ORD-102230,2024-01-08,CUST-0060,Home Office,East,Technology,9,799.25,0.1,6473.92,902.71
ORD-102497,2023-10-04,CUST-0494,Home Office,West,Furniture,4,212.27,0.1,764.17,40.54
ORD-101833,2023-08-27,CUST-0639,Corporate,Central,Office Supplies,9,142.18,0.0,1279.62,233.71
ORD-100523,2024-11-13,CUST-0469,Consumer,North,Office Supplies,2,143.31,0.3,200.63,-9.85
ORD-103920,2023-10-08,CUST-0234,Consumer,Central,Office Supplies,9,15.25,0.0,137.25,23.95
ORD-103667,2023-06-19,CUST-0780,Consumer,Central,Furniture,4,90.69,0.0,362.76,51.88
ORD-104057,2025-11-27,CUST-0490,Home Office,South,Technology,10,1075.27,0.0,10752.7,2989.08
